0 verbose cli /opt/homebrew/Cellar/node/26.0.0/bin/node /opt/homebrew/bin/npm
1 info using npm@11.12.1
2 info using node@v26.0.0
3 silly config load:file:/opt/homebrew/lib/node_modules/npm/npmrc
4 silly config load:file:/Users/admin/Downloads/saudi-pool-services/frontend/.npmrc
5 silly config load:file:/Users/admin/.npmrc
6 silly config load:file:/opt/homebrew/etc/npmrc
7 verbose title npm install
8 verbose argv "install" "--legacy-peer-deps" "--cache" ".npm-cache"
9 verbose logfile logs-max:10 dir:/Users/admin/Downloads/saudi-pool-services/frontend/.npm-cache/_logs/2026-06-25T15_11_46_355Z-
10 verbose logfile /Users/admin/Downloads/saudi-pool-services/frontend/.npm-cache/_logs/2026-06-25T15_11_46_355Z-debug-0.log
11 silly logfile done cleaning log files
12 silly packumentCache heap:4395630592 maxSize:1098907648 maxEntrySize:549453824
13 silly idealTree buildDeps
14 silly fetch manifest @hookform/resolvers@5.0.1
15 silly packumentCache full:https://registry.npmjs.org/@hookform%2fresolvers cache-miss
16 http cache https://registry.npmjs.org/@hookform%2fresolvers 13ms (cache hit)
17 silly packumentCache full:https://registry.npmjs.org/@hookform%2fresolvers set size:883511 disposed:false
18 silly fetch manifest @radix-ui/react-accordion@1.2.8
19 silly packumentCache full:https://registry.npmjs.org/@radix-ui%2freact-accordion cache-miss
20 http cache https://registry.npmjs.org/@radix-ui%2freact-accordion 5ms (cache hit)
21 silly packumentCache full:https://registry.npmjs.org/@radix-ui%2freact-accordion set size:965801 disposed:false
22 silly fetch manifest @radix-ui/react-alert-dialog@1.1.11
23 silly packumentCache full:https://registry.npmjs.org/@radix-ui%2freact-alert-dialog cache-miss
24 http cache https://registry.npmjs.org/@radix-ui%2freact-alert-dialog 4ms (cache hit)
25 silly packumentCache full:https://registry.npmjs.org/@radix-ui%2freact-alert-dialog set size:1071959 disposed:false
26 silly fetch manifest @radix-ui/react-aspect-ratio@1.1.4
27 silly packumentCache full:https://registry.npmjs.org/@radix-ui%2freact-aspect-ratio cache-miss
28 http cache https://registry.npmjs.org/@radix-ui%2freact-aspect-ratio 6ms (cache hit)
29 silly packumentCache full:https://registry.npmjs.org/@radix-ui%2freact-aspect-ratio set size:686230 disposed:false
30 silly fetch manifest @radix-ui/react-avatar@1.1.7
31 silly packumentCache full:https://registry.npmjs.org/@radix-ui%2freact-avatar cache-miss
32 http cache https://registry.npmjs.org/@radix-ui%2freact-avatar 5ms (cache hit)
33 silly packumentCache full:https://registry.npmjs.org/@radix-ui%2freact-avatar set size:782683 disposed:false
34 silly fetch manifest @radix-ui/react-checkbox@1.2.3
35 silly packumentCache full:https://registry.npmjs.org/@radix-ui%2freact-checkbox cache-miss
36 http cache https://registry.npmjs.org/@radix-ui%2freact-checkbox 5ms (cache hit)
37 silly packumentCache full:https://registry.npmjs.org/@radix-ui%2freact-checkbox set size:956373 disposed:false
38 silly fetch manifest @radix-ui/react-collapsible@1.1.8
39 silly packumentCache full:https://registry.npmjs.org/@radix-ui%2freact-collapsible cache-miss
40 http cache https://registry.npmjs.org/@radix-ui%2freact-collapsible 4ms (cache hit)
41 silly packumentCache full:https://registry.npmjs.org/@radix-ui%2freact-collapsible set size:907824 disposed:false
42 silly fetch manifest @radix-ui/react-context-menu@2.2.12
43 silly packumentCache full:https://registry.npmjs.org/@radix-ui%2freact-context-menu cache-miss
44 http cache https://registry.npmjs.org/@radix-ui%2freact-context-menu 4ms (cache hit)
45 silly packumentCache full:https://registry.npmjs.org/@radix-ui%2freact-context-menu set size:1171226 disposed:false
46 silly fetch manifest @radix-ui/react-dialog@1.1.11
47 silly packumentCache full:https://registry.npmjs.org/@radix-ui%2freact-dialog cache-miss
48 http cache https://registry.npmjs.org/@radix-ui%2freact-dialog 4ms (cache hit)
49 silly packumentCache full:https://registry.npmjs.org/@radix-ui%2freact-dialog set size:1178507 disposed:false
50 silly fetch manifest @radix-ui/react-dropdown-menu@2.1.12
51 silly packumentCache full:https://registry.npmjs.org/@radix-ui%2freact-dropdown-menu cache-miss
52 http cache https://registry.npmjs.org/@radix-ui%2freact-dropdown-menu 4ms (cache hit)
53 silly packumentCache full:https://registry.npmjs.org/@radix-ui%2freact-dropdown-menu set size:1179552 disposed:false
54 silly fetch manifest @radix-ui/react-hover-card@1.1.11
55 silly packumentCache full:https://registry.npmjs.org/@radix-ui%2freact-hover-card cache-miss
56 http cache https://registry.npmjs.org/@radix-ui%2freact-hover-card 6ms (cache hit)
57 silly packumentCache full:https://registry.npmjs.org/@radix-ui%2freact-hover-card set size:1103865 disposed:false
58 silly fetch manifest @radix-ui/react-label@2.1.4
59 silly packumentCache full:https://registry.npmjs.org/@radix-ui%2freact-label cache-miss
60 http cache https://registry.npmjs.org/@radix-ui%2freact-label 3ms (cache hit)
61 silly packumentCache full:https://registry.npmjs.org/@radix-ui%2freact-label set size:716728 disposed:false
62 silly fetch manifest @radix-ui/react-menubar@1.1.12
63 silly packumentCache full:https://registry.npmjs.org/@radix-ui%2freact-menubar cache-miss
64 http cache https://registry.npmjs.org/@radix-ui%2freact-menubar 3ms (cache hit)
65 silly packumentCache full:https://registry.npmjs.org/@radix-ui%2freact-menubar set size:684750 disposed:false
66 silly fetch manifest @radix-ui/react-navigation-menu@1.2.10
67 silly packumentCache full:https://registry.npmjs.org/@radix-ui%2freact-navigation-menu cache-miss
68 http cache https://registry.npmjs.org/@radix-ui%2freact-navigation-menu 3ms (cache hit)
69 silly packumentCache full:https://registry.npmjs.org/@radix-ui%2freact-navigation-menu set size:943063 disposed:false
70 silly fetch manifest @radix-ui/react-popover@1.1.11
71 silly packumentCache full:https://registry.npmjs.org/@radix-ui%2freact-popover cache-miss
72 http cache https://registry.npmjs.org/@radix-ui%2freact-popover 15ms (cache hit)
73 silly packumentCache full:https://registry.npmjs.org/@radix-ui%2freact-popover set size:1230578 disposed:false
74 silly fetch manifest @radix-ui/react-progress@1.1.4
75 silly packumentCache full:https://registry.npmjs.org/@radix-ui%2freact-progress cache-miss
76 http cache https://registry.npmjs.org/@radix-ui%2freact-progress 5ms (cache hit)
77 silly packumentCache full:https://registry.npmjs.org/@radix-ui%2freact-progress set size:692748 disposed:false
78 silly fetch manifest @radix-ui/react-radio-group@1.3.4
79 silly packumentCache full:https://registry.npmjs.org/@radix-ui%2freact-radio-group cache-miss
80 http cache https://registry.npmjs.org/@radix-ui%2freact-radio-group 4ms (cache hit)
81 silly packumentCache full:https://registry.npmjs.org/@radix-ui%2freact-radio-group set size:1042489 disposed:false
82 silly fetch manifest @radix-ui/react-scroll-area@1.2.6
83 silly packumentCache full:https://registry.npmjs.org/@radix-ui%2freact-scroll-area cache-miss
84 http cache https://registry.npmjs.org/@radix-ui%2freact-scroll-area 3ms (cache hit)
85 silly packumentCache full:https://registry.npmjs.org/@radix-ui%2freact-scroll-area set size:1001969 disposed:false
86 silly fetch manifest @radix-ui/react-select@2.2.2
87 silly packumentCache full:https://registry.npmjs.org/@radix-ui%2freact-select cache-miss
88 http cache https://registry.npmjs.org/@radix-ui%2freact-select 3ms (cache hit)
89 silly packumentCache full:https://registry.npmjs.org/@radix-ui%2freact-select set size:1095901 disposed:false
90 silly fetch manifest @radix-ui/react-separator@1.1.4
91 silly packumentCache full:https://registry.npmjs.org/@radix-ui%2freact-separator cache-miss
92 http cache https://registry.npmjs.org/@radix-ui%2freact-separator 5ms (cache hit)
93 silly packumentCache full:https://registry.npmjs.org/@radix-ui%2freact-separator set size:684747 disposed:false
94 silly fetch manifest @radix-ui/react-slider@1.3.2
95 silly packumentCache full:https://registry.npmjs.org/@radix-ui%2freact-slider cache-miss
96 http cache https://registry.npmjs.org/@radix-ui%2freact-slider 3ms (cache hit)
97 silly packumentCache full:https://registry.npmjs.org/@radix-ui%2freact-slider set size:954191 disposed:false
98 silly fetch manifest @radix-ui/react-slot@1.2.0
99 silly packumentCache full:https://registry.npmjs.org/@radix-ui%2freact-slot cache-miss
100 http cache https://registry.npmjs.org/@radix-ui%2freact-slot 3ms (cache hit)
101 silly packumentCache full:https://registry.npmjs.org/@radix-ui%2freact-slot set size:466158 disposed:false
102 silly fetch manifest @radix-ui/react-switch@1.2.2
103 silly packumentCache full:https://registry.npmjs.org/@radix-ui%2freact-switch cache-miss
104 http cache https://registry.npmjs.org/@radix-ui%2freact-switch 5ms (cache hit)
105 silly packumentCache full:https://registry.npmjs.org/@radix-ui%2freact-switch set size:826734 disposed:false
106 silly fetch manifest @radix-ui/react-tabs@1.1.9
107 silly packumentCache full:https://registry.npmjs.org/@radix-ui%2freact-tabs cache-miss
108 http cache https://registry.npmjs.org/@radix-ui%2freact-tabs 4ms (cache hit)
109 silly packumentCache full:https://registry.npmjs.org/@radix-ui%2freact-tabs set size:984266 disposed:false
110 silly fetch manifest @radix-ui/react-toast@1.2.11
111 silly packumentCache full:https://registry.npmjs.org/@radix-ui%2freact-toast cache-miss
112 http cache https://registry.npmjs.org/@radix-ui%2freact-toast 3ms (cache hit)
113 silly packumentCache full:https://registry.npmjs.org/@radix-ui%2freact-toast set size:928803 disposed:false
114 silly fetch manifest @radix-ui/react-toggle@1.1.6
115 silly packumentCache full:https://registry.npmjs.org/@radix-ui%2freact-toggle cache-miss
116 http cache https://registry.npmjs.org/@radix-ui%2freact-toggle 4ms (cache hit)
117 silly packumentCache full:https://registry.npmjs.org/@radix-ui%2freact-toggle set size:752952 disposed:false
118 silly fetch manifest @radix-ui/react-toggle-group@1.1.7
119 silly packumentCache full:https://registry.npmjs.org/@radix-ui%2freact-toggle-group cache-miss
120 http cache https://registry.npmjs.org/@radix-ui%2freact-toggle-group 6ms (cache hit)
121 silly packumentCache full:https://registry.npmjs.org/@radix-ui%2freact-toggle-group set size:929186 disposed:false
122 silly fetch manifest @radix-ui/react-tooltip@1.2.4
123 silly packumentCache full:https://registry.npmjs.org/@radix-ui%2freact-tooltip cache-miss
124 http cache https://registry.npmjs.org/@radix-ui%2freact-tooltip 6ms (cache hit)
125 silly packumentCache full:https://registry.npmjs.org/@radix-ui%2freact-tooltip set size:1236060 disposed:false
126 silly fetch manifest @tanstack/react-query@5.56.2
127 silly packumentCache full:https://registry.npmjs.org/@tanstack%2freact-query cache-miss
128 http cache https://registry.npmjs.org/@tanstack%2freact-query 5ms (cache hit)
129 silly packumentCache full:https://registry.npmjs.org/@tanstack%2freact-query set size:1612910 disposed:false
130 silly fetch manifest axios@1.16.0
131 silly packumentCache full:https://registry.npmjs.org/axios cache-miss
132 http cache https://registry.npmjs.org/axios 5ms (cache hit)
133 silly packumentCache full:https://registry.npmjs.org/axios set size:844109 disposed:false
134 silly fetch manifest class-variance-authority@0.7.1
135 silly packumentCache full:https://registry.npmjs.org/class-variance-authority cache-miss
136 http cache https://registry.npmjs.org/class-variance-authority 2ms (cache hit)
137 silly packumentCache full:https://registry.npmjs.org/class-variance-authority set size:96388 disposed:false
138 silly fetch manifest clsx@2.1.1
139 silly packumentCache full:https://registry.npmjs.org/clsx cache-miss
140 http cache https://registry.npmjs.org/clsx 2ms (cache hit)
141 silly packumentCache full:https://registry.npmjs.org/clsx set size:42506 disposed:false
142 silly fetch manifest cmdk@1.1.1
143 silly packumentCache full:https://registry.npmjs.org/cmdk cache-miss
144 http cache https://registry.npmjs.org/cmdk 2ms (cache hit)
145 silly packumentCache full:https://registry.npmjs.org/cmdk set size:102891 disposed:false
146 silly fetch manifest cra-template@1.2.0
147 silly packumentCache full:https://registry.npmjs.org/cra-template cache-miss
148 http cache https://registry.npmjs.org/cra-template 3ms (cache hit)
149 silly packumentCache full:https://registry.npmjs.org/cra-template set size:67406 disposed:false
150 silly fetch manifest date-fns@4.1.0
151 silly packumentCache full:https://registry.npmjs.org/date-fns cache-miss
152 http cache https://registry.npmjs.org/date-fns 8ms (cache hit)
153 silly packumentCache full:https://registry.npmjs.org/date-fns set size:4144741 disposed:false
154 silly fetch manifest dayjs@1.11.13
155 silly packumentCache full:https://registry.npmjs.org/dayjs cache-miss
156 http cache https://registry.npmjs.org/dayjs 10ms (cache hit)
157 silly packumentCache full:https://registry.npmjs.org/dayjs set size:489321 disposed:false
158 silly fetch manifest embla-carousel-react@8.6.0
159 silly packumentCache full:https://registry.npmjs.org/embla-carousel-react cache-miss
160 http cache https://registry.npmjs.org/embla-carousel-react 3ms (cache hit)
161 silly packumentCache full:https://registry.npmjs.org/embla-carousel-react set size:398957 disposed:false
162 silly fetch manifest framer-motion@11.18.0
163 silly packumentCache full:https://registry.npmjs.org/framer-motion cache-miss
164 http cache https://registry.npmjs.org/framer-motion 19ms (cache hit)
165 silly packumentCache full:https://registry.npmjs.org/framer-motion set size:10022023 disposed:false
166 silly fetch manifest input-otp@1.4.2
167 silly packumentCache full:https://registry.npmjs.org/input-otp cache-miss
168 http cache https://registry.npmjs.org/input-otp 8ms (cache hit)
169 silly packumentCache full:https://registry.npmjs.org/input-otp set size:85904 disposed:false
170 silly fetch manifest lodash@4.18.1
171 silly packumentCache full:https://registry.npmjs.org/lodash cache-miss
172 http cache https://registry.npmjs.org/lodash 2ms (cache hit)
173 silly packumentCache full:https://registry.npmjs.org/lodash set size:247652 disposed:false
174 silly fetch manifest lucide-react@0.516.0
175 silly packumentCache full:https://registry.npmjs.org/lucide-react cache-miss
176 http cache https://registry.npmjs.org/lucide-react 5ms (cache hit)
177 silly packumentCache full:https://registry.npmjs.org/lucide-react set size:2278647 disposed:false
178 silly fetch manifest next-themes@0.4.6
179 silly packumentCache full:https://registry.npmjs.org/next-themes cache-miss
180 http cache https://registry.npmjs.org/next-themes 3ms (cache hit)
181 silly packumentCache full:https://registry.npmjs.org/next-themes set size:162039 disposed:false
182 silly fetch manifest react@19.0.0
183 silly packumentCache full:https://registry.npmjs.org/react cache-miss
184 http cache https://registry.npmjs.org/react 13ms (cache hit)
185 silly packumentCache full:https://registry.npmjs.org/react set size:6733629 disposed:false
186 silly fetch manifest react-day-picker@8.10.1
187 silly packumentCache full:https://registry.npmjs.org/react-day-picker cache-miss
188 http cache https://registry.npmjs.org/react-day-picker 4ms (cache hit)
189 silly packumentCache full:https://registry.npmjs.org/react-day-picker set size:1169083 disposed:false
190 silly fetch manifest react-dom@19.0.0
191 silly packumentCache full:https://registry.npmjs.org/react-dom cache-miss
192 http cache https://registry.npmjs.org/react-dom 18ms (cache hit)
193 silly packumentCache full:https://registry.npmjs.org/react-dom set size:9003652 disposed:false
194 silly fetch manifest react-hook-form@7.56.2
195 silly packumentCache full:https://registry.npmjs.org/react-hook-form cache-miss
196 http cache https://registry.npmjs.org/react-hook-form 12ms (cache hit)
197 silly packumentCache full:https://registry.npmjs.org/react-hook-form set size:5169087 disposed:false
198 silly fetch manifest react-resizable-panels@3.0.1
199 silly packumentCache full:https://registry.npmjs.org/react-resizable-panels cache-miss
200 http cache https://registry.npmjs.org/react-resizable-panels 4ms (cache hit)
201 silly packumentCache full:https://registry.npmjs.org/react-resizable-panels set size:808060 disposed:false
202 silly fetch manifest react-router-dom@7.15.0
203 silly packumentCache full:https://registry.npmjs.org/react-router-dom cache-miss
204 http cache https://registry.npmjs.org/react-router-dom 6ms (cache hit)
205 silly packumentCache full:https://registry.npmjs.org/react-router-dom set size:2885156 disposed:false
206 silly fetch manifest react-scripts@5.0.1
207 silly packumentCache full:https://registry.npmjs.org/react-scripts cache-miss
208 http cache https://registry.npmjs.org/react-scripts 3ms (cache hit)
209 silly packumentCache full:https://registry.npmjs.org/react-scripts set size:485610 disposed:false
210 silly fetch manifest recharts@3.6.0
211 silly packumentCache full:https://registry.npmjs.org/recharts cache-miss
212 http cache https://registry.npmjs.org/recharts 4ms (cache hit)
213 silly packumentCache full:https://registry.npmjs.org/recharts set size:1408608 disposed:false
214 silly fetch manifest sonner@2.0.3
215 silly packumentCache full:https://registry.npmjs.org/sonner cache-miss
216 http cache https://registry.npmjs.org/sonner 2ms (cache hit)
217 silly packumentCache full:https://registry.npmjs.org/sonner set size:143249 disposed:false
218 silly fetch manifest swr@2.3.8
219 silly packumentCache full:https://registry.npmjs.org/swr cache-miss
220 http cache https://registry.npmjs.org/swr 4ms (cache hit)
221 silly packumentCache full:https://registry.npmjs.org/swr set size:1247787 disposed:false
222 silly fetch manifest tailwind-merge@3.2.0
223 silly packumentCache full:https://registry.npmjs.org/tailwind-merge cache-miss
224 http cache https://registry.npmjs.org/tailwind-merge 5ms (cache hit)
225 silly packumentCache full:https://registry.npmjs.org/tailwind-merge set size:1633575 disposed:false
226 silly fetch manifest tailwindcss-animate@1.0.7
227 silly packumentCache full:https://registry.npmjs.org/tailwindcss-animate cache-miss
228 http cache https://registry.npmjs.org/tailwindcss-animate 2ms (cache hit)
229 silly packumentCache full:https://registry.npmjs.org/tailwindcss-animate set size:29893 disposed:false
230 silly fetch manifest vaul@1.1.2
231 silly packumentCache full:https://registry.npmjs.org/vaul cache-miss
232 http cache https://registry.npmjs.org/vaul 3ms (cache hit)
233 silly packumentCache full:https://registry.npmjs.org/vaul set size:132229 disposed:false
234 silly fetch manifest zod@3.24.4
235 silly packumentCache full:https://registry.npmjs.org/zod cache-miss
236 http cache https://registry.npmjs.org/zod 10ms (cache hit)
237 silly packumentCache full:https://registry.npmjs.org/zod set size:3552562 disposed:false
238 silly fetch manifest @babel/plugin-proposal-private-property-in-object@7.21.11
239 silly packumentCache full:https://registry.npmjs.org/@babel%2fplugin-proposal-private-property-in-object cache-miss
240 http cache https://registry.npmjs.org/@babel%2fplugin-proposal-private-property-in-object 2ms (cache hit)
241 silly packumentCache full:https://registry.npmjs.org/@babel%2fplugin-proposal-private-property-in-object set size:80252 disposed:false
242 silly fetch manifest @craco/craco@7.1.0
243 silly packumentCache full:https://registry.npmjs.org/@craco%2fcraco cache-miss
244 http cache https://registry.npmjs.org/@craco%2fcraco 2ms (cache hit)
245 silly packumentCache full:https://registry.npmjs.org/@craco%2fcraco set size:594882 disposed:false
246 silly fetch manifest @emergentbase/visual-edits@https://assets.emergent.sh/npm/emergentbase-visual-edits-1.0.12.tgz
247 http cache https://assets.emergent.sh/npm/emergentbase-visual-edits-1.0.12.tgz 9ms (cache hit)
248 silly fetch manifest @eslint/js@9.23.0
249 silly packumentCache full:https://registry.npmjs.org/@eslint%2fjs cache-miss
250 http cache https://registry.npmjs.org/@eslint%2fjs 2ms (cache hit)
251 silly packumentCache full:https://registry.npmjs.org/@eslint%2fjs set size:140022 disposed:false
252 silly fetch manifest @types/lodash@4.17.24
253 silly packumentCache full:https://registry.npmjs.org/@types%2flodash cache-miss
254 http cache https://registry.npmjs.org/@types%2flodash 2ms (cache hit)
255 silly packumentCache full:https://registry.npmjs.org/@types%2flodash set size:492271 disposed:false
256 silly fetch manifest autoprefixer@10.4.20
257 silly packumentCache full:https://registry.npmjs.org/autoprefixer cache-miss
258 http cache https://registry.npmjs.org/autoprefixer 4ms (cache hit)
259 silly packumentCache full:https://registry.npmjs.org/autoprefixer set size:1343077 disposed:false
260 silly fetch manifest dotenv@16.4.5
261 silly packumentCache full:https://registry.npmjs.org/dotenv cache-miss
262 http cache https://registry.npmjs.org/dotenv 3ms (cache hit)
263 silly packumentCache full:https://registry.npmjs.org/dotenv set size:277818 disposed:false
264 silly fetch manifest eslint@9.23.0
265 silly packumentCache full:https://registry.npmjs.org/eslint cache-miss
266 http cache https://registry.npmjs.org/eslint 21ms (cache hit)
267 silly packumentCache full:https://registry.npmjs.org/eslint set size:2011545 disposed:false
268 silly fetch manifest eslint-plugin-import@2.31.0
269 silly packumentCache full:https://registry.npmjs.org/eslint-plugin-import cache-miss
270 http cache https://registry.npmjs.org/eslint-plugin-import 3ms (cache hit)
271 silly packumentCache full:https://registry.npmjs.org/eslint-plugin-import set size:484928 disposed:false
272 silly fetch manifest eslint-plugin-jsx-a11y@6.10.2
273 silly packumentCache full:https://registry.npmjs.org/eslint-plugin-jsx-a11y cache-miss
274 http cache https://registry.npmjs.org/eslint-plugin-jsx-a11y 3ms (cache hit)
275 silly packumentCache full:https://registry.npmjs.org/eslint-plugin-jsx-a11y set size:280052 disposed:false
276 silly fetch manifest eslint-plugin-react@7.37.4
277 silly packumentCache full:https://registry.npmjs.org/eslint-plugin-react cache-miss
278 http cache https://registry.npmjs.org/eslint-plugin-react 3ms (cache hit)
279 silly packumentCache full:https://registry.npmjs.org/eslint-plugin-react set size:646827 disposed:false
280 silly fetch manifest eslint-plugin-react-hooks@5.2.0
281 silly packumentCache full:https://registry.npmjs.org/eslint-plugin-react-hooks cache-miss
282 http cache https://registry.npmjs.org/eslint-plugin-react-hooks 16ms (cache hit)
283 silly packumentCache full:https://registry.npmjs.org/eslint-plugin-react-hooks set size:7478405 disposed:false
284 silly fetch manifest globals@15.15.0
285 silly packumentCache full:https://registry.npmjs.org/globals cache-miss
286 http cache https://registry.npmjs.org/globals 4ms (cache hit)
287 silly packumentCache full:https://registry.npmjs.org/globals set size:319673 disposed:false
288 silly fetch manifest postcss@8.5.10
289 silly packumentCache full:https://registry.npmjs.org/postcss cache-miss
290 http cache https://registry.npmjs.org/postcss 4ms (cache hit)
291 silly packumentCache full:https://registry.npmjs.org/postcss set size:723316 disposed:false
292 silly fetch manifest tailwindcss@3.4.17
293 silly packumentCache full:https://registry.npmjs.org/tailwindcss cache-miss
294 http cache https://registry.npmjs.org/tailwindcss 20ms (cache hit)
295 silly packumentCache full:https://registry.npmjs.org/tailwindcss set size:10696903 disposed:false
296 silly placeDep ROOT @babel/plugin-proposal-private-property-in-object@7.21.11 OK for: frontend@0.1.0 want: 7.21.11
297 silly placeDep ROOT @craco/craco@7.1.0 OK for: frontend@0.1.0 want: 7.1.0
298 silly placeDep ROOT @emergentbase/visual-edits@1.0.12 OK for: frontend@0.1.0 want: https://assets.emergent.sh/npm/emergentbase-visual-edits-1.0.12.tgz
299 silly placeDep ROOT @eslint/js@9.23.0 OK for: frontend@0.1.0 want: 9.23.0
300 silly placeDep ROOT @hookform/resolvers@5.0.1 OK for: frontend@0.1.0 want: 5.0.1
301 silly placeDep ROOT @radix-ui/react-accordion@1.2.8 OK for: frontend@0.1.0 want: 1.2.8
302 silly placeDep ROOT @radix-ui/react-alert-dialog@1.1.11 OK for: frontend@0.1.0 want: 1.1.11
303 silly placeDep ROOT @radix-ui/react-aspect-ratio@1.1.4 OK for: frontend@0.1.0 want: 1.1.4
304 silly placeDep ROOT @radix-ui/react-avatar@1.1.7 OK for: frontend@0.1.0 want: 1.1.7
305 silly placeDep ROOT @radix-ui/react-checkbox@1.2.3 OK for: frontend@0.1.0 want: 1.2.3
306 silly placeDep ROOT @radix-ui/react-collapsible@1.1.8 OK for: frontend@0.1.0 want: 1.1.8
307 silly placeDep ROOT @radix-ui/react-context-menu@2.2.12 OK for: frontend@0.1.0 want: 2.2.12
308 silly placeDep ROOT @radix-ui/react-dialog@1.1.11 OK for: frontend@0.1.0 want: 1.1.11
309 silly placeDep ROOT @radix-ui/react-dropdown-menu@2.1.12 OK for: frontend@0.1.0 want: 2.1.12
310 silly placeDep ROOT @radix-ui/react-hover-card@1.1.11 OK for: frontend@0.1.0 want: 1.1.11
311 silly placeDep ROOT @radix-ui/react-label@2.1.4 OK for: frontend@0.1.0 want: 2.1.4
312 silly placeDep ROOT @radix-ui/react-menubar@1.1.12 OK for: frontend@0.1.0 want: 1.1.12
313 silly placeDep ROOT @radix-ui/react-navigation-menu@1.2.10 OK for: frontend@0.1.0 want: 1.2.10
314 silly placeDep ROOT @radix-ui/react-popover@1.1.11 OK for: frontend@0.1.0 want: 1.1.11
315 silly placeDep ROOT @radix-ui/react-progress@1.1.4 OK for: frontend@0.1.0 want: 1.1.4
316 silly placeDep ROOT @radix-ui/react-radio-group@1.3.4 OK for: frontend@0.1.0 want: 1.3.4
317 silly placeDep ROOT @radix-ui/react-scroll-area@1.2.6 OK for: frontend@0.1.0 want: 1.2.6
318 silly placeDep ROOT @radix-ui/react-select@2.2.2 OK for: frontend@0.1.0 want: 2.2.2
319 silly placeDep ROOT @radix-ui/react-separator@1.1.4 OK for: frontend@0.1.0 want: 1.1.4
320 silly placeDep ROOT @radix-ui/react-slider@1.3.2 OK for: frontend@0.1.0 want: 1.3.2
321 silly placeDep ROOT @radix-ui/react-slot@1.2.0 OK for: frontend@0.1.0 want: 1.2.0
322 silly placeDep ROOT @radix-ui/react-switch@1.2.2 OK for: frontend@0.1.0 want: 1.2.2
323 silly placeDep ROOT @radix-ui/react-tabs@1.1.9 OK for: frontend@0.1.0 want: 1.1.9
324 silly placeDep ROOT @radix-ui/react-toast@1.2.11 OK for: frontend@0.1.0 want: 1.2.11
325 silly placeDep ROOT @radix-ui/react-toggle@1.1.6 OK for: frontend@0.1.0 want: 1.1.6
326 silly placeDep ROOT @radix-ui/react-toggle-group@1.1.7 OK for: frontend@0.1.0 want: 1.1.7
327 silly placeDep ROOT @radix-ui/react-tooltip@1.2.4 OK for: frontend@0.1.0 want: 1.2.4
328 silly placeDep ROOT @tanstack/react-query@5.56.2 OK for: frontend@0.1.0 want: 5.56.2
329 silly placeDep ROOT @types/lodash@4.17.24 OK for: frontend@0.1.0 want: 4.17.24
330 silly placeDep ROOT autoprefixer@10.4.20 OK for: frontend@0.1.0 want: 10.4.20
331 silly placeDep ROOT axios@1.16.0 OK for: frontend@0.1.0 want: 1.16.0
332 silly placeDep ROOT class-variance-authority@0.7.1 OK for: frontend@0.1.0 want: 0.7.1
333 silly placeDep ROOT clsx@2.1.1 OK for: frontend@0.1.0 want: 2.1.1
334 silly placeDep ROOT cmdk@1.1.1 OK for: frontend@0.1.0 want: 1.1.1
335 silly placeDep ROOT cra-template@1.2.0 OK for: frontend@0.1.0 want: 1.2.0
336 silly placeDep ROOT date-fns@4.1.0 OK for: frontend@0.1.0 want: 4.1.0
337 silly placeDep ROOT dayjs@1.11.13 OK for: frontend@0.1.0 want: 1.11.13
338 silly placeDep ROOT dotenv@16.4.5 OK for: frontend@0.1.0 want: 16.4.5
339 silly placeDep ROOT embla-carousel-react@8.6.0 OK for: frontend@0.1.0 want: 8.6.0
340 silly placeDep ROOT eslint@9.23.0 OK for: frontend@0.1.0 want: 9.23.0
341 silly placeDep ROOT eslint-plugin-import@2.31.0 OK for: frontend@0.1.0 want: 2.31.0
342 silly placeDep ROOT eslint-plugin-jsx-a11y@6.10.2 OK for: frontend@0.1.0 want: 6.10.2
343 silly placeDep ROOT eslint-plugin-react@7.37.4 OK for: frontend@0.1.0 want: 7.37.4
344 silly placeDep ROOT eslint-plugin-react-hooks@5.2.0 OK for: frontend@0.1.0 want: 5.2.0
345 silly placeDep ROOT framer-motion@11.18.0 OK for: frontend@0.1.0 want: 11.18.0
346 silly placeDep ROOT globals@15.15.0 OK for: frontend@0.1.0 want: 15.15.0
347 silly placeDep ROOT input-otp@1.4.2 OK for: frontend@0.1.0 want: 1.4.2
348 silly placeDep ROOT lodash@4.18.1 OK for: frontend@0.1.0 want: 4.18.1
349 silly placeDep ROOT lucide-react@0.516.0 OK for: frontend@0.1.0 want: 0.516.0
350 silly placeDep ROOT next-themes@0.4.6 OK for: frontend@0.1.0 want: 0.4.6
351 silly placeDep ROOT postcss@8.5.10 OK for: frontend@0.1.0 want: 8.5.10
352 silly placeDep ROOT react@19.0.0 OK for: frontend@0.1.0 want: 19.0.0
353 silly placeDep ROOT react-day-picker@8.10.1 OK for: frontend@0.1.0 want: 8.10.1
354 silly placeDep ROOT react-dom@19.0.0 OK for: frontend@0.1.0 want: 19.0.0
355 silly placeDep ROOT react-hook-form@7.56.2 OK for: frontend@0.1.0 want: 7.56.2
356 silly placeDep ROOT react-resizable-panels@3.0.1 OK for: frontend@0.1.0 want: 3.0.1
357 silly placeDep ROOT react-router-dom@7.15.0 OK for: frontend@0.1.0 want: 7.15.0
358 silly placeDep ROOT react-scripts@5.0.1 OK for: frontend@0.1.0 want: 5.0.1
359 silly placeDep ROOT recharts@3.6.0 OK for: frontend@0.1.0 want: 3.6.0
360 silly placeDep ROOT sonner@2.0.3 OK for: frontend@0.1.0 want: 2.0.3
361 silly placeDep ROOT swr@2.3.8 OK for: frontend@0.1.0 want: 2.3.8
362 silly placeDep ROOT tailwind-merge@3.2.0 OK for: frontend@0.1.0 want: 3.2.0
363 silly placeDep ROOT tailwindcss@3.4.17 OK for: frontend@0.1.0 want: 3.4.17
364 silly placeDep ROOT tailwindcss-animate@1.0.7 OK for: frontend@0.1.0 want: 1.0.7
365 silly placeDep ROOT vaul@1.1.2 OK for: frontend@0.1.0 want: 1.1.2
366 silly placeDep ROOT zod@3.24.4 OK for: frontend@0.1.0 want: 3.24.4
367 silly fetch manifest @babel/helper-annotate-as-pure@^7.18.6
368 silly packumentCache full:https://registry.npmjs.org/@babel%2fhelper-annotate-as-pure cache-miss
369 silly fetch manifest @babel/helper-create-class-features-plugin@^7.21.0
370 silly packumentCache full:https://registry.npmjs.org/@babel%2fhelper-create-class-features-plugin cache-miss
371 silly fetch manifest @babel/helper-plugin-utils@^7.20.2
372 silly packumentCache full:https://registry.npmjs.org/@babel%2fhelper-plugin-utils cache-miss
373 silly fetch manifest @babel/plugin-syntax-private-property-in-object@^7.14.5
374 silly packumentCache full:https://registry.npmjs.org/@babel%2fplugin-syntax-private-property-in-object cache-miss
375 silly fetch manifest autoprefixer@^10.4.12
376 silly packumentCache full:https://registry.npmjs.org/autoprefixer cache-miss
377 silly fetch manifest cosmiconfig@^7.0.1
378 silly packumentCache full:https://registry.npmjs.org/cosmiconfig cache-miss
379 silly fetch manifest cosmiconfig-typescript-loader@^1.0.0
380 silly packumentCache full:https://registry.npmjs.org/cosmiconfig-typescript-loader cache-miss
381 http cache https://registry.npmjs.org/@babel%2fhelper-annotate-as-pure 8ms (cache hit)
382 silly packumentCache full:https://registry.npmjs.org/@babel%2fhelper-annotate-as-pure set size:181560 disposed:false
383 silly fetch manifest cross-spawn@^7.0.3
384 silly packumentCache full:https://registry.npmjs.org/cross-spawn cache-miss
385 http cache https://registry.npmjs.org/@babel%2fhelper-create-class-features-plugin 12ms (cache hit)
386 silly packumentCache full:https://registry.npmjs.org/@babel%2fhelper-create-class-features-plugin set size:382403 disposed:false
387 silly fetch manifest lodash@^4.17.21
388 silly packumentCache full:https://registry.npmjs.org/lodash cache-hit
389 silly fetch manifest semver@^7.3.7
390 silly packumentCache full:https://registry.npmjs.org/semver cache-miss
391 http cache https://registry.npmjs.org/@babel%2fhelper-plugin-utils 16ms (cache hit)
392 silly packumentCache full:https://registry.npmjs.org/@babel%2fhelper-plugin-utils set size:175564 disposed:false
393 silly fetch manifest webpack-merge@^5.8.0
394 silly packumentCache full:https://registry.npmjs.org/webpack-merge cache-miss
395 http cache https://registry.npmjs.org/autoprefixer 19ms (cache hit)
396 silly packumentCache full:https://registry.npmjs.org/autoprefixer set size:1343077 disposed:false
397 silly fetch manifest @standard-schema/utils@^0.3.0
398 silly packumentCache full:https://registry.npmjs.org/@standard-schema%2futils cache-miss
399 http cache https://registry.npmjs.org/@babel%2fplugin-syntax-private-property-in-object 28ms (cache hit)
400 silly packumentCache full:https://registry.npmjs.org/@babel%2fplugin-syntax-private-property-in-object set size:6479 disposed:false
401 silly fetch manifest @radix-ui/react-id@1.1.1
402 silly packumentCache full:https://registry.npmjs.org/@radix-ui%2freact-id cache-miss
403 http cache https://registry.npmjs.org/cosmiconfig-typescript-loader 29ms (cache hit)
404 silly packumentCache full:https://registry.npmjs.org/cosmiconfig-typescript-loader set size:120546 disposed:false
405 silly fetch manifest @radix-ui/primitive@1.1.2
406 silly packumentCache full:https://registry.npmjs.org/@radix-ui%2fprimitive cache-miss
407 http cache https://registry.npmjs.org/cosmiconfig 31ms (cache hit)
408 silly packumentCache full:https://registry.npmjs.org/cosmiconfig set size:200670 disposed:false
409 silly fetch manifest @radix-ui/react-context@1.1.2
410 silly packumentCache full:https://registry.npmjs.org/@radix-ui%2freact-context cache-miss
411 http cache https://registry.npmjs.org/webpack-merge 19ms (cache hit)
412 silly packumentCache full:https://registry.npmjs.org/webpack-merge set size:237952 disposed:false
413 silly fetch manifest @radix-ui/react-direction@1.1.1
414 silly packumentCache full:https://registry.npmjs.org/@radix-ui%2freact-direction cache-miss
415 http cache https://registry.npmjs.org/@radix-ui%2freact-id 11ms (cache hit)
416 silly packumentCache full:https://registry.npmjs.org/@radix-ui%2freact-id set size:353653 disposed:false
417 silly fetch manifest @radix-ui/react-primitive@2.1.0
418 silly packumentCache full:https://registry.npmjs.org/@radix-ui%2freact-primitive cache-miss
419 http cache https://registry.npmjs.org/@standard-schema%2futils 14ms (cache hit)
420 silly packumentCache full:https://registry.npmjs.org/@standard-schema%2futils set size:15545 disposed:false
421 silly fetch manifest @radix-ui/react-collection@1.1.4
422 silly packumentCache full:https://registry.npmjs.org/@radix-ui%2freact-collection cache-miss
423 http cache https://registry.npmjs.org/semver 28ms (cache hit)
424 silly packumentCache full:https://registry.npmjs.org/semver set size:246125 disposed:false
425 silly fetch manifest @radix-ui/react-compose-refs@1.1.2
426 silly packumentCache full:https://registry.npmjs.org/@radix-ui%2freact-compose-refs cache-miss
427 http cache https://registry.npmjs.org/cross-spawn 35ms (cache hit)
428 silly packumentCache full:https://registry.npmjs.org/cross-spawn set size:109066 disposed:false
429 silly fetch manifest @radix-ui/react-use-controllable-state@1.2.2
430 silly packumentCache full:https://registry.npmjs.org/@radix-ui%2freact-use-controllable-state cache-miss
431 http cache https://registry.npmjs.org/@radix-ui%2fprimitive 16ms (cache hit)
432 silly packumentCache full:https://registry.npmjs.org/@radix-ui%2fprimitive set size:189346 disposed:false
433 silly fetch manifest @radix-ui/react-context@1.1.2
434 silly packumentCache full:https://registry.npmjs.org/@radix-ui%2freact-context cache-miss
435 http cache https://registry.npmjs.org/@radix-ui%2freact-context 17ms (cache hit)
436 silly packumentCache full:https://registry.npmjs.org/@radix-ui%2freact-context set size:294181 disposed:false
437 silly fetch manifest @radix-ui/react-primitive@2.1.0
438 silly packumentCache full:https://registry.npmjs.org/@radix-ui%2freact-primitive cache-miss
439 http cache https://registry.npmjs.org/@radix-ui%2freact-compose-refs 9ms (cache hit)
440 silly packumentCache full:https://registry.npmjs.org/@radix-ui%2freact-compose-refs set size:247624 disposed:false
441 silly fetch manifest @radix-ui/react-primitive@2.1.0
442 silly packumentCache full:https://registry.npmjs.org/@radix-ui%2freact-primitive cache-miss
443 http cache https://registry.npmjs.org/@radix-ui%2freact-context 9ms (cache hit)
444 silly packumentCache full:https://registry.npmjs.org/@radix-ui%2freact-context set size:294181 disposed:false
445 silly packumentCache full:https://registry.npmjs.org/@radix-ui%2freact-context dispose
446 silly fetch manifest @radix-ui/react-primitive@2.1.0
447 silly packumentCache full:https://registry.npmjs.org/@radix-ui%2freact-primitive cache-miss
448 http cache https://registry.npmjs.org/@radix-ui%2freact-collection 18ms (cache hit)
449 silly packumentCache full:https://registry.npmjs.org/@radix-ui%2freact-collection set size:758617 disposed:false
450 silly fetch manifest @radix-ui/react-use-is-hydrated@0.1.0
451 silly packumentCache full:https://registry.npmjs.org/@radix-ui%2freact-use-is-hydrated cache-miss
452 http cache https://registry.npmjs.org/@radix-ui%2freact-direction 24ms (cache hit)
453 silly packumentCache full:https://registry.npmjs.org/@radix-ui%2freact-direction set size:295971 disposed:false
454 silly fetch manifest @radix-ui/react-use-callback-ref@1.1.1
455 silly packumentCache full:https://registry.npmjs.org/@radix-ui%2freact-use-callback-ref cache-miss
456 http cache https://registry.npmjs.org/@radix-ui%2freact-primitive 24ms (cache hit)
457 silly packumentCache full:https://registry.npmjs.org/@radix-ui%2freact-primitive set size:690406 disposed:false
458 silly fetch manifest @radix-ui/react-use-layout-effect@1.1.1
459 silly packumentCache full:https://registry.npmjs.org/@radix-ui%2freact-use-layout-effect cache-miss
460 http cache https://registry.npmjs.org/@radix-ui%2freact-primitive 20ms (cache hit)
461 silly packumentCache full:https://registry.npmjs.org/@radix-ui%2freact-primitive set size:690406 disposed:false
462 silly packumentCache full:https://registry.npmjs.org/@radix-ui%2freact-primitive dispose
463 silly fetch manifest @radix-ui/react-presence@1.1.4
464 silly packumentCache full:https://registry.npmjs.org/@radix-ui%2freact-presence cache-miss
465 http cache https://registry.npmjs.org/@radix-ui%2freact-use-controllable-state 29ms (cache hit)
466 silly packumentCache full:https://registry.npmjs.org/@radix-ui%2freact-use-controllable-state set size:326348 disposed:false
467 silly fetch manifest @radix-ui/react-use-size@1.1.1
468 silly packumentCache full:https://registry.npmjs.org/@radix-ui%2freact-use-size cache-miss
469 http cache https://registry.npmjs.org/@radix-ui%2freact-primitive 24ms (cache hit)
470 silly packumentCache full:https://registry.npmjs.org/@radix-ui%2freact-primitive set size:690406 disposed:true
471 silly packumentCache full:https://registry.npmjs.org/@radix-ui%2freact-primitive dispose
472 silly fetch manifest @radix-ui/react-use-previous@1.1.1
473 silly packumentCache full:https://registry.npmjs.org/@radix-ui%2freact-use-previous cache-miss
474 http cache https://registry.npmjs.org/@radix-ui%2freact-primitive 27ms (cache hit)
475 silly packumentCache full:https://registry.npmjs.org/@radix-ui%2freact-primitive set size:690406 disposed:true
476 silly packumentCache full:https://registry.npmjs.org/@radix-ui%2freact-primitive dispose
477 silly fetch manifest @radix-ui/react-presence@1.1.4
478 silly packumentCache full:https://registry.npmjs.org/@radix-ui%2freact-presence cache-miss
479 http cache https://registry.npmjs.org/@radix-ui%2freact-use-callback-ref 24ms (cache hit)
480 silly packumentCache full:https://registry.npmjs.org/@radix-ui%2freact-use-callback-ref set size:241487 disposed:false
481 silly fetch manifest @radix-ui/react-use-layout-effect@1.1.1
482 silly packumentCache full:https://registry.npmjs.org/@radix-ui%2freact-use-layout-effect cache-miss
483 http cache https://registry.npmjs.org/@radix-ui%2freact-use-layout-effect 21ms (cache hit)
484 silly packumentCache full:https://registry.npmjs.org/@radix-ui%2freact-use-layout-effect set size:241967 disposed:false
485 silly fetch manifest @radix-ui/react-menu@2.1.12
486 silly packumentCache full:https://registry.npmjs.org/@radix-ui%2freact-menu cache-miss
487 http cache https://registry.npmjs.org/@radix-ui%2freact-use-is-hydrated 30ms (cache hit)
488 silly packumentCache full:https://registry.npmjs.org/@radix-ui%2freact-use-is-hydrated set size:39965 disposed:false
489 silly fetch manifest aria-hidden@^1.2.4
490 silly packumentCache full:https://registry.npmjs.org/aria-hidden cache-miss
491 http cache https://registry.npmjs.org/@radix-ui%2freact-presence 20ms (cache hit)
492 silly packumentCache full:https://registry.npmjs.org/@radix-ui%2freact-presence set size:479171 disposed:false
493 silly fetch manifest react-remove-scroll@^2.6.3
494 silly packumentCache full:https://registry.npmjs.org/react-remove-scroll cache-miss
495 http cache https://registry.npmjs.org/@radix-ui%2freact-use-size 21ms (cache hit)
496 silly packumentCache full:https://registry.npmjs.org/@radix-ui%2freact-use-size set size:300832 disposed:false
497 silly fetch manifest @radix-ui/react-portal@1.1.6
498 silly packumentCache full:https://registry.npmjs.org/@radix-ui%2freact-portal cache-miss
499 http cache https://registry.npmjs.org/@radix-ui%2freact-use-previous 24ms (cache hit)
500 silly packumentCache full:https://registry.npmjs.org/@radix-ui%2freact-use-previous set size:313793 disposed:false
501 silly fetch manifest @radix-ui/react-focus-scope@1.1.4
502 silly packumentCache full:https://registry.npmjs.org/@radix-ui%2freact-focus-scope cache-miss
503 http cache https://registry.npmjs.org/@radix-ui%2freact-use-layout-effect 22ms (cache hit)
504 silly packumentCache full:https://registry.npmjs.org/@radix-ui%2freact-use-layout-effect set size:241967 disposed:false
505 silly packumentCache full:https://registry.npmjs.org/@radix-ui%2freact-use-layout-effect dispose
506 silly fetch manifest @radix-ui/react-focus-guards@1.1.2
507 silly packumentCache full:https://registry.npmjs.org/@radix-ui%2freact-focus-guards cache-miss
508 http cache https://registry.npmjs.org/@radix-ui%2freact-presence 26ms (cache hit)
509 silly packumentCache full:https://registry.npmjs.org/@radix-ui%2freact-presence set size:479171 disposed:false
510 silly packumentCache full:https://registry.npmjs.org/@radix-ui%2freact-presence dispose
511 silly fetch manifest @radix-ui/react-dismissable-layer@1.1.7
512 silly packumentCache full:https://registry.npmjs.org/@radix-ui%2freact-dismissable-layer cache-miss
513 http cache https://registry.npmjs.org/aria-hidden 25ms (cache hit)
514 silly packumentCache full:https://registry.npmjs.org/aria-hidden set size:40391 disposed:false
515 silly fetch manifest @radix-ui/react-menu@2.1.12
516 silly packumentCache full:https://registry.npmjs.org/@radix-ui%2freact-menu cache-miss
517 http cache https://registry.npmjs.org/react-remove-scroll 24ms (cache hit)
518 silly packumentCache full:https://registry.npmjs.org/react-remove-scroll set size:147112 disposed:false
519 silly fetch manifest @radix-ui/react-popper@1.2.4
520 silly packumentCache full:https://registry.npmjs.org/@radix-ui%2freact-popper cache-miss
521 http cache https://registry.npmjs.org/@radix-ui%2freact-menu 31ms (cache hit)
522 silly packumentCache full:https://registry.npmjs.org/@radix-ui%2freact-menu set size:1316421 disposed:false
523 silly fetch manifest @radix-ui/react-portal@1.1.6
524 silly packumentCache full:https://registry.npmjs.org/@radix-ui%2freact-portal cache-miss
525 http cache https://registry.npmjs.org/@radix-ui%2freact-portal 31ms (cache hit)
526 silly packumentCache full:https://registry.npmjs.org/@radix-ui%2freact-portal set size:764024 disposed:false
527 silly fetch manifest @radix-ui/react-dismissable-layer@1.1.7
528 silly packumentCache full:https://registry.npmjs.org/@radix-ui%2freact-dismissable-layer cache-miss
529 http cache https://registry.npmjs.org/@radix-ui%2freact-focus-scope 26ms (cache hit)
530 silly packumentCache full:https://registry.npmjs.org/@radix-ui%2freact-focus-scope set size:742505 disposed:false
531 silly fetch manifest @radix-ui/react-roving-focus@1.1.7
532 silly packumentCache full:https://registry.npmjs.org/@radix-ui%2freact-roving-focus cache-miss
533 http cache https://registry.npmjs.org/@radix-ui%2freact-focus-guards 28ms (cache hit)
534 silly packumentCache full:https://registry.npmjs.org/@radix-ui%2freact-focus-guards set size:312640 disposed:false
535 silly fetch manifest @radix-ui/react-visually-hidden@1.2.0
536 silly packumentCache full:https://registry.npmjs.org/@radix-ui%2freact-visually-hidden cache-miss
537 http cache https://registry.npmjs.org/@radix-ui%2freact-dismissable-layer 28ms (cache hit)
538 silly packumentCache full:https://registry.npmjs.org/@radix-ui%2freact-dismissable-layer set size:907401 disposed:false
539 silly fetch manifest @radix-ui/react-popper@1.2.4
540 silly packumentCache full:https://registry.npmjs.org/@radix-ui%2freact-popper cache-miss
541 http cache https://registry.npmjs.org/@radix-ui%2freact-portal 22ms (cache hit)
542 silly packumentCache full:https://registry.npmjs.org/@radix-ui%2freact-portal set size:764024 disposed:false
543 silly packumentCache full:https://registry.npmjs.org/@radix-ui%2freact-portal dispose
544 silly fetch manifest @radix-ui/react-roving-focus@1.1.7
545 silly packumentCache full:https://registry.npmjs.org/@radix-ui%2freact-roving-focus cache-miss
546 http cache https://registry.npmjs.org/@radix-ui%2freact-menu 37ms (cache hit)
547 silly packumentCache full:https://registry.npmjs.org/@radix-ui%2freact-menu set size:1316421 disposed:false
548 silly fetch manifest @radix-ui/number@1.1.1
549 silly packumentCache full:https://registry.npmjs.org/@radix-ui%2fnumber cache-miss
550 http cache https://registry.npmjs.org/@radix-ui%2freact-popper 41ms (cache hit)
551 silly packumentCache full:https://registry.npmjs.org/@radix-ui%2freact-popper set size:900338 disposed:false
552 silly fetch manifest @radix-ui/number@1.1.1
553 silly packumentCache full:https://registry.npmjs.org/@radix-ui%2fnumber cache-miss
554 http cache https://registry.npmjs.org/@radix-ui%2freact-dismissable-layer 35ms (cache hit)
555 silly packumentCache full:https://registry.npmjs.org/@radix-ui%2freact-dismissable-layer set size:907401 disposed:false
556 silly packumentCache full:https://registry.npmjs.org/@radix-ui%2freact-dismissable-layer dispose
557 silly fetch manifest @radix-ui/react-visually-hidden@1.2.0
558 silly packumentCache full:https://registry.npmjs.org/@radix-ui%2freact-visually-hidden cache-miss
559 http cache https://registry.npmjs.org/@radix-ui%2freact-roving-focus 40ms (cache hit)
560 silly packumentCache full:https://registry.npmjs.org/@radix-ui%2freact-roving-focus set size:966134 disposed:false
561 silly fetch manifest @radix-ui/number@1.1.1
562 silly packumentCache full:https://registry.npmjs.org/@radix-ui%2fnumber cache-miss
563 http cache https://registry.npmjs.org/@radix-ui%2freact-visually-hidden 42ms (cache hit)
564 silly packumentCache full:https://registry.npmjs.org/@radix-ui%2freact-visually-hidden set size:690170 disposed:false
565 silly fetch manifest @tanstack/query-core@5.56.2
566 silly packumentCache full:https://registry.npmjs.org/@tanstack%2fquery-core cache-miss
567 http cache https://registry.npmjs.org/@radix-ui%2freact-popper 42ms (cache hit)
568 silly packumentCache full:https://registry.npmjs.org/@radix-ui%2freact-popper set size:900338 disposed:false
569 silly packumentCache full:https://registry.npmjs.org/@radix-ui%2freact-popper dispose
570 silly fetch manifest picocolors@^1.0.1
571 silly packumentCache full:https://registry.npmjs.org/picocolors cache-miss
572 http cache https://registry.npmjs.org/@radix-ui%2freact-roving-focus 43ms (cache hit)
573 silly packumentCache full:https://registry.npmjs.org/@radix-ui%2freact-roving-focus set size:966134 disposed:false
574 silly packumentCache full:https://registry.npmjs.org/@radix-ui%2freact-roving-focus dispose
575 silly fetch manifest fraction.js@^4.3.7
576 silly packumentCache full:https://registry.npmjs.org/fraction.js cache-miss
577 http cache https://registry.npmjs.org/@radix-ui%2fnumber 41ms (cache hit)
578 silly packumentCache full:https://registry.npmjs.org/@radix-ui%2fnumber set size:121059 disposed:false
579 silly fetch manifest browserslist@^4.23.3
580 silly packumentCache full:https://registry.npmjs.org/browserslist cache-miss
581 http cache https://registry.npmjs.org/@radix-ui%2fnumber 37ms (cache hit)
582 silly packumentCache full:https://registry.npmjs.org/@radix-ui%2fnumber set size:121059 disposed:false
583 silly packumentCache full:https://registry.npmjs.org/@radix-ui%2fnumber dispose
584 silly fetch manifest caniuse-lite@^1.0.30001646
585 silly packumentCache full:https://registry.npmjs.org/caniuse-lite cache-miss
586 http cache https://registry.npmjs.org/@radix-ui%2freact-visually-hidden 34ms (cache hit)
587 silly packumentCache full:https://registry.npmjs.org/@radix-ui%2freact-visually-hidden set size:690170 disposed:false
588 silly packumentCache full:https://registry.npmjs.org/@radix-ui%2freact-visually-hidden dispose
589 silly fetch manifest normalize-range@^0.1.2
590 silly packumentCache full:https://registry.npmjs.org/normalize-range cache-miss
591 http cache https://registry.npmjs.org/@radix-ui%2fnumber 27ms (cache hit)
592 silly packumentCache full:https://registry.npmjs.org/@radix-ui%2fnumber set size:121059 disposed:true
593 silly packumentCache full:https://registry.npmjs.org/@radix-ui%2fnumber dispose
594 silly fetch manifest postcss-value-parser@^4.2.0
595 silly packumentCache full:https://registry.npmjs.org/postcss-value-parser cache-miss
596 http cache https://registry.npmjs.org/@tanstack%2fquery-core 25ms (cache hit)
597 silly packumentCache full:https://registry.npmjs.org/@tanstack%2fquery-core set size:1102848 disposed:false
598 silly fetch manifest form-data@^4.0.5
599 silly packumentCache full:https://registry.npmjs.org/form-data cache-miss
600 http cache https://registry.npmjs.org/picocolors 26ms (cache hit)
601 silly packumentCache full:https://registry.npmjs.org/picocolors set size:16648 disposed:false
602 silly fetch manifest proxy-from-env@^2.1.0
603 silly packumentCache full:https://registry.npmjs.org/proxy-from-env cache-miss
604 http cache https://registry.npmjs.org/browserslist 22ms (cache hit)
605 silly packumentCache full:https://registry.npmjs.org/browserslist set size:509301 disposed:false
606 silly fetch manifest follow-redirects@^1.16.0
607 silly packumentCache full:https://registry.npmjs.org/follow-redirects cache-miss
608 http cache https://registry.npmjs.org/fraction.js 27ms (cache hit)
609 silly packumentCache full:https://registry.npmjs.org/fraction.js set size:149386 disposed:false
610 silly fetch manifest clsx@^2.1.1
611 silly packumentCache full:https://registry.npmjs.org/clsx cache-hit
612 silly fetch manifest @radix-ui/react-id@^1.1.0
613 silly packumentCache full:https://registry.npmjs.org/@radix-ui%2freact-id cache-hit
614 silly fetch manifest @radix-ui/react-primitive@^2.0.2
615 silly packumentCache full:https://registry.npmjs.org/@radix-ui%2freact-primitive cache-hit
616 silly fetch manifest @radix-ui/react-compose-refs@^1.1.1
617 silly packumentCache full:https://registry.npmjs.org/@radix-ui%2freact-compose-refs cache-hit
618 silly fetch manifest embla-carousel@8.6.0
619 silly packumentCache full:https://registry.npmjs.org/embla-carousel cache-miss
620 http cache https://registry.npmjs.org/caniuse-lite 32ms (cache hit)
621 silly packumentCache full:https://registry.npmjs.org/caniuse-lite set size:2297040 disposed:false
622 silly fetch manifest embla-carousel-reactive-utils@8.6.0
623 silly packumentCache full:https://registry.npmjs.org/embla-carousel-reactive-utils cache-miss
624 http cache https://registry.npmjs.org/normalize-range 38ms (cache hit)
625 silly packumentCache full:https://registry.npmjs.org/normalize-range set size:10677 disposed:false
626 silly fetch manifest ajv@^6.12.4
627 silly packumentCache full:https://registry.npmjs.org/ajv cache-miss
628 http cache https://registry.npmjs.org/form-data 31ms (cache hit)
629 silly packumentCache full:https://registry.npmjs.org/form-data set size:153174 disposed:false
630 silly fetch manifest chalk@^4.0.0
631 silly packumentCache full:https://registry.npmjs.org/chalk cache-miss
632 http cache https://registry.npmjs.org/postcss-value-parser 46ms (cache hit)
633 silly packumentCache full:https://registry.npmjs.org/postcss-value-parser set size:73526 disposed:false
634 silly fetch manifest debug@^4.3.2
635 silly packumentCache full:https://registry.npmjs.org/debug cache-miss
636 http cache https://registry.npmjs.org/proxy-from-env 39ms (cache hit)
637 silly packumentCache full:https://registry.npmjs.org/proxy-from-env set size:21422 disposed:false
638 silly fetch manifest espree@^10.3.0
639 silly packumentCache full:https://registry.npmjs.org/espree cache-miss
640 http cache https://registry.npmjs.org/follow-redirects 36ms (cache hit)
641 silly packumentCache full:https://registry.npmjs.org/follow-redirects set size:188945 disposed:false
642 silly fetch manifest ignore@^5.2.0
643 silly packumentCache full:https://registry.npmjs.org/ignore cache-miss
644 http cache https://registry.npmjs.org/embla-carousel 37ms (cache hit)
645 silly packumentCache full:https://registry.npmjs.org/embla-carousel set size:831713 disposed:false
646 silly fetch manifest esquery@^1.5.0
647 silly packumentCache full:https://registry.npmjs.org/esquery cache-miss
648 http cache https://registry.npmjs.org/embla-carousel-reactive-utils 26ms (cache hit)
649 silly packumentCache full:https://registry.npmjs.org/embla-carousel-reactive-utils set size:119115 disposed:false
650 silly fetch manifest esutils@^2.0.2
651 silly packumentCache full:https://registry.npmjs.org/esutils cache-miss
652 http cache https://registry.npmjs.org/ajv 28ms (cache hit)
653 silly packumentCache full:https://registry.npmjs.org/ajv set size:1142658 disposed:false
654 silly fetch manifest find-up@^5.0.0
655 silly packumentCache full:https://registry.npmjs.org/find-up cache-miss
656 http cache https://registry.npmjs.org/chalk 31ms (cache hit)
657 silly packumentCache full:https://registry.npmjs.org/chalk set size:117861 disposed:false
658 silly fetch manifest is-glob@^4.0.0
659 silly packumentCache full:https://registry.npmjs.org/is-glob cache-miss
660 http cache https://registry.npmjs.org/espree 27ms (cache hit)
661 silly packumentCache full:https://registry.npmjs.org/espree set size:326080 disposed:false
662 silly fetch manifest minimatch@^3.1.2
663 silly packumentCache full:https://registry.npmjs.org/minimatch cache-miss
664 http cache https://registry.npmjs.org/debug 30ms (cache hit)
665 silly packumentCache full:https://registry.npmjs.org/debug set size:195840 disposed:false
666 silly fetch manifest optionator@^0.9.3
667 silly packumentCache full:https://registry.npmjs.org/optionator cache-miss
668 http cache https://registry.npmjs.org/ignore 29ms (cache hit)
669 silly packumentCache full:https://registry.npmjs.org/ignore set size:237380 disposed:false
670 silly fetch manifest cross-spawn@^7.0.6
671 silly packumentCache full:https://registry.npmjs.org/cross-spawn cache-hit
672 silly fetch manifest glob-parent@^6.0.2
673 silly packumentCache full:https://registry.npmjs.org/glob-parent cache-miss
674 http cache https://registry.npmjs.org/esutils 25ms (cache hit)
675 silly packumentCache full:https://registry.npmjs.org/esutils set size:29522 disposed:false
676 silly fetch manifest imurmurhash@^0.1.4
677 silly packumentCache full:https://registry.npmjs.org/imurmurhash cache-miss
678 http cache https://registry.npmjs.org/esquery 28ms (cache hit)
679 silly packumentCache full:https://registry.npmjs.org/esquery set size:48888 disposed:false
680 silly fetch manifest @eslint/core@^0.12.0
681 silly packumentCache full:https://registry.npmjs.org/@eslint%2fcore cache-miss
682 http cache https://registry.npmjs.org/find-up 17ms (cache hit)
683 silly packumentCache full:https://registry.npmjs.org/find-up set size:42620 disposed:false
684 silly fetch manifest eslint-scope@^8.3.0
685 silly packumentCache full:https://registry.npmjs.org/eslint-scope cache-miss
686 http cache https://registry.npmjs.org/is-glob 17ms (cache hit)
687 silly packumentCache full:https://registry.npmjs.org/is-glob set size:40530 disposed:false
688 silly fetch manifest lodash.merge@^4.6.2
689 silly packumentCache full:https://registry.npmjs.org/lodash.merge cache-miss
690 http cache https://registry.npmjs.org/optionator 12ms (cache hit)
691 silly packumentCache full:https://registry.npmjs.org/optionator set size:49651 disposed:false
692 silly fetch manifest @humanfs/node@^0.16.6
693 silly packumentCache full:https://registry.npmjs.org/@humanfs%2fnode cache-miss
694 http cache https://registry.npmjs.org/minimatch 16ms (cache hit)
695 silly packumentCache full:https://registry.npmjs.org/minimatch set size:375282 disposed:false
696 silly fetch manifest @types/estree@^1.0.6
697 silly packumentCache full:https://registry.npmjs.org/@types%2festree cache-miss
698 http cache https://registry.npmjs.org/imurmurhash 15ms (cache hit)
699 silly packumentCache full:https://registry.npmjs.org/imurmurhash set size:35819 disposed:false
700 silly fetch manifest fast-deep-equal@^3.1.3
701 silly packumentCache full:https://registry.npmjs.org/fast-deep-equal cache-miss
702 http cache https://registry.npmjs.org/glob-parent 18ms (cache hit)
703 silly packumentCache full:https://registry.npmjs.org/glob-parent set size:42445 disposed:false
704 silly fetch manifest natural-compare@^1.4.0
705 silly packumentCache full:https://registry.npmjs.org/natural-compare cache-miss
706 http cache https://registry.npmjs.org/@eslint%2fcore 17ms (cache hit)
707 silly packumentCache full:https://registry.npmjs.org/@eslint%2fcore set size:58023 disposed:false
708 silly fetch manifest @eslint/eslintrc@^3.3.1
709 silly packumentCache full:https://registry.npmjs.org/@eslint%2feslintrc cache-miss
710 http cache https://registry.npmjs.org/eslint-scope 19ms (cache hit)
711 silly packumentCache full:https://registry.npmjs.org/eslint-scope set size:98867 disposed:false
712 silly fetch manifest file-entry-cache@^8.0.0
713 silly packumentCache full:https://registry.npmjs.org/file-entry-cache cache-miss
714 http cache https://registry.npmjs.org/lodash.merge 18ms (cache hit)
715 silly packumentCache full:https://registry.npmjs.org/lodash.merge set size:78575 disposed:false
716 silly fetch manifest @eslint/plugin-kit@^0.2.7
717 silly packumentCache full:https://registry.npmjs.org/@eslint%2fplugin-kit cache-miss
718 http cache https://registry.npmjs.org/@humanfs%2fnode 19ms (cache hit)
719 silly packumentCache full:https://registry.npmjs.org/@humanfs%2fnode set size:39629 disposed:false
720 silly fetch manifest @types/json-schema@^7.0.15
721 silly packumentCache full:https://registry.npmjs.org/@types%2fjson-schema cache-miss
722 http cache https://registry.npmjs.org/@types%2festree 15ms (cache hit)
723 silly packumentCache full:https://registry.npmjs.org/@types%2festree set size:76072 disposed:false
724 silly fetch manifest eslint-visitor-keys@^4.2.0
725 silly packumentCache full:https://registry.npmjs.org/eslint-visitor-keys cache-miss
726 http cache https://registry.npmjs.org/fast-deep-equal 16ms (cache hit)
727 silly packumentCache full:https://registry.npmjs.org/fast-deep-equal set size:48634 disposed:false
728 silly fetch manifest @eslint/config-array@^0.19.2
729 silly packumentCache full:https://registry.npmjs.org/@eslint%2fconfig-array cache-miss
730 http cache https://registry.npmjs.org/natural-compare 16ms (cache hit)
731 silly packumentCache full:https://registry.npmjs.org/natural-compare set size:7852 disposed:false
732 silly fetch manifest @humanwhocodes/retry@^0.4.2
733 silly packumentCache full:https://registry.npmjs.org/@humanwhocodes%2fretry cache-miss
734 http cache https://registry.npmjs.org/@eslint%2feslintrc 15ms (cache hit)
735 silly packumentCache full:https://registry.npmjs.org/@eslint%2feslintrc set size:168674 disposed:false
736 silly fetch manifest escape-string-regexp@^4.0.0
737 silly packumentCache full:https://registry.npmjs.org/escape-string-regexp cache-miss
738 http cache https://registry.npmjs.org/@eslint%2fplugin-kit 13ms (cache hit)
739 silly packumentCache full:https://registry.npmjs.org/@eslint%2fplugin-kit set size:76057 disposed:false
740 silly fetch manifest @eslint/config-helpers@^0.2.0
741 silly packumentCache full:https://registry.npmjs.org/@eslint%2fconfig-helpers cache-miss
742 http cache https://registry.npmjs.org/@types%2fjson-schema 13ms (cache hit)
743 silly packumentCache full:https://registry.npmjs.org/@types%2fjson-schema set size:44704 disposed:false
744 silly fetch manifest @eslint-community/regexpp@^4.12.1
745 silly packumentCache full:https://registry.npmjs.org/@eslint-community%2fregexpp cache-miss
746 http cache https://registry.npmjs.org/eslint-visitor-keys 14ms (cache hit)
747 silly packumentCache full:https://registry.npmjs.org/eslint-visitor-keys set size:69949 disposed:false
748 silly fetch manifest @eslint-community/eslint-utils@^4.2.0
749 silly packumentCache full:https://registry.npmjs.org/@eslint-community%2feslint-utils cache-miss
750 http cache https://registry.npmjs.org/file-entry-cache 19ms (cache hit)
751 silly packumentCache full:https://registry.npmjs.org/file-entry-cache set size:154007 disposed:false
752 silly fetch manifest @humanwhocodes/module-importer@^1.0.1
753 silly packumentCache full:https://registry.npmjs.org/@humanwhocodes%2fmodule-importer cache-miss
754 http cache https://registry.npmjs.org/@eslint%2fconfig-array 14ms (cache hit)
755 silly packumentCache full:https://registry.npmjs.org/@eslint%2fconfig-array set size:74140 disposed:false
756 silly fetch manifest json-stable-stringify-without-jsonify@^1.0.1
757 silly packumentCache full:https://registry.npmjs.org/json-stable-stringify-without-jsonify cache-miss
758 http cache https://registry.npmjs.org/escape-string-regexp 12ms (cache hit)
759 silly packumentCache full:https://registry.npmjs.org/escape-string-regexp set size:22244 disposed:false
760 silly fetch manifest debug@^3.2.7
761 silly packumentCache full:https://registry.npmjs.org/debug cache-hit
762 silly fetch manifest hasown@^2.0.2
763 silly packumentCache full:https://registry.npmjs.org/hasown cache-miss
764 http cache https://registry.npmjs.org/@humanwhocodes%2fretry 15ms (cache hit)
765 silly packumentCache full:https://registry.npmjs.org/@humanwhocodes%2fretry set size:42348 disposed:false
766 silly fetch manifest semver@^6.3.1
767 silly packumentCache full:https://registry.npmjs.org/semver cache-hit
768 silly fetch manifest is-glob@^4.0.3
769 silly packumentCache full:https://registry.npmjs.org/is-glob cache-hit
770 silly fetch manifest doctrine@^2.1.0
771 silly packumentCache full:https://registry.npmjs.org/doctrine cache-miss
772 http cache https://registry.npmjs.org/@eslint-community%2fregexpp 13ms (cache hit)
773 silly packumentCache full:https://registry.npmjs.org/@eslint-community%2fregexpp set size:106609 disposed:false
774 silly fetch manifest @rtsao/scc@^1.1.0
775 silly packumentCache full:https://registry.npmjs.org/@rtsao%2fscc cache-miss
776 http cache https://registry.npmjs.org/@eslint-community%2feslint-utils 14ms (cache hit)
777 silly packumentCache full:https://registry.npmjs.org/@eslint-community%2feslint-utils set size:93301 disposed:false
778 silly fetch manifest object.values@^1.2.0
779 silly packumentCache full:https://registry.npmjs.org/object.values cache-miss
780 http cache https://registry.npmjs.org/@humanwhocodes%2fmodule-importer 13ms (cache hit)
781 silly packumentCache full:https://registry.npmjs.org/@humanwhocodes%2fmodule-importer set size:9516 disposed:false
782 silly fetch manifest array-includes@^3.1.8
783 silly packumentCache full:https://registry.npmjs.org/array-includes cache-miss
784 http cache https://registry.npmjs.org/@eslint%2fconfig-helpers 19ms (cache hit)
785 silly packumentCache full:https://registry.npmjs.org/@eslint%2fconfig-helpers set size:52610 disposed:false
786 silly fetch manifest is-core-module@^2.15.1
787 silly packumentCache full:https://registry.npmjs.org/is-core-module cache-miss
788 http cache https://registry.npmjs.org/json-stable-stringify-without-jsonify 14ms (cache hit)
789 silly packumentCache full:https://registry.npmjs.org/json-stable-stringify-without-jsonify set size:5808 disposed:false
790 silly fetch manifest object.groupby@^1.0.3
791 silly packumentCache full:https://registry.npmjs.org/object.groupby cache-miss
792 http cache https://registry.npmjs.org/doctrine 11ms (cache hit)
793 silly packumentCache full:https://registry.npmjs.org/doctrine set size:64052 disposed:false
794 silly fetch manifest tsconfig-paths@^3.15.0
795 silly packumentCache full:https://registry.npmjs.org/tsconfig-paths cache-miss
796 http cache https://registry.npmjs.org/hasown 15ms (cache hit)
797 silly packumentCache full:https://registry.npmjs.org/hasown set size:18361 disposed:false
798 silly fetch manifest object.fromentries@^2.0.8
799 silly packumentCache full:https://registry.npmjs.org/object.fromentries cache-miss
800 http cache https://registry.npmjs.org/@rtsao%2fscc 12ms (cache hit)
801 silly packumentCache full:https://registry.npmjs.org/@rtsao%2fscc set size:6332 disposed:false
802 silly fetch manifest eslint-module-utils@^2.12.0
803 silly packumentCache full:https://registry.npmjs.org/eslint-module-utils cache-miss
804 http cache https://registry.npmjs.org/object.values 12ms (cache hit)
805 silly packumentCache full:https://registry.npmjs.org/object.values set size:49009 disposed:false
806 silly fetch manifest array.prototype.flat@^1.3.2
807 silly packumentCache full:https://registry.npmjs.org/array.prototype.flat cache-miss
808 http cache https://registry.npmjs.org/array-includes 12ms (cache hit)
809 silly packumentCache full:https://registry.npmjs.org/array-includes set size:77143 disposed:false
810 silly fetch manifest array.prototype.flatmap@^1.3.2
811 silly packumentCache full:https://registry.npmjs.org/array.prototype.flatmap cache-miss
812 http cache https://registry.npmjs.org/is-core-module 15ms (cache hit)
813 silly packumentCache full:https://registry.npmjs.org/is-core-module set size:74378 disposed:false
814 silly fetch manifest string.prototype.trimend@^1.0.8
815 silly packumentCache full:https://registry.npmjs.org/string.prototype.trimend cache-miss
816 http cache https://registry.npmjs.org/object.groupby 16ms (cache hit)
817 silly packumentCache full:https://registry.npmjs.org/object.groupby set size:15504 disposed:false
818 silly fetch manifest eslint-import-resolver-node@^0.3.9
819 silly packumentCache full:https://registry.npmjs.org/eslint-import-resolver-node cache-miss
820 http cache https://registry.npmjs.org/object.fromentries 14ms (cache hit)
821 silly packumentCache full:https://registry.npmjs.org/object.fromentries set size:37686 disposed:false
822 silly fetch manifest array.prototype.findlastindex@^1.2.5
823 silly packumentCache full:https://registry.npmjs.org/array.prototype.findlastindex cache-miss
824 http cache https://registry.npmjs.org/tsconfig-paths 17ms (cache hit)
825 silly packumentCache full:https://registry.npmjs.org/tsconfig-paths set size:192565 disposed:false
826 silly fetch manifest aria-query@^5.3.2
827 silly packumentCache full:https://registry.npmjs.org/aria-query cache-miss
828 http cache https://registry.npmjs.org/eslint-module-utils 16ms (cache hit)
829 silly packumentCache full:https://registry.npmjs.org/eslint-module-utils set size:80506 disposed:false
830 silly fetch manifest array.prototype.flatmap@^1.3.2
831 silly packumentCache full:https://registry.npmjs.org/array.prototype.flatmap cache-miss
832 http cache https://registry.npmjs.org/array.prototype.flat 16ms (cache hit)
833 silly packumentCache full:https://registry.npmjs.org/array.prototype.flat set size:38327 disposed:false
834 silly fetch manifest ast-types-flow@^0.0.8
835 silly packumentCache full:https://registry.npmjs.org/ast-types-flow cache-miss
836 http cache https://registry.npmjs.org/array.prototype.flatmap 16ms (cache hit)
837 silly packumentCache full:https://registry.npmjs.org/array.prototype.flatmap set size:51458 disposed:false
838 silly fetch manifest axe-core@^4.10.0
839 silly packumentCache full:https://registry.npmjs.org/axe-core cache-miss
840 http cache https://registry.npmjs.org/string.prototype.trimend 12ms (cache hit)
841 silly packumentCache full:https://registry.npmjs.org/string.prototype.trimend set size:44009 disposed:false
842 silly fetch manifest axobject-query@^4.1.0
843 silly packumentCache full:https://registry.npmjs.org/axobject-query cache-miss
844 http cache https://registry.npmjs.org/eslint-import-resolver-node 12ms (cache hit)
845 silly packumentCache full:https://registry.npmjs.org/eslint-import-resolver-node set size:39118 disposed:false
846 silly fetch manifest damerau-levenshtein@^1.0.8
847 silly packumentCache full:https://registry.npmjs.org/damerau-levenshtein cache-miss
848 http cache https://registry.npmjs.org/array.prototype.flatmap 8ms (cache hit)
849 silly packumentCache full:https://registry.npmjs.org/array.prototype.flatmap set size:51458 disposed:false
850 silly packumentCache full:https://registry.npmjs.org/array.prototype.flatmap dispose
851 silly fetch manifest emoji-regex@^9.2.2
852 silly packumentCache full:https://registry.npmjs.org/emoji-regex cache-miss
853 http cache https://registry.npmjs.org/array.prototype.findlastindex 14ms (cache hit)
854 silly packumentCache full:https://registry.npmjs.org/array.prototype.findlastindex set size:44828 disposed:false
855 silly fetch manifest jsx-ast-utils@^3.3.5
856 silly packumentCache full:https://registry.npmjs.org/jsx-ast-utils cache-miss
857 http cache https://registry.npmjs.org/aria-query 14ms (cache hit)
858 silly packumentCache full:https://registry.npmjs.org/aria-query set size:98864 disposed:false
859 silly fetch manifest language-tags@^1.0.9
860 silly packumentCache full:https://registry.npmjs.org/language-tags cache-miss
861 http cache https://registry.npmjs.org/ast-types-flow 13ms (cache hit)
862 silly packumentCache full:https://registry.npmjs.org/ast-types-flow set size:15144 disposed:false
863 silly fetch manifest safe-regex-test@^1.0.3
864 silly packumentCache full:https://registry.npmjs.org/safe-regex-test cache-miss
865 http cache https://registry.npmjs.org/axe-core 30ms (cache hit)
866 silly packumentCache full:https://registry.npmjs.org/axe-core set size:9520341 disposed:false
867 silly fetch manifest string.prototype.includes@^2.0.1
868 silly packumentCache full:https://registry.npmjs.org/string.prototype.includes cache-miss
869 http cache https://registry.npmjs.org/axobject-query 100ms (cache hit)
870 silly packumentCache full:https://registry.npmjs.org/axobject-query set size:75032 disposed:false
871 silly fetch manifest resolve@^2.0.0-next.5
872 silly packumentCache full:https://registry.npmjs.org/resolve cache-miss
873 http cache https://registry.npmjs.org/damerau-levenshtein 104ms (cache hit)
874 silly packumentCache full:https://registry.npmjs.org/damerau-levenshtein set size:23390 disposed:false
875 silly fetch manifest estraverse@^5.3.0
876 silly packumentCache full:https://registry.npmjs.org/estraverse cache-miss
877 http cache https://registry.npmjs.org/emoji-regex 105ms (cache hit)
878 silly packumentCache full:https://registry.npmjs.org/emoji-regex set size:89064 disposed:false
879 silly fetch manifest prop-types@^15.8.1
880 silly packumentCache full:https://registry.npmjs.org/prop-types cache-miss
881 http cache https://registry.npmjs.org/jsx-ast-utils 106ms (cache hit)
882 silly packumentCache full:https://registry.npmjs.org/jsx-ast-utils set size:115998 disposed:false
883 silly fetch manifest jsx-ast-utils@^2.4.1 || ^3.0.0
884 silly packumentCache full:https://registry.npmjs.org/jsx-ast-utils cache-hit
885 silly fetch manifest object.values@^1.2.1
886 silly packumentCache full:https://registry.npmjs.org/object.values cache-hit
887 silly fetch manifest object.entries@^1.1.8
888 silly packumentCache full:https://registry.npmjs.org/object.entries cache-miss
889 http cache https://registry.npmjs.org/language-tags 107ms (cache hit)
890 silly packumentCache full:https://registry.npmjs.org/language-tags set size:38675 disposed:false
891 silly fetch manifest es-iterator-helpers@^1.2.1
892 silly packumentCache full:https://registry.npmjs.org/es-iterator-helpers cache-miss
893 http cache https://registry.npmjs.org/string.prototype.includes 21ms (cache hit)
894 silly packumentCache full:https://registry.npmjs.org/string.prototype.includes set size:10217 disposed:false
895 silly fetch manifest array.prototype.flatmap@^1.3.3
896 silly packumentCache full:https://registry.npmjs.org/array.prototype.flatmap cache-hit
897 silly fetch manifest string.prototype.repeat@^1.0.0
898 silly packumentCache full:https://registry.npmjs.org/string.prototype.repeat cache-miss
899 http cache https://registry.npmjs.org/safe-regex-test 110ms (cache hit)
900 silly packumentCache full:https://registry.npmjs.org/safe-regex-test set size:17412 disposed:false
901 silly fetch manifest array.prototype.findlast@^1.2.5
902 silly packumentCache full:https://registry.npmjs.org/array.prototype.findlast cache-miss
903 http cache https://registry.npmjs.org/resolve 24ms (cache hit)
904 silly packumentCache full:https://registry.npmjs.org/resolve set size:244568 disposed:false
905 silly fetch manifest array.prototype.tosorted@^1.1.4
906 silly packumentCache full:https://registry.npmjs.org/array.prototype.tosorted cache-miss
907 http cache https://registry.npmjs.org/estraverse 26ms (cache hit)
908 silly packumentCache full:https://registry.npmjs.org/estraverse set size:62412 disposed:false
909 silly fetch manifest string.prototype.matchall@^4.0.12
910 silly packumentCache full:https://registry.npmjs.org/string.prototype.matchall cache-miss
911 http cache https://registry.npmjs.org/prop-types 25ms (cache hit)
912 silly packumentCache full:https://registry.npmjs.org/prop-types set size:76747 disposed:false
913 silly fetch manifest tslib@^2.4.0
914 silly packumentCache full:https://registry.npmjs.org/tslib cache-miss
915 http cache https://registry.npmjs.org/object.entries 23ms (cache hit)
916 silly packumentCache full:https://registry.npmjs.org/object.entries set size:50037 disposed:false
917 silly fetch manifest motion-dom@^11.16.4
918 silly packumentCache full:https://registry.npmjs.org/motion-dom cache-miss
919 http cache https://registry.npmjs.org/es-iterator-helpers 24ms (cache hit)
920 silly packumentCache full:https://registry.npmjs.org/es-iterator-helpers set size:269439 disposed:false
921 silly fetch manifest motion-utils@^11.16.0
922 silly packumentCache full:https://registry.npmjs.org/motion-utils cache-miss
923 http cache https://registry.npmjs.org/string.prototype.repeat 28ms (cache hit)
924 silly packumentCache full:https://registry.npmjs.org/string.prototype.repeat set size:8608 disposed:false
925 silly fetch manifest nanoid@^3.3.11
926 silly packumentCache full:https://registry.npmjs.org/nanoid cache-miss
927 http cache https://registry.npmjs.org/array.prototype.findlast 28ms (cache hit)
928 silly packumentCache full:https://registry.npmjs.org/array.prototype.findlast set size:40323 disposed:false
929 silly fetch manifest picocolors@^1.1.1
930 silly packumentCache full:https://registry.npmjs.org/picocolors cache-hit
931 silly fetch manifest source-map-js@^1.2.1
932 silly packumentCache full:https://registry.npmjs.org/source-map-js cache-miss
933 http cache https://registry.npmjs.org/array.prototype.tosorted 25ms (cache hit)
934 silly packumentCache full:https://registry.npmjs.org/array.prototype.tosorted set size:24661 disposed:false
935 silly fetch manifest scheduler@^0.25.0
936 silly packumentCache full:https://registry.npmjs.org/scheduler cache-miss
937 http cache https://registry.npmjs.org/string.prototype.matchall 23ms (cache hit)
938 silly packumentCache full:https://registry.npmjs.org/string.prototype.matchall set size:63239 disposed:false
939 silly fetch manifest react-router@7.15.0
940 silly packumentCache full:https://registry.npmjs.org/react-router cache-miss
941 http cache https://registry.npmjs.org/tslib 22ms (cache hit)
942 silly packumentCache full:https://registry.npmjs.org/tslib set size:108843 disposed:false
943 silly fetch manifest bfj@^7.0.2
944 silly packumentCache full:https://registry.npmjs.org/bfj cache-miss
945 http cache https://registry.npmjs.org/motion-dom 23ms (cache hit)
946 silly packumentCache full:https://registry.npmjs.org/motion-dom set size:280997 disposed:false
947 silly fetch manifest jest@^27.4.3
948 silly packumentCache full:https://registry.npmjs.org/jest cache-miss
949 http cache https://registry.npmjs.org/motion-utils 23ms (cache hit)
950 silly packumentCache full:https://registry.npmjs.org/motion-utils set size:66443 disposed:false
951 silly fetch manifest dotenv@^10.0.0
952 silly packumentCache full:https://registry.npmjs.org/dotenv cache-hit
953 silly fetch manifest eslint@^8.3.0
954 silly packumentCache full:https://registry.npmjs.org/eslint cache-miss
955 http cache https://registry.npmjs.org/source-map-js 20ms (cache hit)
956 silly packumentCache full:https://registry.npmjs.org/source-map-js set size:62640 disposed:false
957 silly fetch manifest semver@^7.3.5
958 silly packumentCache full:https://registry.npmjs.org/semver cache-hit
959 silly fetch manifest prompts@^2.4.2
960 silly packumentCache full:https://registry.npmjs.org/prompts cache-miss
961 http cache https://registry.npmjs.org/nanoid 26ms (cache hit)
962 silly packumentCache full:https://registry.npmjs.org/nanoid set size:330515 disposed:false
963 silly fetch manifest resolve@^1.20.0
964 silly packumentCache full:https://registry.npmjs.org/resolve cache-hit
965 silly fetch manifest webpack@^5.64.4
966 silly packumentCache full:https://registry.npmjs.org/webpack cache-miss
967 http cache https://registry.npmjs.org/scheduler 42ms (cache hit)
968 silly packumentCache full:https://registry.npmjs.org/scheduler set size:5567206 disposed:false
969 silly fetch manifest fs-extra@^10.0.0
970 silly packumentCache full:https://registry.npmjs.org/fs-extra cache-miss
971 http cache https://registry.npmjs.org/bfj 85ms (cache hit)
972 silly packumentCache full:https://registry.npmjs.org/bfj set size:141981 disposed:false
973 silly fetch manifest camelcase@^6.2.1
974 silly packumentCache full:https://registry.npmjs.org/camelcase cache-miss
975 http cache https://registry.npmjs.org/react-router 98ms (cache hit)
976 silly packumentCache full:https://registry.npmjs.org/react-router set size:4046337 disposed:false
977 silly fetch manifest babel-jest@^27.4.2
978 silly packumentCache full:https://registry.npmjs.org/babel-jest cache-miss
979 http cache https://registry.npmjs.org/jest 123ms (cache hit)
980 silly packumentCache full:https://registry.npmjs.org/jest set size:862623 disposed:false
981 silly fetch manifest css-loader@^6.5.1
982 silly packumentCache full:https://registry.npmjs.org/css-loader cache-miss
983 http cache https://registry.npmjs.org/eslint 131ms (cache hit)
984 silly packumentCache full:https://registry.npmjs.org/eslint set size:2011545 disposed:false
985 silly fetch manifest @babel/core@^7.16.0
986 silly packumentCache full:https://registry.npmjs.org/@babel%2fcore cache-miss
987 http cache https://registry.npmjs.org/prompts 150ms (cache hit)
988 silly packumentCache full:https://registry.npmjs.org/prompts set size:115896 disposed:false
989 silly fetch manifest file-loader@^6.2.0
990 silly packumentCache full:https://registry.npmjs.org/file-loader cache-miss
991 http cache https://registry.npmjs.org/webpack 157ms (cache hit)
992 silly packumentCache full:https://registry.npmjs.org/webpack set size:5045445 disposed:false
993 silly fetch manifest sass-loader@^12.3.0
994 silly packumentCache full:https://registry.npmjs.org/sass-loader cache-miss
995 http cache https://registry.npmjs.org/fs-extra 142ms (cache hit)
996 silly packumentCache full:https://registry.npmjs.org/fs-extra set size:234923 disposed:false
997 silly fetch manifest tailwindcss@^3.0.2
998 silly packumentCache full:https://registry.npmjs.org/tailwindcss cache-miss
999 http cache https://registry.npmjs.org/babel-jest 103ms (cache hit)
1000 silly packumentCache full:https://registry.npmjs.org/babel-jest set size:690787 disposed:false
1001 silly fetch manifest babel-loader@^8.2.3
1002 silly packumentCache full:https://registry.npmjs.org/babel-loader cache-miss
1003 http cache https://registry.npmjs.org/css-loader 99ms (cache hit)
1004 silly packumentCache full:https://registry.npmjs.org/css-loader set size:520219 disposed:false
1005 silly fetch manifest browserslist@^4.18.1
1006 silly packumentCache full:https://registry.npmjs.org/browserslist cache-hit
1007 silly fetch manifest jest-resolve@^27.4.2
1008 silly packumentCache full:https://registry.npmjs.org/jest-resolve cache-miss
1009 http cache https://registry.npmjs.org/camelcase 151ms (cache hit)
1010 silly packumentCache full:https://registry.npmjs.org/camelcase set size:60255 disposed:false
1011 silly fetch manifest style-loader@^3.3.1
1012 silly packumentCache full:https://registry.npmjs.org/style-loader cache-miss
1013 http cache https://registry.npmjs.org/@babel%2fcore 81ms (cache hit)
1014 silly packumentCache full:https://registry.npmjs.org/@babel%2fcore set size:788258 disposed:false
1015 silly fetch manifest @svgr/webpack@^5.5.0
1016 silly packumentCache full:https://registry.npmjs.org/@svgr%2fwebpack cache-miss
1017 http cache https://registry.npmjs.org/file-loader 86ms (cache hit)
1018 silly packumentCache full:https://registry.npmjs.org/file-loader set size:159117 disposed:false
1019 silly fetch manifest dotenv-expand@^5.1.0
1020 silly packumentCache full:https://registry.npmjs.org/dotenv-expand cache-miss
1021 http cache https://registry.npmjs.org/sass-loader 36ms (cache hit)
1022 silly packumentCache full:https://registry.npmjs.org/sass-loader set size:431379 disposed:false
1023 silly fetch manifest react-refresh@^0.11.0
1024 silly packumentCache full:https://registry.npmjs.org/react-refresh cache-miss
1025 http cache https://registry.npmjs.org/babel-loader 26ms (cache hit)
1026 silly packumentCache full:https://registry.npmjs.org/babel-loader set size:257763 disposed:false
1027 silly fetch manifest postcss-loader@^6.2.1
1028 silly packumentCache full:https://registry.npmjs.org/postcss-loader cache-miss
1029 http cache https://registry.npmjs.org/jest-resolve 26ms (cache hit)
1030 silly packumentCache full:https://registry.npmjs.org/jest-resolve set size:660045 disposed:false
1031 silly fetch manifest react-dev-utils@^12.0.1
1032 silly packumentCache full:https://registry.npmjs.org/react-dev-utils cache-miss
1033 http cache https://registry.npmjs.org/tailwindcss 58ms (cache hit)
1034 silly packumentCache full:https://registry.npmjs.org/tailwindcss set size:10696903 disposed:false
1035 silly fetch manifest postcss-normalize@^10.0.1
1036 silly packumentCache full:https://registry.npmjs.org/postcss-normalize cache-miss
1037 http cache https://registry.npmjs.org/@svgr%2fwebpack 102ms (cache hit)
1038 silly packumentCache full:https://registry.npmjs.org/@svgr%2fwebpack set size:155748 disposed:false
1039 silly fetch manifest source-map-loader@^3.0.0
1040 silly packumentCache full:https://registry.npmjs.org/source-map-loader cache-miss
1041 http cache https://registry.npmjs.org/style-loader 111ms (cache hit)
1042 silly packumentCache full:https://registry.npmjs.org/style-loader set size:214168 disposed:false
1043 silly fetch manifest identity-obj-proxy@^3.0.0
1044 silly packumentCache full:https://registry.npmjs.org/identity-obj-proxy cache-miss
1045 http cache https://registry.npmjs.org/dotenv-expand 104ms (cache hit)
1046 silly packumentCache full:https://registry.npmjs.org/dotenv-expand set size:69432 disposed:false
1047 silly fetch manifest postcss-preset-env@^7.0.1
1048 silly packumentCache full:https://registry.npmjs.org/postcss-preset-env cache-miss
1049 http cache https://registry.npmjs.org/react-refresh 112ms (cache hit)
1050 silly packumentCache full:https://registry.npmjs.org/react-refresh set size:6400676 disposed:false
1051 silly fetch manifest react-app-polyfill@^3.0.0
1052 silly packumentCache full:https://registry.npmjs.org/react-app-polyfill cache-miss
1053 http cache https://registry.npmjs.org/postcss-loader 147ms (cache hit)
1054 silly packumentCache full:https://registry.npmjs.org/postcss-loader set size:282135 disposed:false
1055 silly fetch manifest resolve-url-loader@^4.0.0
1056 silly packumentCache full:https://registry.npmjs.org/resolve-url-loader cache-miss
1057 http cache https://registry.npmjs.org/react-dev-utils 144ms (cache hit)
1058 silly packumentCache full:https://registry.npmjs.org/react-dev-utils set size:320676 disposed:false
1059 silly fetch manifest webpack-dev-server@^4.6.0
1060 silly packumentCache full:https://registry.npmjs.org/webpack-dev-server cache-miss
1061 http cache https://registry.npmjs.org/source-map-loader 68ms (cache hit)
1062 silly packumentCache full:https://registry.npmjs.org/source-map-loader set size:100772 disposed:false
1063 silly fetch manifest html-webpack-plugin@^5.5.0
1064 silly packumentCache full:https://registry.npmjs.org/html-webpack-plugin cache-miss
1065 http cache https://registry.npmjs.org/postcss-normalize 74ms (cache hit)
1066 silly packumentCache full:https://registry.npmjs.org/postcss-normalize set size:67620 disposed:false
1067 silly fetch manifest jest-watch-typeahead@^1.0.0
1068 silly packumentCache full:https://registry.npmjs.org/jest-watch-typeahead cache-miss
1069 http cache https://registry.npmjs.org/identity-obj-proxy 68ms (cache hit)
1070 silly packumentCache full:https://registry.npmjs.org/identity-obj-proxy set size:8188 disposed:false
1071 silly fetch manifest eslint-webpack-plugin@^3.1.1
1072 silly packumentCache full:https://registry.npmjs.org/eslint-webpack-plugin cache-miss
1073 http cache https://registry.npmjs.org/postcss-preset-env 69ms (cache hit)
1074 silly packumentCache full:https://registry.npmjs.org/postcss-preset-env set size:743001 disposed:false
1075 silly fetch manifest terser-webpack-plugin@^5.2.5
1076 silly packumentCache full:https://registry.npmjs.org/terser-webpack-plugin cache-miss
1077 http cache https://registry.npmjs.org/react-app-polyfill 27ms (cache hit)
1078 silly packumentCache full:https://registry.npmjs.org/react-app-polyfill set size:107977 disposed:false
1079 silly fetch manifest babel-preset-react-app@^10.0.1
1080 silly packumentCache full:https://registry.npmjs.org/babel-preset-react-app cache-miss
1081 http cache https://registry.npmjs.org/resolve-url-loader 23ms (cache hit)
1082 silly packumentCache full:https://registry.npmjs.org/resolve-url-loader set size:274156 disposed:false
1083 silly fetch manifest postcss-flexbugs-fixes@^5.0.2
1084 silly packumentCache full:https://registry.npmjs.org/postcss-flexbugs-fixes cache-miss
1085 http cache https://registry.npmjs.org/webpack-dev-server 24ms (cache hit)
1086 silly packumentCache full:https://registry.npmjs.org/webpack-dev-server set size:858432 disposed:false
1087 silly fetch manifest workbox-webpack-plugin@^6.4.1
1088 silly packumentCache full:https://registry.npmjs.org/workbox-webpack-plugin cache-miss
1089 http cache https://registry.npmjs.org/html-webpack-plugin 32ms (cache hit)
1090 silly packumentCache full:https://registry.npmjs.org/html-webpack-plugin set size:497321 disposed:false
1091 silly fetch manifest eslint-config-react-app@^7.0.1
1092 silly packumentCache full:https://registry.npmjs.org/eslint-config-react-app cache-miss
1093 http cache https://registry.npmjs.org/jest-watch-typeahead 34ms (cache hit)
1094 silly packumentCache full:https://registry.npmjs.org/jest-watch-typeahead set size:135613 disposed:false
1095 silly fetch manifest mini-css-extract-plugin@^2.4.5
1096 silly packumentCache full:https://registry.npmjs.org/mini-css-extract-plugin cache-miss
1097 http cache https://registry.npmjs.org/eslint-webpack-plugin 37ms (cache hit)
1098 silly packumentCache full:https://registry.npmjs.org/eslint-webpack-plugin set size:149078 disposed:false
1099 silly fetch manifest webpack-manifest-plugin@^4.0.2
1100 silly packumentCache full:https://registry.npmjs.org/webpack-manifest-plugin cache-miss
1101 http cache https://registry.npmjs.org/terser-webpack-plugin 30ms (cache hit)
1102 silly packumentCache full:https://registry.npmjs.org/terser-webpack-plugin set size:430998 disposed:false
1103 silly fetch manifest css-minimizer-webpack-plugin@^3.2.0
1104 silly packumentCache full:https://registry.npmjs.org/css-minimizer-webpack-plugin cache-miss
1105 http cache https://registry.npmjs.org/babel-preset-react-app 31ms (cache hit)
1106 silly packumentCache full:https://registry.npmjs.org/babel-preset-react-app set size:230562 disposed:false
1107 silly fetch manifest babel-plugin-named-asset-import@^0.3.8
1108 silly packumentCache full:https://registry.npmjs.org/babel-plugin-named-asset-import cache-miss
1109 http cache https://registry.npmjs.org/postcss-flexbugs-fixes 31ms (cache hit)
1110 silly packumentCache full:https://registry.npmjs.org/postcss-flexbugs-fixes set size:45700 disposed:false
1111 silly fetch manifest case-sensitive-paths-webpack-plugin@^2.4.0
1112 silly packumentCache full:https://registry.npmjs.org/case-sensitive-paths-webpack-plugin cache-miss
1113 http cache https://registry.npmjs.org/workbox-webpack-plugin 23ms (cache hit)
1114 silly packumentCache full:https://registry.npmjs.org/workbox-webpack-plugin set size:277780 disposed:false
1115 silly fetch manifest @pmmmwh/react-refresh-webpack-plugin@^0.5.3
1116 silly packumentCache full:https://registry.npmjs.org/@pmmmwh%2freact-refresh-webpack-plugin cache-miss
1117 http cache https://registry.npmjs.org/eslint-config-react-app 21ms (cache hit)
1118 silly packumentCache full:https://registry.npmjs.org/eslint-config-react-app set size:196719 disposed:false
1119 silly fetch manifest fsevents@^2.3.2
1120 silly packumentCache full:https://registry.npmjs.org/fsevents cache-miss
1121 http cache https://registry.npmjs.org/mini-css-extract-plugin 22ms (cache hit)
1122 silly packumentCache full:https://registry.npmjs.org/mini-css-extract-plugin set size:404474 disposed:false
1123 silly fetch manifest immer@^10.1.1
1124 silly packumentCache full:https://registry.npmjs.org/immer cache-miss
1125 http cache https://registry.npmjs.org/webpack-manifest-plugin 22ms (cache hit)
1126 silly packumentCache full:https://registry.npmjs.org/webpack-manifest-plugin set size:125261 disposed:false
1127 silly fetch manifest reselect@5.1.1
1128 silly packumentCache full:https://registry.npmjs.org/reselect cache-miss
1129 http cache https://registry.npmjs.org/css-minimizer-webpack-plugin 21ms (cache hit)
1130 silly packumentCache full:https://registry.npmjs.org/css-minimizer-webpack-plugin set size:186221 disposed:false
1131 silly fetch manifest es-toolkit@^1.39.3
1132 silly packumentCache full:https://registry.npmjs.org/es-toolkit cache-miss
1133 http cache https://registry.npmjs.org/case-sensitive-paths-webpack-plugin 17ms (cache hit)
1134 silly packumentCache full:https://registry.npmjs.org/case-sensitive-paths-webpack-plugin set size:32422 disposed:false
1135 silly fetch manifest react-redux@8.x.x || 9.x.x
1136 silly packumentCache full:https://registry.npmjs.org/react-redux cache-miss
1137 http cache https://registry.npmjs.org/@pmmmwh%2freact-refresh-webpack-plugin 16ms (cache hit)
1138 silly packumentCache full:https://registry.npmjs.org/@pmmmwh%2freact-refresh-webpack-plugin set size:358984 disposed:false
1139 silly fetch manifest eventemitter3@^5.0.1
1140 silly packumentCache full:https://registry.npmjs.org/eventemitter3 cache-miss
1141 http cache https://registry.npmjs.org/babel-plugin-named-asset-import 23ms (cache hit)
1142 silly packumentCache full:https://registry.npmjs.org/babel-plugin-named-asset-import set size:111176 disposed:false
1143 silly fetch manifest tiny-invariant@^1.3.3
1144 silly packumentCache full:https://registry.npmjs.org/tiny-invariant cache-miss
1145 http cache https://registry.npmjs.org/fsevents 17ms (cache hit)
1146 silly packumentCache full:https://registry.npmjs.org/fsevents set size:182472 disposed:false
1147 silly fetch manifest victory-vendor@^37.0.2
1148 silly packumentCache full:https://registry.npmjs.org/victory-vendor cache-miss
1149 http cache https://registry.npmjs.org/immer 17ms (cache hit)
1150 silly packumentCache full:https://registry.npmjs.org/immer set size:761699 disposed:false
1151 silly fetch manifest @reduxjs/toolkit@1.x.x || 2.x.x
1152 silly packumentCache full:https://registry.npmjs.org/@reduxjs%2ftoolkit cache-miss
1153 http cache https://registry.npmjs.org/reselect 21ms (cache hit)
1154 silly packumentCache full:https://registry.npmjs.org/reselect set size:353417 disposed:false
1155 silly fetch manifest decimal.js-light@^2.5.1
1156 silly packumentCache full:https://registry.npmjs.org/decimal.js-light cache-miss
1157 http cache https://registry.npmjs.org/victory-vendor 14ms (cache hit)
1158 silly packumentCache full:https://registry.npmjs.org/victory-vendor set size:249266 disposed:false
1159 silly fetch manifest use-sync-external-store@^1.2.2
1160 silly packumentCache full:https://registry.npmjs.org/use-sync-external-store cache-miss
1161 http cache https://registry.npmjs.org/react-redux 25ms (cache hit)
1162 silly packumentCache full:https://registry.npmjs.org/react-redux set size:582163 disposed:false
1163 silly fetch manifest dequal@^2.0.3
1164 silly packumentCache full:https://registry.npmjs.org/dequal cache-miss
1165 http cache https://registry.npmjs.org/eventemitter3 27ms (cache hit)
1166 silly packumentCache full:https://registry.npmjs.org/eventemitter3 set size:92292 disposed:false
1167 silly fetch manifest use-sync-external-store@^1.6.0
1168 silly packumentCache full:https://registry.npmjs.org/use-sync-external-store cache-miss
1169 http cache https://registry.npmjs.org/es-toolkit 48ms (cache hit)
1170 silly packumentCache full:https://registry.npmjs.org/es-toolkit set size:11311715 disposed:false
1171 silly fetch manifest arg@^5.0.2
1172 silly packumentCache full:https://registry.npmjs.org/arg cache-miss
1173 http cache https://registry.npmjs.org/tiny-invariant 140ms (cache hit)
1174 silly packumentCache full:https://registry.npmjs.org/tiny-invariant set size:98310 disposed:false
1175 silly fetch manifest dlv@^1.1.3
1176 silly packumentCache full:https://registry.npmjs.org/dlv cache-miss
1177 http cache https://registry.npmjs.org/@reduxjs%2ftoolkit 138ms (cache hit)
1178 silly packumentCache full:https://registry.npmjs.org/@reduxjs%2ftoolkit set size:571517 disposed:false
1179 silly fetch manifest jiti@^1.21.6
1180 silly packumentCache full:https://registry.npmjs.org/jiti cache-miss
1181 http cache https://registry.npmjs.org/decimal.js-light 141ms (cache hit)
1182 silly packumentCache full:https://registry.npmjs.org/decimal.js-light set size:38254 disposed:false
1183 silly fetch manifest resolve@^1.22.8
1184 silly packumentCache full:https://registry.npmjs.org/resolve cache-hit
1185 silly fetch manifest sucrase@^3.35.0
1186 silly packumentCache full:https://registry.npmjs.org/sucrase cache-miss
1187 http cache https://registry.npmjs.org/dequal 132ms (cache hit)
1188 silly packumentCache full:https://registry.npmjs.org/dequal set size:24037 disposed:false
1189 silly fetch manifest chokidar@^3.6.0
1190 silly packumentCache full:https://registry.npmjs.org/chokidar cache-miss
1191 http cache https://registry.npmjs.org/arg 20ms (cache hit)
1192 silly packumentCache full:https://registry.npmjs.org/arg set size:67036 disposed:false
1193 silly fetch manifest fast-glob@^3.3.2
1194 silly packumentCache full:https://registry.npmjs.org/fast-glob cache-miss
1195 http cache https://registry.npmjs.org/dlv 19ms (cache hit)
1196 silly packumentCache full:https://registry.npmjs.org/dlv set size:16709 disposed:false
1197 silly fetch manifest lilconfig@^3.1.3
1198 silly packumentCache full:https://registry.npmjs.org/lilconfig cache-miss
1199 http cache https://registry.npmjs.org/use-sync-external-store 151ms (cache hit)
1200 silly packumentCache full:https://registry.npmjs.org/use-sync-external-store set size:4760947 disposed:false
1201 silly fetch manifest didyoumean@^1.2.2
1202 silly packumentCache full:https://registry.npmjs.org/didyoumean cache-miss
1203 http cache https://registry.npmjs.org/use-sync-external-store 180ms (cache hit)
1204 silly packumentCache full:https://registry.npmjs.org/use-sync-external-store set size:4760947 disposed:false
1205 silly fetch manifest micromatch@^4.0.8
1206 silly packumentCache full:https://registry.npmjs.org/micromatch cache-miss
1207 http cache https://registry.npmjs.org/jiti 84ms (cache hit)
1208 silly packumentCache full:https://registry.npmjs.org/jiti set size:387989 disposed:false
1209 silly fetch manifest postcss-js@^4.0.1
1210 silly packumentCache full:https://registry.npmjs.org/postcss-js cache-miss
1211 http cache https://registry.npmjs.org/sucrase 89ms (cache hit)
1212 silly packumentCache full:https://registry.npmjs.org/sucrase set size:449399 disposed:false
1213 silly fetch manifest object-hash@^3.0.0
1214 silly packumentCache full:https://registry.npmjs.org/object-hash cache-miss
1215 http cache https://registry.npmjs.org/chokidar 94ms (cache hit)
1216 silly packumentCache full:https://registry.npmjs.org/chokidar set size:255902 disposed:false
1217 silly fetch manifest normalize-path@^3.0.0
1218 silly packumentCache full:https://registry.npmjs.org/normalize-path cache-miss
1219 http cache https://registry.npmjs.org/lilconfig 94ms (cache hit)
1220 silly packumentCache full:https://registry.npmjs.org/lilconfig set size:45636 disposed:false
1221 silly fetch manifest postcss-import@^15.1.0
1222 silly packumentCache full:https://registry.npmjs.org/postcss-import cache-miss
1223 http cache https://registry.npmjs.org/didyoumean 61ms (cache hit)
1224 silly packumentCache full:https://registry.npmjs.org/didyoumean set size:11446 disposed:false
1225 silly fetch manifest postcss-nested@^6.2.0
1226 silly packumentCache full:https://registry.npmjs.org/postcss-nested cache-miss
1227 http cache https://registry.npmjs.org/fast-glob 99ms (cache hit)
1228 silly packumentCache full:https://registry.npmjs.org/fast-glob set size:220556 disposed:false
1229 silly fetch manifest @alloc/quick-lru@^5.2.0
1230 silly packumentCache full:https://registry.npmjs.org/@alloc%2fquick-lru cache-miss
1231 http cache https://registry.npmjs.org/micromatch 28ms (cache hit)
1232 silly packumentCache full:https://registry.npmjs.org/micromatch set size:240630 disposed:false
1233 silly fetch manifest postcss-load-config@^4.0.2
1234 silly packumentCache full:https://registry.npmjs.org/postcss-load-config cache-miss
1235 http cache https://registry.npmjs.org/postcss-js 28ms (cache hit)
1236 silly packumentCache full:https://registry.npmjs.org/postcss-js set size:51308 disposed:false
1237 silly fetch manifest postcss-selector-parser@^6.1.2
1238 silly packumentCache full:https://registry.npmjs.org/postcss-selector-parser cache-miss
1239 http cache https://registry.npmjs.org/object-hash 26ms (cache hit)
1240 silly packumentCache full:https://registry.npmjs.org/object-hash set size:100564 disposed:false
1241 http cache https://registry.npmjs.org/normalize-path 23ms (cache hit)
1242 silly packumentCache full:https://registry.npmjs.org/normalize-path set size:28713 disposed:false
1243 http cache https://registry.npmjs.org/postcss-nested 24ms (cache hit)
1244 silly packumentCache full:https://registry.npmjs.org/postcss-nested set size:79120 disposed:false
1245 http cache https://registry.npmjs.org/@alloc%2fquick-lru 24ms (cache hit)
1246 silly packumentCache full:https://registry.npmjs.org/@alloc%2fquick-lru set size:7269 disposed:false
1247 http cache https://registry.npmjs.org/postcss-import 29ms (cache hit)
1248 silly packumentCache full:https://registry.npmjs.org/postcss-import set size:120971 disposed:false
1249 http cache https://registry.npmjs.org/postcss-load-config 23ms (cache hit)
1250 silly packumentCache full:https://registry.npmjs.org/postcss-load-config set size:86425 disposed:false
1251 http cache https://registry.npmjs.org/postcss-selector-parser 24ms (cache hit)
1252 silly packumentCache full:https://registry.npmjs.org/postcss-selector-parser set size:193966 disposed:false
1253 silly placeDep ROOT @babel/helper-annotate-as-pure@7.29.7 OK for: @babel/plugin-proposal-private-property-in-object@7.21.11 want: ^7.18.6
1254 silly placeDep ROOT @babel/helper-create-class-features-plugin@7.29.7 OK for: @babel/plugin-proposal-private-property-in-object@7.21.11 want: ^7.21.0
1255 silly placeDep ROOT @babel/helper-plugin-utils@7.29.7 OK for: @babel/plugin-proposal-private-property-in-object@7.21.11 want: ^7.20.2
1256 silly placeDep ROOT @babel/plugin-syntax-private-property-in-object@7.14.5 OK for: @babel/plugin-proposal-private-property-in-object@7.21.11 want: ^7.14.5
1257 silly fetch manifest @babel/types@^7.29.7
1258 silly packumentCache full:https://registry.npmjs.org/@babel%2ftypes cache-miss
1259 silly fetch manifest @babel/traverse@^7.29.7
1260 silly packumentCache full:https://registry.npmjs.org/@babel%2ftraverse cache-miss
1261 silly fetch manifest @babel/helper-replace-supers@^7.29.7
1262 silly packumentCache full:https://registry.npmjs.org/@babel%2fhelper-replace-supers cache-miss
1263 silly fetch manifest @babel/helper-optimise-call-expression@^7.29.7
1264 silly packumentCache full:https://registry.npmjs.org/@babel%2fhelper-optimise-call-expression cache-miss
1265 silly fetch manifest @babel/helper-member-expression-to-functions@^7.29.7
1266 silly packumentCache full:https://registry.npmjs.org/@babel%2fhelper-member-expression-to-functions cache-miss
1267 silly fetch manifest @babel/helper-skip-transparent-expression-wrappers@^7.29.7
1268 silly packumentCache full:https://registry.npmjs.org/@babel%2fhelper-skip-transparent-expression-wrappers cache-miss
1269 http cache https://registry.npmjs.org/@babel%2fhelper-member-expression-to-functions 14ms (cache hit)
1270 silly packumentCache full:https://registry.npmjs.org/@babel%2fhelper-member-expression-to-functions set size:229230 disposed:false
1271 http cache https://registry.npmjs.org/@babel%2fhelper-replace-supers 19ms (cache hit)
1272 silly packumentCache full:https://registry.npmjs.org/@babel%2fhelper-replace-supers set size:270231 disposed:false
1273 http cache https://registry.npmjs.org/@babel%2ftraverse 24ms (cache hit)
1274 silly packumentCache full:https://registry.npmjs.org/@babel%2ftraverse set size:560074 disposed:false
1275 http cache https://registry.npmjs.org/@babel%2ftypes 33ms (cache hit)
1276 silly packumentCache full:https://registry.npmjs.org/@babel%2ftypes set size:498480 disposed:false
1277 http cache https://registry.npmjs.org/@babel%2fhelper-skip-transparent-expression-wrappers 40ms (cache hit)
1278 silly packumentCache full:https://registry.npmjs.org/@babel%2fhelper-skip-transparent-expression-wrappers set size:105696 disposed:false
1279 http cache https://registry.npmjs.org/@babel%2fhelper-optimise-call-expression 43ms (cache hit)
1280 silly packumentCache full:https://registry.npmjs.org/@babel%2fhelper-optimise-call-expression set size:193007 disposed:false
1281 silly placeDep ROOT @babel/types@7.29.7 OK for: @babel/helper-annotate-as-pure@7.29.7 want: ^7.29.7
1282 silly fetch manifest @babel/helper-string-parser@^7.29.7
1283 silly packumentCache full:https://registry.npmjs.org/@babel%2fhelper-string-parser cache-miss
1284 silly fetch manifest @babel/helper-validator-identifier@^7.29.7
1285 silly packumentCache full:https://registry.npmjs.org/@babel%2fhelper-validator-identifier cache-miss
1286 http cache https://registry.npmjs.org/@babel%2fhelper-string-parser 5ms (cache hit)
1287 silly packumentCache full:https://registry.npmjs.org/@babel%2fhelper-string-parser set size:91563 disposed:false
1288 http cache https://registry.npmjs.org/@babel%2fhelper-validator-identifier 6ms (cache hit)
1289 silly packumentCache full:https://registry.npmjs.org/@babel%2fhelper-validator-identifier set size:127858 disposed:false
1290 silly placeDep ROOT @babel/helper-member-expression-to-functions@7.29.7 OK for: @babel/helper-create-class-features-plugin@7.29.7 want: ^7.29.7
1291 silly placeDep ROOT @babel/helper-optimise-call-expression@7.29.7 OK for: @babel/helper-create-class-features-plugin@7.29.7 want: ^7.29.7
1292 silly placeDep ROOT @babel/helper-replace-supers@7.29.7 OK for: @babel/helper-create-class-features-plugin@7.29.7 want: ^7.29.7
1293 silly placeDep ROOT @babel/helper-skip-transparent-expression-wrappers@7.29.7 OK for: @babel/helper-create-class-features-plugin@7.29.7 want: ^7.29.7
1294 silly placeDep ROOT @babel/traverse@7.29.7 OK for: @babel/helper-create-class-features-plugin@7.29.7 want: ^7.29.7
1295 silly placeDep ROOT semver@6.3.1 OK for: @babel/helper-create-class-features-plugin@7.29.7 want: ^6.3.1
1296 silly fetch manifest debug@^4.3.1
1297 silly packumentCache full:https://registry.npmjs.org/debug cache-hit
1298 silly fetch manifest @babel/parser@^7.29.7
1299 silly packumentCache full:https://registry.npmjs.org/@babel%2fparser cache-miss
1300 silly fetch manifest @babel/template@^7.29.7
1301 silly packumentCache full:https://registry.npmjs.org/@babel%2ftemplate cache-miss
1302 silly fetch manifest @babel/generator@^7.29.7
1303 silly packumentCache full:https://registry.npmjs.org/@babel%2fgenerator cache-miss
1304 silly fetch manifest @babel/code-frame@^7.29.7
1305 silly packumentCache full:https://registry.npmjs.org/@babel%2fcode-frame cache-miss
1306 silly fetch manifest @babel/helper-globals@^7.29.7
1307 silly packumentCache full:https://registry.npmjs.org/@babel%2fhelper-globals cache-miss
1308 http cache https://registry.npmjs.org/@babel%2fcode-frame 15ms (cache hit)
1309 silly packumentCache full:https://registry.npmjs.org/@babel%2fcode-frame set size:206617 disposed:false
1310 http cache https://registry.npmjs.org/@babel%2ftemplate 20ms (cache hit)
1311 silly packumentCache full:https://registry.npmjs.org/@babel%2ftemplate set size:237074 disposed:false
1312 http cache https://registry.npmjs.org/@babel%2fparser 27ms (cache hit)
1313 silly packumentCache full:https://registry.npmjs.org/@babel%2fparser set size:732981 disposed:false
1314 http cache https://registry.npmjs.org/@babel%2fgenerator 37ms (cache hit)
1315 silly packumentCache full:https://registry.npmjs.org/@babel%2fgenerator set size:520504 disposed:false
1316 http cache https://registry.npmjs.org/@babel%2fhelper-globals 42ms (cache hit)
1317 silly packumentCache full:https://registry.npmjs.org/@babel%2fhelper-globals set size:25155 disposed:false
1318 silly placeDep ROOT @babel/code-frame@7.29.7 OK for: @babel/traverse@7.29.7 want: ^7.29.7
1319 silly placeDep ROOT @babel/generator@7.29.7 OK for: @babel/traverse@7.29.7 want: ^7.29.7
1320 silly placeDep ROOT @babel/helper-globals@7.29.7 OK for: @babel/traverse@7.29.7 want: ^7.29.7
1321 silly placeDep ROOT @babel/parser@7.29.7 OK for: @babel/traverse@7.29.7 want: ^7.29.7
1322 silly placeDep ROOT @babel/template@7.29.7 OK for: @babel/traverse@7.29.7 want: ^7.29.7
1323 silly placeDep ROOT debug@4.4.3 OK for: @babel/traverse@7.29.7 want: ^4.3.1
1324 silly fetch manifest js-tokens@^4.0.0
1325 silly packumentCache full:https://registry.npmjs.org/js-tokens cache-miss
1326 silly fetch manifest jsesc@^3.0.2
1327 silly packumentCache full:https://registry.npmjs.org/jsesc cache-miss
1328 silly fetch manifest @jridgewell/gen-mapping@^0.3.12
1329 silly packumentCache full:https://registry.npmjs.org/@jridgewell%2fgen-mapping cache-miss
1330 silly fetch manifest @jridgewell/trace-mapping@^0.3.28
1331 silly packumentCache full:https://registry.npmjs.org/@jridgewell%2ftrace-mapping cache-miss
1332 silly fetch manifest ms@^2.1.3
1333 silly packumentCache full:https://registry.npmjs.org/ms cache-miss
1334 http cache https://registry.npmjs.org/js-tokens 7ms (cache hit)
1335 silly packumentCache full:https://registry.npmjs.org/js-tokens set size:41947 disposed:false
1336 http cache https://registry.npmjs.org/@jridgewell%2ftrace-mapping 8ms (cache hit)
1337 silly packumentCache full:https://registry.npmjs.org/@jridgewell%2ftrace-mapping set size:170909 disposed:false
1338 http cache https://registry.npmjs.org/jsesc 11ms (cache hit)
1339 silly packumentCache full:https://registry.npmjs.org/jsesc set size:61512 disposed:false
1340 http cache https://registry.npmjs.org/@jridgewell%2fgen-mapping 13ms (cache hit)
1341 silly packumentCache full:https://registry.npmjs.org/@jridgewell%2fgen-mapping set size:75941 disposed:false
1342 http cache https://registry.npmjs.org/ms 13ms (cache hit)
1343 silly packumentCache full:https://registry.npmjs.org/ms set size:92208 disposed:false
1344 silly placeDep ROOT @babel/helper-validator-identifier@7.29.7 OK for: @babel/code-frame@7.29.7 want: ^7.29.7
1345 silly placeDep ROOT js-tokens@4.0.0 OK for: @babel/code-frame@7.29.7 want: ^4.0.0
1346 silly placeDep ROOT picocolors@1.1.1 OK for: @babel/code-frame@7.29.7 want: ^1.1.1
1347 silly placeDep ROOT @jridgewell/gen-mapping@0.3.13 OK for: @babel/generator@7.29.7 want: ^0.3.12
1348 silly placeDep ROOT @jridgewell/trace-mapping@0.3.31 OK for: @babel/generator@7.29.7 want: ^0.3.28
1349 silly placeDep ROOT jsesc@3.1.0 OK for: @babel/generator@7.29.7 want: ^3.0.2
1350 silly fetch manifest @jridgewell/trace-mapping@^0.3.24
1351 silly packumentCache full:https://registry.npmjs.org/@jridgewell%2ftrace-mapping cache-hit
1352 silly fetch manifest @jridgewell/sourcemap-codec@^1.5.0
1353 silly packumentCache full:https://registry.npmjs.org/@jridgewell%2fsourcemap-codec cache-miss
1354 silly fetch manifest @jridgewell/resolve-uri@^3.1.0
1355 silly packumentCache full:https://registry.npmjs.org/@jridgewell%2fresolve-uri cache-miss
1356 silly fetch manifest @jridgewell/sourcemap-codec@^1.4.14
1357 silly packumentCache full:https://registry.npmjs.org/@jridgewell%2fsourcemap-codec cache-miss
1358 http cache https://registry.npmjs.org/@jridgewell%2fsourcemap-codec 5ms (cache hit)
1359 silly packumentCache full:https://registry.npmjs.org/@jridgewell%2fsourcemap-codec set size:51856 disposed:false
1360 http cache https://registry.npmjs.org/@jridgewell%2fresolve-uri 5ms (cache hit)
1361 silly packumentCache full:https://registry.npmjs.org/@jridgewell%2fresolve-uri set size:57361 disposed:false
1362 http cache https://registry.npmjs.org/@jridgewell%2fsourcemap-codec 6ms (cache hit)
1363 silly packumentCache full:https://registry.npmjs.org/@jridgewell%2fsourcemap-codec set size:51856 disposed:false
1364 silly packumentCache full:https://registry.npmjs.org/@jridgewell%2fsourcemap-codec dispose
1365 silly placeDep ROOT @babel/helper-string-parser@7.29.7 OK for: @babel/types@7.29.7 want: ^7.29.7
1366 silly placeDep ROOT cosmiconfig@7.1.0 OK for: @craco/craco@7.1.0 want: ^7.0.1
1367 silly placeDep ROOT cosmiconfig-typescript-loader@1.0.9 OK for: @craco/craco@7.1.0 want: ^1.0.0
1368 silly placeDep ROOT cross-spawn@7.0.6 OK for: @craco/craco@7.1.0 want: ^7.0.3
1369 silly placeDep node_modules/@craco/craco semver@7.8.5 OK for: @craco/craco@7.1.0 want: ^7.3.7
1370 silly placeDep ROOT webpack-merge@5.10.0 OK for: @craco/craco@7.1.0 want: ^5.8.0
1371 silly fetch manifest yaml@^1.10.0
1372 silly packumentCache full:https://registry.npmjs.org/yaml cache-miss
1373 silly fetch manifest path-type@^4.0.0
1374 silly packumentCache full:https://registry.npmjs.org/path-type cache-miss
1375 silly fetch manifest parse-json@^5.0.0
1376 silly packumentCache full:https://registry.npmjs.org/parse-json cache-miss
1377 silly fetch manifest import-fresh@^3.2.1
1378 silly packumentCache full:https://registry.npmjs.org/import-fresh cache-miss
1379 silly fetch manifest @types/parse-json@^4.0.0
1380 silly packumentCache full:https://registry.npmjs.org/@types%2fparse-json cache-miss
1381 silly fetch manifest ts-node@^10.7.0
1382 silly packumentCache full:https://registry.npmjs.org/ts-node cache-miss
1383 silly fetch manifest which@^2.0.1
1384 silly packumentCache full:https://registry.npmjs.org/which cache-miss
1385 http cache https://registry.npmjs.org/path-type 9ms (cache hit)
1386 silly packumentCache full:https://registry.npmjs.org/path-type set size:15341 disposed:false
1387 silly fetch manifest path-key@^3.1.0
1388 silly packumentCache full:https://registry.npmjs.org/path-key cache-miss
1389 http cache https://registry.npmjs.org/import-fresh 9ms (cache hit)
1390 silly packumentCache full:https://registry.npmjs.org/import-fresh set size:24604 disposed:false
1391 silly fetch manifest shebang-command@^2.0.0
1392 silly packumentCache full:https://registry.npmjs.org/shebang-command cache-miss
1393 http cache https://registry.npmjs.org/yaml 13ms (cache hit)
1394 silly packumentCache full:https://registry.npmjs.org/yaml set size:385754 disposed:false
1395 silly fetch manifest flat@^5.0.2
1396 silly packumentCache full:https://registry.npmjs.org/flat cache-miss
1397 http cache https://registry.npmjs.org/parse-json 19ms (cache hit)
1398 silly packumentCache full:https://registry.npmjs.org/parse-json set size:48198 disposed:false
1399 silly fetch manifest wildcard@^2.0.0
1400 silly packumentCache full:https://registry.npmjs.org/wildcard cache-miss
1401 http cache https://registry.npmjs.org/@types%2fparse-json 20ms (cache hit)
1402 silly packumentCache full:https://registry.npmjs.org/@types%2fparse-json set size:6477 disposed:false
1403 silly fetch manifest clone-deep@^4.0.1
1404 silly packumentCache full:https://registry.npmjs.org/clone-deep cache-miss
1405 http cache https://registry.npmjs.org/which 21ms (cache hit)
1406 silly packumentCache full:https://registry.npmjs.org/which set size:70143 disposed:false
1407 http cache https://registry.npmjs.org/ts-node 26ms (cache hit)
1408 silly packumentCache full:https://registry.npmjs.org/ts-node set size:574573 disposed:false
1409 http cache https://registry.npmjs.org/path-key 27ms (cache hit)
1410 silly packumentCache full:https://registry.npmjs.org/path-key set size:16975 disposed:false
1411 http cache https://registry.npmjs.org/flat 19ms (cache hit)
1412 silly packumentCache full:https://registry.npmjs.org/flat set size:56541 disposed:false
1413 http cache https://registry.npmjs.org/clone-deep 16ms (cache hit)
1414 silly packumentCache full:https://registry.npmjs.org/clone-deep set size:38043 disposed:false
1415 http cache https://registry.npmjs.org/shebang-command 28ms (cache hit)
1416 silly packumentCache full:https://registry.npmjs.org/shebang-command set size:8525 disposed:false
1417 http cache https://registry.npmjs.org/wildcard 20ms (cache hit)
1418 silly packumentCache full:https://registry.npmjs.org/wildcard set size:20813 disposed:false
1419 silly placeDep ROOT @standard-schema/utils@0.3.0 OK for: @hookform/resolvers@5.0.1 want: ^0.3.0
1420 silly placeDep ROOT @jridgewell/sourcemap-codec@1.5.5 OK for: @jridgewell/gen-mapping@0.3.13 want: ^1.5.0
1421 silly placeDep ROOT @jridgewell/resolve-uri@3.1.2 OK for: @jridgewell/trace-mapping@0.3.31 want: ^3.1.0
1422 silly placeDep ROOT @radix-ui/primitive@1.1.2 OK for: @radix-ui/react-accordion@1.2.8 want: 1.1.2
1423 silly placeDep ROOT @radix-ui/react-collection@1.1.4 OK for: @radix-ui/react-accordion@1.2.8 want: 1.1.4
1424 silly placeDep ROOT @radix-ui/react-compose-refs@1.1.2 OK for: @radix-ui/react-accordion@1.2.8 want: 1.1.2
1425 silly placeDep ROOT @radix-ui/react-context@1.1.2 OK for: @radix-ui/react-accordion@1.2.8 want: 1.1.2
1426 silly placeDep ROOT @radix-ui/react-direction@1.1.1 OK for: @radix-ui/react-accordion@1.2.8 want: 1.1.1
1427 silly placeDep ROOT @radix-ui/react-id@1.1.1 OK for: @radix-ui/react-accordion@1.2.8 want: 1.1.1
1428 silly placeDep ROOT @radix-ui/react-primitive@2.1.0 OK for: @radix-ui/react-accordion@1.2.8 want: 2.1.0
1429 silly placeDep ROOT @radix-ui/react-use-controllable-state@1.2.2 OK for: @radix-ui/react-accordion@1.2.8 want: 1.2.2
1430 silly fetch manifest @radix-ui/react-use-effect-event@0.0.2
1431 silly packumentCache full:https://registry.npmjs.org/@radix-ui%2freact-use-effect-event cache-miss
1432 http cache https://registry.npmjs.org/@radix-ui%2freact-use-effect-event 15ms (cache hit)
1433 silly packumentCache full:https://registry.npmjs.org/@radix-ui%2freact-use-effect-event set size:53024 disposed:false
1434 silly placeDep ROOT @radix-ui/react-use-callback-ref@1.1.1 OK for: @radix-ui/react-avatar@1.1.7 want: 1.1.1
1435 silly placeDep ROOT @radix-ui/react-use-is-hydrated@0.1.0 OK for: @radix-ui/react-avatar@1.1.7 want: 0.1.0
1436 silly placeDep ROOT @radix-ui/react-use-layout-effect@1.1.1 OK for: @radix-ui/react-avatar@1.1.7 want: 1.1.1
1437 silly fetch manifest use-sync-external-store@^1.5.0
1438 silly packumentCache full:https://registry.npmjs.org/use-sync-external-store cache-miss
1439 http cache https://registry.npmjs.org/use-sync-external-store 12ms (cache hit)
1440 silly packumentCache full:https://registry.npmjs.org/use-sync-external-store set size:4760947 disposed:false
1441 silly placeDep ROOT @radix-ui/react-presence@1.1.4 OK for: @radix-ui/react-checkbox@1.2.3 want: 1.1.4
1442 silly placeDep ROOT @radix-ui/react-use-previous@1.1.1 OK for: @radix-ui/react-checkbox@1.2.3 want: 1.1.1
1443 silly placeDep ROOT @radix-ui/react-use-size@1.1.1 OK for: @radix-ui/react-checkbox@1.2.3 want: 1.1.1
1444 silly placeDep ROOT @radix-ui/react-menu@2.1.12 OK for: @radix-ui/react-context-menu@2.2.12 want: 2.1.12
1445 silly placeDep ROOT @radix-ui/react-dismissable-layer@1.1.7 OK for: @radix-ui/react-dialog@1.1.11 want: 1.1.7
1446 silly placeDep ROOT @radix-ui/react-focus-guards@1.1.2 OK for: @radix-ui/react-dialog@1.1.11 want: 1.1.2
1447 silly placeDep ROOT @radix-ui/react-focus-scope@1.1.4 OK for: @radix-ui/react-dialog@1.1.11 want: 1.1.4
1448 silly placeDep ROOT @radix-ui/react-portal@1.1.6 OK for: @radix-ui/react-dialog@1.1.11 want: 1.1.6
1449 silly placeDep ROOT aria-hidden@1.2.6 OK for: @radix-ui/react-dialog@1.1.11 want: ^1.2.4
1450 silly placeDep ROOT react-remove-scroll@2.7.2 OK for: @radix-ui/react-dialog@1.1.11 want: ^2.6.3
1451 silly fetch manifest @radix-ui/react-use-escape-keydown@1.1.1
1452 silly packumentCache full:https://registry.npmjs.org/@radix-ui%2freact-use-escape-keydown cache-miss
1453 silly fetch manifest tslib@^2.0.0
1454 silly packumentCache full:https://registry.npmjs.org/tslib cache-hit
1455 silly fetch manifest react-remove-scroll-bar@^2.3.7
1456 silly packumentCache full:https://registry.npmjs.org/react-remove-scroll-bar cache-miss
1457 silly fetch manifest react-style-singleton@^2.2.3
1458 silly packumentCache full:https://registry.npmjs.org/react-style-singleton cache-miss
1459 silly fetch manifest tslib@^2.1.0
1460 silly packumentCache full:https://registry.npmjs.org/tslib cache-hit
1461 silly fetch manifest use-callback-ref@^1.3.3
1462 silly packumentCache full:https://registry.npmjs.org/use-callback-ref cache-miss
1463 silly fetch manifest use-sidecar@^1.1.3
1464 silly packumentCache full:https://registry.npmjs.org/use-sidecar cache-miss
1465 http cache https://registry.npmjs.org/use-callback-ref 11ms (cache hit)
1466 silly packumentCache full:https://registry.npmjs.org/use-callback-ref set size:47599 disposed:false
1467 http cache https://registry.npmjs.org/@radix-ui%2freact-use-escape-keydown 14ms (cache hit)
1468 silly packumentCache full:https://registry.npmjs.org/@radix-ui%2freact-use-escape-keydown set size:307723 disposed:false
1469 http cache https://registry.npmjs.org/react-style-singleton 16ms (cache hit)
1470 silly packumentCache full:https://registry.npmjs.org/react-style-singleton set size:33682 disposed:false
1471 http cache https://registry.npmjs.org/react-remove-scroll-bar 18ms (cache hit)
1472 silly packumentCache full:https://registry.npmjs.org/react-remove-scroll-bar set size:66434 disposed:false
1473 http cache https://registry.npmjs.org/use-sidecar 17ms (cache hit)
1474 silly packumentCache full:https://registry.npmjs.org/use-sidecar set size:58998 disposed:false
1475 silly placeDep ROOT @radix-ui/react-use-escape-keydown@1.1.1 OK for: @radix-ui/react-dismissable-layer@1.1.7 want: 1.1.1
1476 silly placeDep ROOT @radix-ui/react-popper@1.2.4 OK for: @radix-ui/react-hover-card@1.1.11 want: 1.2.4
1477 silly fetch manifest @radix-ui/rect@1.1.1
1478 silly packumentCache full:https://registry.npmjs.org/@radix-ui%2frect cache-miss
1479 silly fetch manifest @radix-ui/react-arrow@1.1.4
1480 silly packumentCache full:https://registry.npmjs.org/@radix-ui%2freact-arrow cache-miss
1481 silly fetch manifest @floating-ui/react-dom@^2.0.0
1482 silly packumentCache full:https://registry.npmjs.org/@floating-ui%2freact-dom cache-miss
1483 silly fetch manifest @radix-ui/react-use-rect@1.1.1
1484 silly packumentCache full:https://registry.npmjs.org/@radix-ui%2freact-use-rect cache-miss
1485 http cache https://registry.npmjs.org/@radix-ui%2frect 7ms (cache hit)
1486 silly packumentCache full:https://registry.npmjs.org/@radix-ui%2frect set size:125785 disposed:false
1487 http cache https://registry.npmjs.org/@radix-ui%2freact-use-rect 8ms (cache hit)
1488 silly packumentCache full:https://registry.npmjs.org/@radix-ui%2freact-use-rect set size:254543 disposed:false
1489 http cache https://registry.npmjs.org/@floating-ui%2freact-dom 11ms (cache hit)
1490 silly packumentCache full:https://registry.npmjs.org/@floating-ui%2freact-dom set size:165093 disposed:false
1491 http cache https://registry.npmjs.org/@radix-ui%2freact-arrow 14ms (cache hit)
1492 silly packumentCache full:https://registry.npmjs.org/@radix-ui%2freact-arrow set size:678235 disposed:false
1493 silly placeDep ROOT @radix-ui/react-roving-focus@1.1.7 OK for: @radix-ui/react-menu@2.1.12 want: 1.1.7
1494 silly placeDep ROOT @radix-ui/react-visually-hidden@1.2.0 OK for: @radix-ui/react-navigation-menu@1.2.10 want: 1.2.0
1495 silly placeDep ROOT @floating-ui/react-dom@2.1.8 OK for: @radix-ui/react-popper@1.2.4 want: ^2.0.0
1496 silly placeDep ROOT @radix-ui/react-arrow@1.1.4 OK for: @radix-ui/react-popper@1.2.4 want: 1.1.4
1497 silly placeDep ROOT @radix-ui/react-use-rect@1.1.1 OK for: @radix-ui/react-popper@1.2.4 want: 1.1.1
1498 silly placeDep ROOT @radix-ui/rect@1.1.1 OK for: @radix-ui/react-popper@1.2.4 want: 1.1.1
1499 silly fetch manifest @floating-ui/dom@^1.7.6
1500 silly packumentCache full:https://registry.npmjs.org/@floating-ui%2fdom cache-miss
1501 http cache https://registry.npmjs.org/@floating-ui%2fdom 3ms (cache hit)
1502 silly packumentCache full:https://registry.npmjs.org/@floating-ui%2fdom set size:251540 disposed:false
1503 silly placeDep ROOT @floating-ui/dom@1.7.6 OK for: @floating-ui/react-dom@2.1.8 want: ^1.7.6
1504 silly fetch manifest @floating-ui/core@^1.7.5
1505 silly packumentCache full:https://registry.npmjs.org/@floating-ui%2fcore cache-miss
1506 silly fetch manifest @floating-ui/utils@^0.2.11
1507 silly packumentCache full:https://registry.npmjs.org/@floating-ui%2futils cache-miss
1508 http cache https://registry.npmjs.org/@floating-ui%2futils 3ms (cache hit)
1509 silly packumentCache full:https://registry.npmjs.org/@floating-ui%2futils set size:51278 disposed:false
1510 http cache https://registry.npmjs.org/@floating-ui%2fcore 4ms (cache hit)
1511 silly packumentCache full:https://registry.npmjs.org/@floating-ui%2fcore set size:179277 disposed:false
1512 silly placeDep ROOT @floating-ui/core@1.7.5 OK for: @floating-ui/dom@1.7.6 want: ^1.7.5
1513 silly placeDep ROOT @floating-ui/utils@0.2.11 OK for: @floating-ui/dom@1.7.6 want: ^0.2.11
1514 silly placeDep ROOT @radix-ui/number@1.1.1 OK for: @radix-ui/react-scroll-area@1.2.6 want: 1.1.1
1515 silly placeDep ROOT @radix-ui/react-use-effect-event@0.0.2 OK for: @radix-ui/react-use-controllable-state@1.2.2 want: 0.0.2
1516 silly placeDep ROOT use-sync-external-store@1.6.0 OK for: @radix-ui/react-use-is-hydrated@0.1.0 want: ^1.5.0
1517 silly placeDep ROOT @tanstack/query-core@5.56.2 OK for: @tanstack/react-query@5.56.2 want: 5.56.2
1518 silly placeDep ROOT tslib@2.8.1 OK for: aria-hidden@1.2.6 want: ^2.0.0
1519 silly placeDep ROOT browserslist@4.28.4 OK for: autoprefixer@10.4.20 want: ^4.23.3
1520 silly placeDep ROOT caniuse-lite@1.0.30001799 OK for: autoprefixer@10.4.20 want: ^1.0.30001646
1521 silly placeDep ROOT fraction.js@4.3.7 OK for: autoprefixer@10.4.20 want: ^4.3.7
1522 silly placeDep ROOT normalize-range@0.1.2 OK for: autoprefixer@10.4.20 want: ^0.1.2
1523 silly placeDep ROOT postcss-value-parser@4.2.0 OK for: autoprefixer@10.4.20 want: ^4.2.0
1524 silly fetch manifest caniuse-lite@^1.0.30001799
1525 silly packumentCache full:https://registry.npmjs.org/caniuse-lite cache-miss
1526 silly fetch manifest node-releases@^2.0.48
1527 silly packumentCache full:https://registry.npmjs.org/node-releases cache-miss
1528 silly fetch manifest electron-to-chromium@^1.5.376
1529 silly packumentCache full:https://registry.npmjs.org/electron-to-chromium cache-miss
1530 silly fetch manifest update-browserslist-db@^1.2.3
1531 silly packumentCache full:https://registry.npmjs.org/update-browserslist-db cache-miss
1532 silly fetch manifest baseline-browser-mapping@^2.10.38
1533 silly packumentCache full:https://registry.npmjs.org/baseline-browser-mapping cache-miss
1534 http cache https://registry.npmjs.org/update-browserslist-db 8ms (cache hit)
1535 silly packumentCache full:https://registry.npmjs.org/update-browserslist-db set size:62000 disposed:false
1536 http cache https://registry.npmjs.org/caniuse-lite 13ms (cache hit)
1537 silly packumentCache full:https://registry.npmjs.org/caniuse-lite set size:2297040 disposed:false
1538 http cache https://registry.npmjs.org/node-releases 25ms (cache hit)
1539 silly packumentCache full:https://registry.npmjs.org/node-releases set size:288449 disposed:false
1540 http cache https://registry.npmjs.org/electron-to-chromium 33ms (cache hit)
1541 silly packumentCache full:https://registry.npmjs.org/electron-to-chromium set size:4839747 disposed:false
1542 http cache https://registry.npmjs.org/baseline-browser-mapping 61ms (cache hit)
1543 silly packumentCache full:https://registry.npmjs.org/baseline-browser-mapping set size:495089 disposed:false
1544 silly placeDep ROOT follow-redirects@1.16.0 OK for: axios@1.16.0 want: ^1.16.0
1545 silly placeDep ROOT form-data@4.0.6 OK for: axios@1.16.0 want: ^4.0.5
1546 silly placeDep ROOT proxy-from-env@2.1.0 OK for: axios@1.16.0 want: ^2.1.0
1547 silly fetch manifest hasown@^2.0.4
1548 silly packumentCache full:https://registry.npmjs.org/hasown cache-hit
1549 silly fetch manifest asynckit@^0.4.0
1550 silly packumentCache full:https://registry.npmjs.org/asynckit cache-miss
1551 silly fetch manifest mime-types@^2.1.35
1552 silly packumentCache full:https://registry.npmjs.org/mime-types cache-miss
1553 silly fetch manifest combined-stream@^1.0.8
1554 silly packumentCache full:https://registry.npmjs.org/combined-stream cache-miss
1555 silly fetch manifest es-set-tostringtag@^2.1.0
1556 silly packumentCache full:https://registry.npmjs.org/es-set-tostringtag cache-miss
1557 http cache https://registry.npmjs.org/asynckit 11ms (cache hit)
1558 silly packumentCache full:https://registry.npmjs.org/asynckit set size:18932 disposed:false
1559 http cache https://registry.npmjs.org/mime-types 12ms (cache hit)
1560 silly packumentCache full:https://registry.npmjs.org/mime-types set size:139110 disposed:false
1561 http cache https://registry.npmjs.org/combined-stream 15ms (cache hit)
1562 silly packumentCache full:https://registry.npmjs.org/combined-stream set size:40337 disposed:false
1563 http cache https://registry.npmjs.org/es-set-tostringtag 17ms (cache hit)
1564 silly packumentCache full:https://registry.npmjs.org/es-set-tostringtag set size:22094 disposed:false
1565 silly placeDep ROOT baseline-browser-mapping@2.10.38 OK for: browserslist@4.28.4 want: ^2.10.38
1566 silly placeDep ROOT electron-to-chromium@1.5.378 OK for: browserslist@4.28.4 want: ^1.5.376
1567 silly placeDep ROOT node-releases@2.0.50 OK for: browserslist@4.28.4 want: ^2.0.48
1568 silly placeDep ROOT update-browserslist-db@1.2.3 OK for: browserslist@4.28.4 want: ^1.2.3
1569 silly fetch manifest escalade@^3.2.0
1570 silly packumentCache full:https://registry.npmjs.org/escalade cache-miss
1571 http cache https://registry.npmjs.org/escalade 9ms (cache hit)
1572 silly packumentCache full:https://registry.npmjs.org/escalade set size:33724 disposed:false
1573 silly placeDep ROOT @types/parse-json@4.0.2 OK for: cosmiconfig@7.1.0 want: ^4.0.0
1574 silly placeDep ROOT import-fresh@3.3.1 OK for: cosmiconfig@7.1.0 want: ^3.2.1
1575 silly placeDep ROOT parse-json@5.2.0 OK for: cosmiconfig@7.1.0 want: ^5.0.0
1576 silly placeDep ROOT path-type@4.0.0 OK for: cosmiconfig@7.1.0 want: ^4.0.0
1577 silly placeDep ROOT yaml@1.10.3 OK for: cosmiconfig@7.1.0 want: ^1.10.0
1578 silly fetch manifest resolve-from@^4.0.0
1579 silly packumentCache full:https://registry.npmjs.org/resolve-from cache-miss
1580 silly fetch manifest parent-module@^1.0.0
1581 silly packumentCache full:https://registry.npmjs.org/parent-module cache-miss
1582 silly fetch manifest error-ex@^1.3.1
1583 silly packumentCache full:https://registry.npmjs.org/error-ex cache-miss
1584 silly fetch manifest lines-and-columns@^1.1.6
1585 silly packumentCache full:https://registry.npmjs.org/lines-and-columns cache-miss
1586 silly fetch manifest json-parse-even-better-errors@^2.3.0
1587 silly packumentCache full:https://registry.npmjs.org/json-parse-even-better-errors cache-miss
1588 http cache https://registry.npmjs.org/parent-module 5ms (cache hit)
1589 silly packumentCache full:https://registry.npmjs.org/parent-module set size:18255 disposed:false
1590 http cache https://registry.npmjs.org/error-ex 6ms (cache hit)
1591 silly packumentCache full:https://registry.npmjs.org/error-ex set size:31684 disposed:false
1592 http cache https://registry.npmjs.org/lines-and-columns 6ms (cache hit)
1593 silly packumentCache full:https://registry.npmjs.org/lines-and-columns set size:73796 disposed:false
1594 http cache https://registry.npmjs.org/resolve-from 8ms (cache hit)
1595 silly packumentCache full:https://registry.npmjs.org/resolve-from set size:12911 disposed:false
1596 http cache https://registry.npmjs.org/json-parse-even-better-errors 8ms (cache hit)
1597 silly packumentCache full:https://registry.npmjs.org/json-parse-even-better-errors set size:37274 disposed:false
1598 silly placeDep ROOT ts-node@10.9.2 OK for: cosmiconfig-typescript-loader@1.0.9 want: ^10.7.0
1599 silly fetch manifest yn@3.1.1
1600 silly packumentCache full:https://registry.npmjs.org/yn cache-miss
1601 silly fetch manifest arg@^4.1.0
1602 silly packumentCache full:https://registry.npmjs.org/arg cache-hit
1603 silly fetch manifest diff@^4.0.1
1604 silly packumentCache full:https://registry.npmjs.org/diff cache-miss
1605 silly fetch manifest acorn@^8.4.1
1606 silly packumentCache full:https://registry.npmjs.org/acorn cache-miss
1607 silly fetch manifest acorn-walk@^8.1.1
1608 silly packumentCache full:https://registry.npmjs.org/acorn-walk cache-miss
1609 silly fetch manifest make-error@^1.1.1
1610 silly packumentCache full:https://registry.npmjs.org/make-error cache-miss
1611 silly fetch manifest create-require@^1.1.0
1612 silly packumentCache full:https://registry.npmjs.org/create-require cache-miss
1613 silly fetch manifest @tsconfig/node10@^1.0.7
1614 silly packumentCache full:https://registry.npmjs.org/@tsconfig%2fnode10 cache-miss
1615 http cache https://registry.npmjs.org/yn 6ms (cache hit)
1616 silly packumentCache full:https://registry.npmjs.org/yn set size:23572 disposed:false
1617 silly fetch manifest @tsconfig/node12@^1.0.7
1618 silly packumentCache full:https://registry.npmjs.org/@tsconfig%2fnode12 cache-miss
1619 http cache https://registry.npmjs.org/acorn 8ms (cache hit)
1620 silly packumentCache full:https://registry.npmjs.org/acorn set size:381366 disposed:false
1621 silly fetch manifest @tsconfig/node14@^1.0.0
1622 silly packumentCache full:https://registry.npmjs.org/@tsconfig%2fnode14 cache-miss
1623 http cache https://registry.npmjs.org/acorn-walk 12ms (cache hit)
1624 silly packumentCache full:https://registry.npmjs.org/acorn-walk set size:49813 disposed:false
1625 silly fetch manifest @tsconfig/node16@^1.0.2
1626 silly packumentCache full:https://registry.npmjs.org/@tsconfig%2fnode16 cache-miss
1627 http cache https://registry.npmjs.org/create-require 12ms (cache hit)
1628 silly packumentCache full:https://registry.npmjs.org/create-require set size:20551 disposed:false
1629 silly fetch manifest v8-compile-cache-lib@^3.0.1
1630 silly packumentCache full:https://registry.npmjs.org/v8-compile-cache-lib cache-miss
1631 http cache https://registry.npmjs.org/make-error 13ms (cache hit)
1632 silly packumentCache full:https://registry.npmjs.org/make-error set size:45218 disposed:false
1633 silly fetch manifest @cspotcode/source-map-support@^0.8.0
1634 silly packumentCache full:https://registry.npmjs.org/@cspotcode%2fsource-map-support cache-miss
1635 http cache https://registry.npmjs.org/diff 16ms (cache hit)
1636 silly packumentCache full:https://registry.npmjs.org/diff set size:154400 disposed:false
1637 http cache https://registry.npmjs.org/@tsconfig%2fnode10 16ms (cache hit)
1638 silly packumentCache full:https://registry.npmjs.org/@tsconfig%2fnode10 set size:26787 disposed:false
1639 http cache https://registry.npmjs.org/@tsconfig%2fnode12 16ms (cache hit)
1640 silly packumentCache full:https://registry.npmjs.org/@tsconfig%2fnode12 set size:38731 disposed:false
1641 http cache https://registry.npmjs.org/@tsconfig%2fnode16 11ms (cache hit)
1642 silly packumentCache full:https://registry.npmjs.org/@tsconfig%2fnode16 set size:25134 disposed:false
1643 http cache https://registry.npmjs.org/v8-compile-cache-lib 11ms (cache hit)
1644 silly packumentCache full:https://registry.npmjs.org/v8-compile-cache-lib set size:8746 disposed:false
1645 http cache https://registry.npmjs.org/@tsconfig%2fnode14 14ms (cache hit)
1646 silly packumentCache full:https://registry.npmjs.org/@tsconfig%2fnode14 set size:23863 disposed:false
1647 http cache https://registry.npmjs.org/@cspotcode%2fsource-map-support 10ms (cache hit)
1648 silly packumentCache full:https://registry.npmjs.org/@cspotcode%2fsource-map-support set size:30214 disposed:false
1649 silly placeDep ROOT path-key@3.1.1 OK for: cross-spawn@7.0.6 want: ^3.1.0
1650 silly placeDep ROOT shebang-command@2.0.0 OK for: cross-spawn@7.0.6 want: ^2.0.0
1651 silly placeDep ROOT which@2.0.2 OK for: cross-spawn@7.0.6 want: ^2.0.1
1652 silly fetch manifest shebang-regex@^3.0.0
1653 silly packumentCache full:https://registry.npmjs.org/shebang-regex cache-miss
1654 silly fetch manifest isexe@^2.0.0
1655 silly packumentCache full:https://registry.npmjs.org/isexe cache-miss
1656 http cache https://registry.npmjs.org/isexe 4ms (cache hit)
1657 silly packumentCache full:https://registry.npmjs.org/isexe set size:31756 disposed:false
1658 http cache https://registry.npmjs.org/shebang-regex 6ms (cache hit)
1659 silly packumentCache full:https://registry.npmjs.org/shebang-regex set size:9763 disposed:false
1660 silly placeDep ROOT ms@2.1.3 OK for: debug@4.4.3 want: ^2.1.3
1661 silly placeDep ROOT embla-carousel@8.6.0 OK for: embla-carousel-react@8.6.0 want: 8.6.0
1662 silly placeDep ROOT embla-carousel-reactive-utils@8.6.0 OK for: embla-carousel-react@8.6.0 want: 8.6.0
1663 silly placeDep ROOT @eslint-community/eslint-utils@4.9.1 OK for: eslint@9.23.0 want: ^4.2.0
1664 silly placeDep ROOT @eslint-community/regexpp@4.12.2 OK for: eslint@9.23.0 want: ^4.12.1
1665 silly placeDep ROOT @eslint/config-array@0.19.2 OK for: eslint@9.23.0 want: ^0.19.2
1666 silly placeDep ROOT @eslint/config-helpers@0.2.3 OK for: eslint@9.23.0 want: ^0.2.0
1667 silly placeDep ROOT @eslint/core@0.12.0 OK for: eslint@9.23.0 want: ^0.12.0
1668 silly placeDep ROOT @eslint/eslintrc@3.3.5 OK for: eslint@9.23.0 want: ^3.3.1
1669 silly placeDep ROOT @eslint/plugin-kit@0.2.8 OK for: eslint@9.23.0 want: ^0.2.7
1670 silly placeDep ROOT @humanfs/node@0.16.8 OK for: eslint@9.23.0 want: ^0.16.6
1671 silly placeDep ROOT @humanwhocodes/module-importer@1.0.1 OK for: eslint@9.23.0 want: ^1.0.1
1672 silly placeDep ROOT @humanwhocodes/retry@0.4.3 OK for: eslint@9.23.0 want: ^0.4.2
1673 silly placeDep ROOT @types/estree@1.0.9 OK for: eslint@9.23.0 want: ^1.0.6
1674 silly placeDep ROOT @types/json-schema@7.0.15 OK for: eslint@9.23.0 want: ^7.0.15
1675 silly placeDep ROOT ajv@6.15.0 OK for: eslint@9.23.0 want: ^6.12.4
1676 silly placeDep ROOT chalk@4.1.2 OK for: eslint@9.23.0 want: ^4.0.0
1677 silly placeDep ROOT escape-string-regexp@4.0.0 OK for: eslint@9.23.0 want: ^4.0.0
1678 silly placeDep ROOT eslint-scope@8.4.0 OK for: eslint@9.23.0 want: ^8.3.0
1679 silly placeDep ROOT eslint-visitor-keys@4.2.1 OK for: eslint@9.23.0 want: ^4.2.0
1680 silly placeDep ROOT espree@10.4.0 OK for: eslint@9.23.0 want: ^10.3.0
1681 silly placeDep ROOT esquery@1.7.0 OK for: eslint@9.23.0 want: ^1.5.0
1682 silly placeDep ROOT esutils@2.0.3 OK for: eslint@9.23.0 want: ^2.0.2
1683 silly placeDep ROOT fast-deep-equal@3.1.3 OK for: eslint@9.23.0 want: ^3.1.3
1684 silly placeDep ROOT file-entry-cache@8.0.0 OK for: eslint@9.23.0 want: ^8.0.0
1685 silly placeDep ROOT find-up@5.0.0 OK for: eslint@9.23.0 want: ^5.0.0
1686 silly placeDep ROOT glob-parent@6.0.2 OK for: eslint@9.23.0 want: ^6.0.2
1687 silly placeDep ROOT ignore@5.3.2 OK for: eslint@9.23.0 want: ^5.2.0
1688 silly placeDep ROOT imurmurhash@0.1.4 OK for: eslint@9.23.0 want: ^0.1.4
1689 silly placeDep ROOT is-glob@4.0.3 OK for: eslint@9.23.0 want: ^4.0.0
1690 silly placeDep ROOT json-stable-stringify-without-jsonify@1.0.1 OK for: eslint@9.23.0 want: ^1.0.1
1691 silly placeDep ROOT lodash.merge@4.6.2 OK for: eslint@9.23.0 want: ^4.6.2
1692 silly placeDep ROOT minimatch@3.1.5 OK for: eslint@9.23.0 want: ^3.1.2
1693 silly placeDep ROOT natural-compare@1.4.0 OK for: eslint@9.23.0 want: ^1.4.0
1694 silly placeDep ROOT optionator@0.9.4 OK for: eslint@9.23.0 want: ^0.9.3
1695 silly fetch manifest eslint-visitor-keys@^3.4.3
1696 silly packumentCache full:https://registry.npmjs.org/eslint-visitor-keys cache-hit
1697 silly fetch manifest @eslint/object-schema@^2.1.6
1698 silly packumentCache full:https://registry.npmjs.org/@eslint%2fobject-schema cache-miss
1699 silly fetch manifest ajv@^6.14.0
1700 silly packumentCache full:https://registry.npmjs.org/ajv cache-miss
1701 silly fetch manifest espree@^10.0.1
1702 silly packumentCache full:https://registry.npmjs.org/espree cache-hit
1703 silly fetch manifest globals@^14.0.0
1704 silly packumentCache full:https://registry.npmjs.org/globals cache-hit
1705 silly fetch manifest js-yaml@^4.1.1
1706 silly packumentCache full:https://registry.npmjs.org/js-yaml cache-miss
1707 silly fetch manifest minimatch@^3.1.5
1708 silly packumentCache full:https://registry.npmjs.org/minimatch cache-hit
1709 silly fetch manifest strip-json-comments@^3.1.1
1710 silly packumentCache full:https://registry.npmjs.org/strip-json-comments cache-miss
1711 silly fetch manifest levn@^0.4.1
1712 silly packumentCache full:https://registry.npmjs.org/levn cache-miss
1713 silly fetch manifest @eslint/core@^0.13.0
1714 silly packumentCache full:https://registry.npmjs.org/@eslint%2fcore cache-hit
1715 silly fetch manifest @humanwhocodes/retry@^0.4.0
1716 silly packumentCache full:https://registry.npmjs.org/@humanwhocodes%2fretry cache-hit
1717 silly fetch manifest @humanfs/core@^0.19.2
1718 silly packumentCache full:https://registry.npmjs.org/@humanfs%2fcore cache-miss
1719 silly fetch manifest @humanfs/types@^0.15.0
1720 silly packumentCache full:https://registry.npmjs.org/@humanfs%2ftypes cache-miss
1721 http cache https://registry.npmjs.org/js-yaml 7ms (cache hit)
1722 silly packumentCache full:https://registry.npmjs.org/js-yaml set size:159099 disposed:false
1723 silly fetch manifest uri-js@^4.2.2
1724 silly packumentCache full:https://registry.npmjs.org/uri-js cache-miss
1725 http cache https://registry.npmjs.org/@humanfs%2fcore 8ms (cache hit)
1726 silly packumentCache full:https://registry.npmjs.org/@humanfs%2fcore set size:37261 disposed:false
1727 silly fetch manifest fast-deep-equal@^3.1.1
1728 silly packumentCache full:https://registry.npmjs.org/fast-deep-equal cache-hit
1729 silly fetch manifest json-schema-traverse@^0.4.1
1730 silly packumentCache full:https://registry.npmjs.org/json-schema-traverse cache-miss
1731 http cache https://registry.npmjs.org/ajv 15ms (cache hit)
1732 silly packumentCache full:https://registry.npmjs.org/ajv set size:1142658 disposed:false
1733 silly fetch manifest fast-json-stable-stringify@^2.0.0
1734 silly packumentCache full:https://registry.npmjs.org/fast-json-stable-stringify cache-miss
1735 http cache https://registry.npmjs.org/@humanfs%2ftypes 19ms (cache hit)
1736 silly packumentCache full:https://registry.npmjs.org/@humanfs%2ftypes set size:19212 disposed:false
1737 silly fetch manifest ansi-styles@^4.1.0
1738 silly packumentCache full:https://registry.npmjs.org/ansi-styles cache-miss
1739 http cache https://registry.npmjs.org/@eslint%2fobject-schema 24ms (cache hit)
1740 silly packumentCache full:https://registry.npmjs.org/@eslint%2fobject-schema set size:38535 disposed:false
1741 silly fetch manifest supports-color@^7.1.0
1742 silly packumentCache full:https://registry.npmjs.org/supports-color cache-miss
1743 http cache https://registry.npmjs.org/levn 24ms (cache hit)
1744 silly packumentCache full:https://registry.npmjs.org/levn set size:28223 disposed:false
1745 silly fetch manifest esrecurse@^4.3.0
1746 silly packumentCache full:https://registry.npmjs.org/esrecurse cache-miss
1747 http cache https://registry.npmjs.org/strip-json-comments 25ms (cache hit)
1748 silly packumentCache full:https://registry.npmjs.org/strip-json-comments set size:43569 disposed:false
1749 silly fetch manifest estraverse@^5.2.0
1750 silly packumentCache full:https://registry.npmjs.org/estraverse cache-hit
1751 silly fetch manifest acorn@^8.15.0
1752 silly packumentCache full:https://registry.npmjs.org/acorn cache-hit
1753 silly fetch manifest acorn-jsx@^5.3.2
1754 silly packumentCache full:https://registry.npmjs.org/acorn-jsx cache-miss
1755 http cache https://registry.npmjs.org/json-schema-traverse 20ms (cache hit)
1756 silly packumentCache full:https://registry.npmjs.org/json-schema-traverse set size:23537 disposed:false
1757 silly fetch manifest estraverse@^5.1.0
1758 silly packumentCache full:https://registry.npmjs.org/estraverse cache-hit
1759 silly fetch manifest flat-cache@^4.0.0
1760 silly packumentCache full:https://registry.npmjs.org/flat-cache cache-miss
1761 http cache https://registry.npmjs.org/uri-js 22ms (cache hit)
1762 silly packumentCache full:https://registry.npmjs.org/uri-js set size:42559 disposed:false
1763 silly fetch manifest locate-path@^6.0.0
1764 silly packumentCache full:https://registry.npmjs.org/locate-path cache-miss
1765 http cache https://registry.npmjs.org/fast-json-stable-stringify 12ms (cache hit)
1766 silly packumentCache full:https://registry.npmjs.org/fast-json-stable-stringify set size:11337 disposed:false
1767 silly fetch manifest path-exists@^4.0.0
1768 silly packumentCache full:https://registry.npmjs.org/path-exists cache-miss
1769 http cache https://registry.npmjs.org/supports-color 11ms (cache hit)
1770 silly packumentCache full:https://registry.npmjs.org/supports-color set size:118680 disposed:false
1771 silly fetch manifest is-extglob@^2.1.1
1772 silly packumentCache full:https://registry.npmjs.org/is-extglob cache-miss
1773 http cache https://registry.npmjs.org/esrecurse 10ms (cache hit)
1774 silly packumentCache full:https://registry.npmjs.org/esrecurse set size:29005 disposed:false
1775 silly fetch manifest brace-expansion@^1.1.7
1776 silly packumentCache full:https://registry.npmjs.org/brace-expansion cache-miss
1777 http cache https://registry.npmjs.org/ansi-styles 15ms (cache hit)
1778 silly packumentCache full:https://registry.npmjs.org/ansi-styles set size:63233 disposed:false
1779 silly fetch manifest prelude-ls@^1.2.1
1780 silly packumentCache full:https://registry.npmjs.org/prelude-ls cache-miss
1781 http cache https://registry.npmjs.org/acorn-jsx 12ms (cache hit)
1782 silly packumentCache full:https://registry.npmjs.org/acorn-jsx set size:71068 disposed:false
1783 silly fetch manifest deep-is@^0.1.3
1784 silly packumentCache full:https://registry.npmjs.org/deep-is cache-miss
1785 http cache https://registry.npmjs.org/flat-cache 12ms (cache hit)
1786 silly packumentCache full:https://registry.npmjs.org/flat-cache set size:169582 disposed:false
1787 silly fetch manifest word-wrap@^1.2.5
1788 silly packumentCache full:https://registry.npmjs.org/word-wrap cache-miss
1789 http cache https://registry.npmjs.org/locate-path 13ms (cache hit)
1790 silly packumentCache full:https://registry.npmjs.org/locate-path set size:31329 disposed:false
1791 silly fetch manifest type-check@^0.4.0
1792 silly packumentCache full:https://registry.npmjs.org/type-check cache-miss
1793 http cache https://registry.npmjs.org/path-exists 14ms (cache hit)
1794 silly packumentCache full:https://registry.npmjs.org/path-exists set size:13704 disposed:false
1795 silly fetch manifest fast-levenshtein@^2.0.6
1796 silly packumentCache full:https://registry.npmjs.org/fast-levenshtein cache-miss
1797 http cache https://registry.npmjs.org/prelude-ls 11ms (cache hit)
1798 silly packumentCache full:https://registry.npmjs.org/prelude-ls set size:25777 disposed:false
1799 http cache https://registry.npmjs.org/is-extglob 14ms (cache hit)
1800 silly packumentCache full:https://registry.npmjs.org/is-extglob set size:11766 disposed:false
1801 http cache https://registry.npmjs.org/brace-expansion 14ms (cache hit)
1802 silly packumentCache full:https://registry.npmjs.org/brace-expansion set size:72152 disposed:false
1803 http cache https://registry.npmjs.org/deep-is 12ms (cache hit)
1804 silly packumentCache full:https://registry.npmjs.org/deep-is set size:10205 disposed:false
1805 http cache https://registry.npmjs.org/word-wrap 12ms (cache hit)
1806 silly packumentCache full:https://registry.npmjs.org/word-wrap set size:37835 disposed:false
1807 http cache https://registry.npmjs.org/fast-levenshtein 10ms (cache hit)
1808 silly packumentCache full:https://registry.npmjs.org/fast-levenshtein set size:39317 disposed:false
1809 http cache https://registry.npmjs.org/type-check 13ms (cache hit)
1810 silly packumentCache full:https://registry.npmjs.org/type-check set size:21221 disposed:false
1811 silly placeDep node_modules/@eslint-community/eslint-utils eslint-visitor-keys@3.4.3 OK for: @eslint-community/eslint-utils@4.9.1 want: ^3.4.3
1812 silly placeDep ROOT @eslint/object-schema@2.1.7 OK for: @eslint/config-array@0.19.2 want: ^2.1.6
1813 silly placeDep node_modules/@eslint/eslintrc globals@14.0.0 OK for: @eslint/eslintrc@3.3.5 want: ^14.0.0
1814 silly placeDep ROOT js-yaml@4.2.0 OK for: @eslint/eslintrc@3.3.5 want: ^4.1.1
1815 silly placeDep ROOT strip-json-comments@3.1.1 OK for: @eslint/eslintrc@3.3.5 want: ^3.1.1
1816 silly fetch manifest argparse@^2.0.1
1817 silly packumentCache full:https://registry.npmjs.org/argparse cache-miss
1818 http cache https://registry.npmjs.org/argparse 3ms (cache hit)
1819 silly packumentCache full:https://registry.npmjs.org/argparse set size:49266 disposed:false
1820 silly placeDep node_modules/@eslint/plugin-kit @eslint/core@0.13.0 OK for: @eslint/plugin-kit@0.2.8 want: ^0.13.0
1821 silly placeDep ROOT levn@0.4.1 OK for: @eslint/plugin-kit@0.2.8 want: ^0.4.1
1822 silly fetch manifest type-check@~0.4.0
1823 silly packumentCache full:https://registry.npmjs.org/type-check cache-hit
1824 silly placeDep ROOT @humanfs/core@0.19.2 OK for: @humanfs/node@0.16.8 want: ^0.19.2
1825 silly placeDep ROOT @humanfs/types@0.15.0 OK for: @humanfs/node@0.16.8 want: ^0.15.0
1826 silly placeDep ROOT fast-json-stable-stringify@2.1.0 OK for: ajv@6.15.0 want: ^2.0.0
1827 silly placeDep ROOT json-schema-traverse@0.4.1 OK for: ajv@6.15.0 want: ^0.4.1
1828 silly placeDep ROOT uri-js@4.4.1 OK for: ajv@6.15.0 want: ^4.2.2
1829 silly fetch manifest punycode@^2.1.0
1830 silly packumentCache full:https://registry.npmjs.org/punycode cache-miss
1831 http cache https://registry.npmjs.org/punycode 7ms (cache hit)
1832 silly packumentCache full:https://registry.npmjs.org/punycode set size:61278 disposed:false
1833 silly placeDep ROOT ansi-styles@4.3.0 OK for: chalk@4.1.2 want: ^4.1.0
1834 silly placeDep ROOT supports-color@7.2.0 OK for: chalk@4.1.2 want: ^7.1.0
1835 silly fetch manifest color-convert@^2.0.1
1836 silly packumentCache full:https://registry.npmjs.org/color-convert cache-miss
1837 silly fetch manifest has-flag@^4.0.0
1838 silly packumentCache full:https://registry.npmjs.org/has-flag cache-miss
1839 http cache https://registry.npmjs.org/has-flag 3ms (cache hit)
1840 silly packumentCache full:https://registry.npmjs.org/has-flag set size:15180 disposed:false
1841 http cache https://registry.npmjs.org/color-convert 3ms (cache hit)
1842 silly packumentCache full:https://registry.npmjs.org/color-convert set size:72663 disposed:false
1843 silly placeDep ROOT color-convert@2.0.1 OK for: ansi-styles@4.3.0 want: ^2.0.1
1844 silly fetch manifest color-name@~1.1.4
1845 silly packumentCache full:https://registry.npmjs.org/color-name cache-miss
1846 http cache https://registry.npmjs.org/color-name 2ms (cache hit)
1847 silly packumentCache full:https://registry.npmjs.org/color-name set size:19467 disposed:false
1848 silly placeDep ROOT color-name@1.1.4 OK for: color-convert@2.0.1 want: ~1.1.4
1849 silly placeDep ROOT @rtsao/scc@1.1.0 OK for: eslint-plugin-import@2.31.0 want: ^1.1.0
1850 silly placeDep ROOT array-includes@3.1.9 OK for: eslint-plugin-import@2.31.0 want: ^3.1.8
1851 silly placeDep ROOT array.prototype.findlastindex@1.2.6 OK for: eslint-plugin-import@2.31.0 want: ^1.2.5
1852 silly placeDep ROOT array.prototype.flat@1.3.3 OK for: eslint-plugin-import@2.31.0 want: ^1.3.2
1853 silly placeDep ROOT array.prototype.flatmap@1.3.3 OK for: eslint-plugin-import@2.31.0 want: ^1.3.2
1854 silly placeDep node_modules/eslint-plugin-import debug@3.2.7 OK for: eslint-plugin-import@2.31.0 want: ^3.2.7
1855 silly placeDep ROOT doctrine@2.1.0 OK for: eslint-plugin-import@2.31.0 want: ^2.1.0
1856 silly placeDep ROOT eslint-import-resolver-node@0.3.10 OK for: eslint-plugin-import@2.31.0 want: ^0.3.9
1857 silly placeDep ROOT eslint-module-utils@2.13.0 OK for: eslint-plugin-import@2.31.0 want: ^2.12.0
1858 silly placeDep ROOT hasown@2.0.4 OK for: eslint-plugin-import@2.31.0 want: ^2.0.2
1859 silly placeDep ROOT is-core-module@2.16.2 OK for: eslint-plugin-import@2.31.0 want: ^2.15.1
1860 silly placeDep ROOT object.fromentries@2.0.8 OK for: eslint-plugin-import@2.31.0 want: ^2.0.8
1861 silly placeDep ROOT object.groupby@1.0.3 OK for: eslint-plugin-import@2.31.0 want: ^1.0.3
1862 silly placeDep ROOT object.values@1.2.1 OK for: eslint-plugin-import@2.31.0 want: ^1.2.0
1863 silly placeDep ROOT string.prototype.trimend@1.0.10 OK for: eslint-plugin-import@2.31.0 want: ^1.0.8
1864 silly placeDep ROOT tsconfig-paths@3.15.0 OK for: eslint-plugin-import@2.31.0 want: ^3.15.0
1865 silly fetch manifest call-bind@^1.0.8
1866 silly packumentCache full:https://registry.npmjs.org/call-bind cache-miss
1867 silly fetch manifest call-bound@^1.0.4
1868 silly packumentCache full:https://registry.npmjs.org/call-bound cache-miss
1869 silly fetch manifest define-properties@^1.2.1
1870 silly packumentCache full:https://registry.npmjs.org/define-properties cache-miss
1871 silly fetch manifest es-abstract@^1.24.0
1872 silly packumentCache full:https://registry.npmjs.org/es-abstract cache-miss
1873 silly fetch manifest es-object-atoms@^1.1.1
1874 silly packumentCache full:https://registry.npmjs.org/es-object-atoms cache-miss
1875 silly fetch manifest get-intrinsic@^1.3.0
1876 silly packumentCache full:https://registry.npmjs.org/get-intrinsic cache-miss
1877 silly fetch manifest is-string@^1.1.1
1878 silly packumentCache full:https://registry.npmjs.org/is-string cache-miss
1879 http cache https://registry.npmjs.org/call-bind 6ms (cache hit)
1880 silly packumentCache full:https://registry.npmjs.org/call-bind set size:32985 disposed:false
1881 silly fetch manifest math-intrinsics@^1.1.0
1882 silly packumentCache full:https://registry.npmjs.org/math-intrinsics cache-miss
1883 http cache https://registry.npmjs.org/es-object-atoms 6ms (cache hit)
1884 silly packumentCache full:https://registry.npmjs.org/es-object-atoms set size:18278 disposed:false
1885 silly fetch manifest call-bound@^1.0.4
1886 silly packumentCache full:https://registry.npmjs.org/call-bound cache-miss
1887 http cache https://registry.npmjs.org/get-intrinsic 6ms (cache hit)
1888 silly packumentCache full:https://registry.npmjs.org/get-intrinsic set size:60985 disposed:false
1889 silly fetch manifest define-properties@^1.2.1
1890 silly packumentCache full:https://registry.npmjs.org/define-properties cache-miss
1891 http cache https://registry.npmjs.org/es-abstract 9ms (cache hit)
1892 silly packumentCache full:https://registry.npmjs.org/es-abstract set size:384124 disposed:false
1893 silly fetch manifest es-abstract@^1.23.9
1894 silly packumentCache full:https://registry.npmjs.org/es-abstract cache-hit
1895 silly fetch manifest es-errors@^1.3.0
1896 silly packumentCache full:https://registry.npmjs.org/es-errors cache-miss
1897 http cache https://registry.npmjs.org/define-properties 14ms (cache hit)
1898 silly packumentCache full:https://registry.npmjs.org/define-properties set size:31491 disposed:false
1899 silly fetch manifest es-shim-unscopables@^1.1.0
1900 silly packumentCache full:https://registry.npmjs.org/es-shim-unscopables cache-miss
1901 http cache https://registry.npmjs.org/call-bound 15ms (cache hit)
1902 silly packumentCache full:https://registry.npmjs.org/call-bound set size:15317 disposed:false
1903 silly fetch manifest es-abstract@^1.23.5
1904 silly packumentCache full:https://registry.npmjs.org/es-abstract cache-hit
1905 silly fetch manifest es-shim-unscopables@^1.0.2
1906 silly packumentCache full:https://registry.npmjs.org/es-shim-unscopables cache-miss
1907 http cache https://registry.npmjs.org/is-string 15ms (cache hit)
1908 silly packumentCache full:https://registry.npmjs.org/is-string set size:29636 disposed:false
1909 silly fetch manifest es-shim-unscopables@^1.0.2
1910 silly packumentCache full:https://registry.npmjs.org/es-shim-unscopables cache-miss
1911 http cache https://registry.npmjs.org/math-intrinsics 14ms (cache hit)
1912 silly packumentCache full:https://registry.npmjs.org/math-intrinsics set size:9265 disposed:false
1913 silly fetch manifest resolve@^2.0.0-next.6
1914 silly packumentCache full:https://registry.npmjs.org/resolve cache-hit
1915 silly fetch manifest is-core-module@^2.16.1
1916 silly packumentCache full:https://registry.npmjs.org/is-core-module cache-hit
1917 silly fetch manifest function-bind@^1.1.2
1918 silly packumentCache full:https://registry.npmjs.org/function-bind cache-miss
1919 http cache https://registry.npmjs.org/call-bound 15ms (cache hit)
1920 silly packumentCache full:https://registry.npmjs.org/call-bound set size:15317 disposed:false
1921 silly packumentCache full:https://registry.npmjs.org/call-bound dispose
1922 silly fetch manifest call-bind@^1.0.7
1923 silly packumentCache full:https://registry.npmjs.org/call-bind cache-hit
1924 silly fetch manifest es-abstract@^1.23.2
1925 silly packumentCache full:https://registry.npmjs.org/es-abstract cache-hit
1926 silly fetch manifest es-object-atoms@^1.0.0
1927 silly packumentCache full:https://registry.npmjs.org/es-object-atoms cache-hit
1928 silly fetch manifest call-bound@^1.0.3
1929 silly packumentCache full:https://registry.npmjs.org/call-bound cache-hit
1930 silly fetch manifest call-bind@^1.0.9
1931 silly packumentCache full:https://registry.npmjs.org/call-bind cache-hit
1932 silly fetch manifest es-object-atoms@^1.1.2
1933 silly packumentCache full:https://registry.npmjs.org/es-object-atoms cache-hit
1934 silly fetch manifest json5@^1.0.2
1935 silly packumentCache full:https://registry.npmjs.org/json5 cache-miss
1936 http cache https://registry.npmjs.org/define-properties 19ms (cache hit)
1937 silly packumentCache full:https://registry.npmjs.org/define-properties set size:31491 disposed:false
1938 silly packumentCache full:https://registry.npmjs.org/define-properties dispose
1939 silly fetch manifest minimist@^1.2.6
1940 silly packumentCache full:https://registry.npmjs.org/minimist cache-miss
1941 http cache https://registry.npmjs.org/es-errors 16ms (cache hit)
1942 silly packumentCache full:https://registry.npmjs.org/es-errors set size:16918 disposed:false
1943 silly fetch manifest strip-bom@^3.0.0
1944 silly packumentCache full:https://registry.npmjs.org/strip-bom cache-miss
1945 http cache https://registry.npmjs.org/es-shim-unscopables 16ms (cache hit)
1946 silly packumentCache full:https://registry.npmjs.org/es-shim-unscopables set size:13965 disposed:false
1947 silly fetch manifest @types/json5@^0.0.29
1948 silly packumentCache full:https://registry.npmjs.org/@types%2fjson5 cache-miss
1949 http cache https://registry.npmjs.org/es-shim-unscopables 16ms (cache hit)
1950 silly packumentCache full:https://registry.npmjs.org/es-shim-unscopables set size:13965 disposed:false
1951 silly packumentCache full:https://registry.npmjs.org/es-shim-unscopables dispose
1952 http cache https://registry.npmjs.org/es-shim-unscopables 15ms (cache hit)
1953 silly packumentCache full:https://registry.npmjs.org/es-shim-unscopables set size:13965 disposed:true
1954 silly packumentCache full:https://registry.npmjs.org/es-shim-unscopables dispose
1955 http cache https://registry.npmjs.org/function-bind 14ms (cache hit)
1956 silly packumentCache full:https://registry.npmjs.org/function-bind set size:15733 disposed:false
1957 http cache https://registry.npmjs.org/strip-bom 6ms (cache hit)
1958 silly packumentCache full:https://registry.npmjs.org/strip-bom set size:19359 disposed:false
1959 http cache https://registry.npmjs.org/json5 12ms (cache hit)
1960 silly packumentCache full:https://registry.npmjs.org/json5 set size:86136 disposed:false
1961 http cache https://registry.npmjs.org/minimist 11ms (cache hit)
1962 silly packumentCache full:https://registry.npmjs.org/minimist set size:77063 disposed:false
1963 http cache https://registry.npmjs.org/@types%2fjson5 9ms (cache hit)
1964 silly packumentCache full:https://registry.npmjs.org/@types%2fjson5 set size:19581 disposed:false
1965 silly placeDep ROOT call-bind@1.0.9 OK for: array-includes@3.1.9 want: ^1.0.8
1966 silly placeDep ROOT call-bound@1.0.4 OK for: array-includes@3.1.9 want: ^1.0.4
1967 silly placeDep ROOT define-properties@1.2.1 OK for: array-includes@3.1.9 want: ^1.2.1
1968 silly placeDep ROOT es-abstract@1.24.2 OK for: array-includes@3.1.9 want: ^1.24.0
1969 silly placeDep ROOT es-object-atoms@1.1.2 OK for: array-includes@3.1.9 want: ^1.1.1
1970 silly placeDep ROOT get-intrinsic@1.3.0 OK for: array-includes@3.1.9 want: ^1.3.0
1971 silly placeDep ROOT is-string@1.1.1 OK for: array-includes@3.1.9 want: ^1.1.1
1972 silly placeDep ROOT math-intrinsics@1.1.0 OK for: array-includes@3.1.9 want: ^1.1.0
1973 silly fetch manifest call-bind-apply-helpers@^1.0.2
1974 silly packumentCache full:https://registry.npmjs.org/call-bind-apply-helpers cache-miss
1975 silly fetch manifest es-define-property@^1.0.1
1976 silly packumentCache full:https://registry.npmjs.org/es-define-property cache-miss
1977 silly fetch manifest set-function-length@^1.2.2
1978 silly packumentCache full:https://registry.npmjs.org/set-function-length cache-miss
1979 silly fetch manifest call-bind-apply-helpers@^1.0.2
1980 silly packumentCache full:https://registry.npmjs.org/call-bind-apply-helpers cache-miss
1981 silly fetch manifest define-data-property@^1.0.1
1982 silly packumentCache full:https://registry.npmjs.org/define-data-property cache-miss
1983 silly fetch manifest has-property-descriptors@^1.0.0
1984 silly packumentCache full:https://registry.npmjs.org/has-property-descriptors cache-miss
1985 silly fetch manifest object-keys@^1.1.1
1986 silly packumentCache full:https://registry.npmjs.org/object-keys cache-miss
1987 http cache https://registry.npmjs.org/has-property-descriptors 8ms (cache hit)
1988 silly packumentCache full:https://registry.npmjs.org/has-property-descriptors set size:12452 disposed:false
1989 silly fetch manifest array-buffer-byte-length@^1.0.2
1990 silly packumentCache full:https://registry.npmjs.org/array-buffer-byte-length cache-miss
1991 http cache https://registry.npmjs.org/call-bind-apply-helpers 11ms (cache hit)
1992 silly packumentCache full:https://registry.npmjs.org/call-bind-apply-helpers set size:12744 disposed:false
1993 silly fetch manifest arraybuffer.prototype.slice@^1.0.4
1994 silly packumentCache full:https://registry.npmjs.org/arraybuffer.prototype.slice cache-miss
1995 http cache https://registry.npmjs.org/es-define-property 11ms (cache hit)
1996 silly packumentCache full:https://registry.npmjs.org/es-define-property set size:8542 disposed:false
1997 silly fetch manifest available-typed-arrays@^1.0.7
1998 silly packumentCache full:https://registry.npmjs.org/available-typed-arrays cache-miss
1999 http cache https://registry.npmjs.org/call-bind-apply-helpers 12ms (cache hit)
2000 silly packumentCache full:https://registry.npmjs.org/call-bind-apply-helpers set size:12744 disposed:false
2001 silly packumentCache full:https://registry.npmjs.org/call-bind-apply-helpers dispose
2002 silly fetch manifest data-view-buffer@^1.0.2
2003 silly packumentCache full:https://registry.npmjs.org/data-view-buffer cache-miss
2004 http cache https://registry.npmjs.org/object-keys 10ms (cache hit)
2005 silly packumentCache full:https://registry.npmjs.org/object-keys set size:67744 disposed:false
2006 silly fetch manifest data-view-byte-length@^1.0.2
2007 silly packumentCache full:https://registry.npmjs.org/data-view-byte-length cache-miss
2008 http cache https://registry.npmjs.org/set-function-length 14ms (cache hit)
2009 silly packumentCache full:https://registry.npmjs.org/set-function-length set size:24261 disposed:false
2010 silly fetch manifest data-view-byte-offset@^1.0.1
2011 silly packumentCache full:https://registry.npmjs.org/data-view-byte-offset cache-miss
2012 http cache https://registry.npmjs.org/define-data-property 14ms (cache hit)
2013 silly packumentCache full:https://registry.npmjs.org/define-data-property set size:28048 disposed:false
2014 silly fetch manifest es-to-primitive@^1.3.0
2015 silly packumentCache full:https://registry.npmjs.org/es-to-primitive cache-miss
2016 http cache https://registry.npmjs.org/arraybuffer.prototype.slice 8ms (cache hit)
2017 silly packumentCache full:https://registry.npmjs.org/arraybuffer.prototype.slice set size:20917 disposed:false
2018 silly fetch manifest function.prototype.name@^1.1.8
2019 silly packumentCache full:https://registry.npmjs.org/function.prototype.name cache-miss
2020 http cache https://registry.npmjs.org/array-buffer-byte-length 10ms (cache hit)
2021 silly packumentCache full:https://registry.npmjs.org/array-buffer-byte-length set size:13099 disposed:false
2022 silly fetch manifest get-proto@^1.0.1
2023 silly packumentCache full:https://registry.npmjs.org/get-proto cache-miss
2024 http cache https://registry.npmjs.org/available-typed-arrays 10ms (cache hit)
2025 silly packumentCache full:https://registry.npmjs.org/available-typed-arrays set size:31390 disposed:false
2026 silly fetch manifest get-symbol-description@^1.1.0
2027 silly packumentCache full:https://registry.npmjs.org/get-symbol-description cache-miss
2028 http cache https://registry.npmjs.org/data-view-buffer 10ms (cache hit)
2029 silly packumentCache full:https://registry.npmjs.org/data-view-buffer set size:11789 disposed:false
2030 silly fetch manifest globalthis@^1.0.4
2031 silly packumentCache full:https://registry.npmjs.org/globalthis cache-miss
2032 http cache https://registry.npmjs.org/data-view-byte-length 10ms (cache hit)
2033 silly packumentCache full:https://registry.npmjs.org/data-view-byte-length set size:12269 disposed:false
2034 silly fetch manifest gopd@^1.2.0
2035 silly packumentCache full:https://registry.npmjs.org/gopd cache-miss
2036 http cache https://registry.npmjs.org/es-to-primitive 8ms (cache hit)
2037 silly packumentCache full:https://registry.npmjs.org/es-to-primitive set size:25637 disposed:false
2038 silly fetch manifest has-property-descriptors@^1.0.2
2039 silly packumentCache full:https://registry.npmjs.org/has-property-descriptors cache-hit
2040 silly fetch manifest has-proto@^1.2.0
2041 silly packumentCache full:https://registry.npmjs.org/has-proto cache-miss
2042 http cache https://registry.npmjs.org/data-view-byte-offset 11ms (cache hit)
2043 silly packumentCache full:https://registry.npmjs.org/data-view-byte-offset set size:9200 disposed:false
2044 silly fetch manifest has-symbols@^1.1.0
2045 silly packumentCache full:https://registry.npmjs.org/has-symbols cache-miss
2046 http cache https://registry.npmjs.org/get-proto 7ms (cache hit)
2047 silly packumentCache full:https://registry.npmjs.org/get-proto set size:8300 disposed:false
2048 silly fetch manifest internal-slot@^1.1.0
2049 silly packumentCache full:https://registry.npmjs.org/internal-slot cache-miss
2050 http cache https://registry.npmjs.org/function.prototype.name 9ms (cache hit)
2051 silly packumentCache full:https://registry.npmjs.org/function.prototype.name set size:48566 disposed:false
2052 silly fetch manifest is-array-buffer@^3.0.5
2053 silly packumentCache full:https://registry.npmjs.org/is-array-buffer cache-miss
2054 http cache https://registry.npmjs.org/globalthis 9ms (cache hit)
2055 silly packumentCache full:https://registry.npmjs.org/globalthis set size:22522 disposed:false
2056 silly fetch manifest is-callable@^1.2.7
2057 silly packumentCache full:https://registry.npmjs.org/is-callable cache-miss
2058 http cache https://registry.npmjs.org/get-symbol-description 10ms (cache hit)
2059 silly packumentCache full:https://registry.npmjs.org/get-symbol-description set size:15540 disposed:false
2060 silly fetch manifest is-data-view@^1.0.2
2061 silly packumentCache full:https://registry.npmjs.org/is-data-view cache-miss
2062 http cache https://registry.npmjs.org/gopd 9ms (cache hit)
2063 silly packumentCache full:https://registry.npmjs.org/gopd set size:11458 disposed:false
2064 silly fetch manifest is-negative-zero@^2.0.3
2065 silly packumentCache full:https://registry.npmjs.org/is-negative-zero cache-miss
2066 http cache https://registry.npmjs.org/has-proto 9ms (cache hit)
2067 silly packumentCache full:https://registry.npmjs.org/has-proto set size:21527 disposed:false
2068 silly fetch manifest is-regex@^1.2.1
2069 silly packumentCache full:https://registry.npmjs.org/is-regex cache-miss
2070 http cache https://registry.npmjs.org/has-symbols 10ms (cache hit)
2071 silly packumentCache full:https://registry.npmjs.org/has-symbols set size:21550 disposed:false
2072 silly fetch manifest is-set@^2.0.3
2073 silly packumentCache full:https://registry.npmjs.org/is-set cache-miss
2074 http cache https://registry.npmjs.org/internal-slot 9ms (cache hit)
2075 silly packumentCache full:https://registry.npmjs.org/internal-slot set size:30267 disposed:false
2076 silly fetch manifest is-shared-array-buffer@^1.0.4
2077 silly packumentCache full:https://registry.npmjs.org/is-shared-array-buffer cache-miss
2078 http cache https://registry.npmjs.org/is-array-buffer 9ms (cache hit)
2079 silly packumentCache full:https://registry.npmjs.org/is-array-buffer set size:33562 disposed:false
2080 silly fetch manifest is-typed-array@^1.1.15
2081 silly packumentCache full:https://registry.npmjs.org/is-typed-array cache-miss
2082 http cache https://registry.npmjs.org/is-data-view 9ms (cache hit)
2083 silly packumentCache full:https://registry.npmjs.org/is-data-view set size:13756 disposed:false
2084 silly fetch manifest is-weakref@^1.1.1
2085 silly packumentCache full:https://registry.npmjs.org/is-weakref cache-miss
2086 http cache https://registry.npmjs.org/is-callable 10ms (cache hit)
2087 silly packumentCache full:https://registry.npmjs.org/is-callable set size:66606 disposed:false
2088 silly fetch manifest object-inspect@^1.13.4
2089 silly packumentCache full:https://registry.npmjs.org/object-inspect cache-miss
2090 http cache https://registry.npmjs.org/is-negative-zero 11ms (cache hit)
2091 silly packumentCache full:https://registry.npmjs.org/is-negative-zero set size:22152 disposed:false
2092 silly fetch manifest object.assign@^4.1.7
2093 silly packumentCache full:https://registry.npmjs.org/object.assign cache-miss
2094 http cache https://registry.npmjs.org/is-regex 11ms (cache hit)
2095 silly packumentCache full:https://registry.npmjs.org/is-regex set size:42924 disposed:false
2096 silly fetch manifest own-keys@^1.0.1
2097 silly packumentCache full:https://registry.npmjs.org/own-keys cache-miss
2098 http cache https://registry.npmjs.org/is-set 10ms (cache hit)
2099 silly packumentCache full:https://registry.npmjs.org/is-set set size:16614 disposed:false
2100 silly fetch manifest regexp.prototype.flags@^1.5.4
2101 silly packumentCache full:https://registry.npmjs.org/regexp.prototype.flags cache-miss
2102 http cache https://registry.npmjs.org/is-shared-array-buffer 10ms (cache hit)
2103 silly packumentCache full:https://registry.npmjs.org/is-shared-array-buffer set size:19880 disposed:false
2104 silly fetch manifest safe-array-concat@^1.1.3
2105 silly packumentCache full:https://registry.npmjs.org/safe-array-concat cache-miss
2106 http cache https://registry.npmjs.org/is-weakref 9ms (cache hit)
2107 silly packumentCache full:https://registry.npmjs.org/is-weakref set size:18473 disposed:false
2108 silly fetch manifest safe-push-apply@^1.0.0
2109 silly packumentCache full:https://registry.npmjs.org/safe-push-apply cache-miss
2110 http cache https://registry.npmjs.org/is-typed-array 11ms (cache hit)
2111 silly packumentCache full:https://registry.npmjs.org/is-typed-array set size:79965 disposed:false
2112 silly fetch manifest safe-regex-test@^1.1.0
2113 silly packumentCache full:https://registry.npmjs.org/safe-regex-test cache-hit
2114 silly fetch manifest set-proto@^1.0.0
2115 silly packumentCache full:https://registry.npmjs.org/set-proto cache-miss
2116 http cache https://registry.npmjs.org/object-inspect 10ms (cache hit)
2117 silly packumentCache full:https://registry.npmjs.org/object-inspect set size:101912 disposed:false
2118 silly fetch manifest stop-iteration-iterator@^1.1.0
2119 silly packumentCache full:https://registry.npmjs.org/stop-iteration-iterator cache-miss
2120 http cache https://registry.npmjs.org/object.assign 11ms (cache hit)
2121 silly packumentCache full:https://registry.npmjs.org/object.assign set size:85907 disposed:false
2122 silly fetch manifest string.prototype.trim@^1.2.10
2123 silly packumentCache full:https://registry.npmjs.org/string.prototype.trim cache-miss
2124 http cache https://registry.npmjs.org/own-keys 12ms (cache hit)
2125 silly packumentCache full:https://registry.npmjs.org/own-keys set size:8735 disposed:false
2126 silly fetch manifest string.prototype.trimstart@^1.0.8
2127 silly packumentCache full:https://registry.npmjs.org/string.prototype.trimstart cache-miss
2128 http cache https://registry.npmjs.org/regexp.prototype.flags 11ms (cache hit)
2129 silly packumentCache full:https://registry.npmjs.org/regexp.prototype.flags set size:60621 disposed:false
2130 silly fetch manifest typed-array-buffer@^1.0.3
2131 silly packumentCache full:https://registry.npmjs.org/typed-array-buffer cache-miss
2132 http cache https://registry.npmjs.org/safe-array-concat 12ms (cache hit)
2133 silly packumentCache full:https://registry.npmjs.org/safe-array-concat set size:25516 disposed:false
2134 silly fetch manifest typed-array-byte-length@^1.0.3
2135 silly packumentCache full:https://registry.npmjs.org/typed-array-byte-length cache-miss
2136 http cache https://registry.npmjs.org/safe-push-apply 12ms (cache hit)
2137 silly packumentCache full:https://registry.npmjs.org/safe-push-apply set size:5759 disposed:false
2138 silly fetch manifest typed-array-byte-offset@^1.0.4
2139 silly packumentCache full:https://registry.npmjs.org/typed-array-byte-offset cache-miss
2140 http cache https://registry.npmjs.org/set-proto 11ms (cache hit)
2141 silly packumentCache full:https://registry.npmjs.org/set-proto set size:5334 disposed:false
2142 silly fetch manifest typed-array-length@^1.0.7
2143 silly packumentCache full:https://registry.npmjs.org/typed-array-length cache-miss
2144 http cache https://registry.npmjs.org/stop-iteration-iterator 10ms (cache hit)
2145 silly packumentCache full:https://registry.npmjs.org/stop-iteration-iterator set size:9160 disposed:false
2146 silly fetch manifest unbox-primitive@^1.1.0
2147 silly packumentCache full:https://registry.npmjs.org/unbox-primitive cache-miss
2148 http cache https://registry.npmjs.org/string.prototype.trim 9ms (cache hit)
2149 silly packumentCache full:https://registry.npmjs.org/string.prototype.trim set size:57416 disposed:false
2150 silly fetch manifest which-typed-array@^1.1.19
2151 silly packumentCache full:https://registry.npmjs.org/which-typed-array cache-miss
2152 http cache https://registry.npmjs.org/string.prototype.trimstart 9ms (cache hit)
2153 silly packumentCache full:https://registry.npmjs.org/string.prototype.trimstart set size:38291 disposed:false
2154 silly fetch manifest has-tostringtag@^1.0.2
2155 silly packumentCache full:https://registry.npmjs.org/has-tostringtag cache-miss
2156 http cache https://registry.npmjs.org/typed-array-buffer 12ms (cache hit)
2157 silly packumentCache full:https://registry.npmjs.org/typed-array-buffer set size:14045 disposed:false
2158 http cache https://registry.npmjs.org/typed-array-byte-length 10ms (cache hit)
2159 silly packumentCache full:https://registry.npmjs.org/typed-array-byte-length set size:18382 disposed:false
2160 http cache https://registry.npmjs.org/typed-array-byte-offset 11ms (cache hit)
2161 silly packumentCache full:https://registry.npmjs.org/typed-array-byte-offset set size:21714 disposed:false
2162 http cache https://registry.npmjs.org/typed-array-length 11ms (cache hit)
2163 silly packumentCache full:https://registry.npmjs.org/typed-array-length set size:35665 disposed:false
2164 http cache https://registry.npmjs.org/unbox-primitive 11ms (cache hit)
2165 silly packumentCache full:https://registry.npmjs.org/unbox-primitive set size:15669 disposed:false
2166 http cache https://registry.npmjs.org/which-typed-array 11ms (cache hit)
2167 silly packumentCache full:https://registry.npmjs.org/which-typed-array set size:101551 disposed:false
2168 http cache https://registry.npmjs.org/has-tostringtag 9ms (cache hit)
2169 silly packumentCache full:https://registry.npmjs.org/has-tostringtag set size:13945 disposed:false
2170 silly placeDep ROOT es-errors@1.3.0 OK for: array.prototype.findlastindex@1.2.6 want: ^1.3.0
2171 silly placeDep ROOT es-shim-unscopables@1.1.0 OK for: array.prototype.findlastindex@1.2.6 want: ^1.1.0
2172 silly placeDep ROOT call-bind-apply-helpers@1.0.2 OK for: call-bind@1.0.9 want: ^1.0.2
2173 silly placeDep ROOT es-define-property@1.0.1 OK for: call-bind@1.0.9 want: ^1.0.1
2174 silly placeDep ROOT set-function-length@1.2.2 OK for: call-bind@1.0.9 want: ^1.2.2
2175 silly fetch manifest define-data-property@^1.1.4
2176 silly packumentCache full:https://registry.npmjs.org/define-data-property cache-hit
2177 silly fetch manifest gopd@^1.0.1
2178 silly packumentCache full:https://registry.npmjs.org/gopd cache-hit
2179 silly placeDep ROOT function-bind@1.1.2 OK for: call-bind-apply-helpers@1.0.2 want: ^1.1.2
2180 silly placeDep ROOT define-data-property@1.1.4 OK for: define-properties@1.2.1 want: ^1.0.1
2181 silly placeDep ROOT has-property-descriptors@1.0.2 OK for: define-properties@1.2.1 want: ^1.0.0
2182 silly placeDep ROOT object-keys@1.1.1 OK for: define-properties@1.2.1 want: ^1.1.1
2183 silly placeDep ROOT gopd@1.2.0 OK for: define-data-property@1.1.4 want: ^1.0.1
2184 silly placeDep ROOT array-buffer-byte-length@1.0.2 OK for: es-abstract@1.24.2 want: ^1.0.2
2185 silly placeDep ROOT arraybuffer.prototype.slice@1.0.4 OK for: es-abstract@1.24.2 want: ^1.0.4
2186 silly placeDep ROOT available-typed-arrays@1.0.7 OK for: es-abstract@1.24.2 want: ^1.0.7
2187 silly placeDep ROOT data-view-buffer@1.0.2 OK for: es-abstract@1.24.2 want: ^1.0.2
2188 silly placeDep ROOT data-view-byte-length@1.0.2 OK for: es-abstract@1.24.2 want: ^1.0.2
2189 silly placeDep ROOT data-view-byte-offset@1.0.1 OK for: es-abstract@1.24.2 want: ^1.0.1
2190 silly placeDep ROOT es-set-tostringtag@2.1.0 OK for: es-abstract@1.24.2 want: ^2.1.0
2191 silly placeDep ROOT es-to-primitive@1.3.1 OK for: es-abstract@1.24.2 want: ^1.3.0
2192 silly placeDep ROOT function.prototype.name@1.2.0 OK for: es-abstract@1.24.2 want: ^1.1.8
2193 silly placeDep ROOT get-proto@1.0.1 OK for: es-abstract@1.24.2 want: ^1.0.1
2194 silly placeDep ROOT get-symbol-description@1.1.0 OK for: es-abstract@1.24.2 want: ^1.1.0
2195 silly placeDep ROOT globalthis@1.0.4 OK for: es-abstract@1.24.2 want: ^1.0.4
2196 silly placeDep ROOT has-proto@1.2.0 OK for: es-abstract@1.24.2 want: ^1.2.0
2197 silly placeDep ROOT has-symbols@1.1.0 OK for: es-abstract@1.24.2 want: ^1.1.0
2198 silly placeDep ROOT internal-slot@1.1.0 OK for: es-abstract@1.24.2 want: ^1.1.0
2199 silly placeDep ROOT is-array-buffer@3.0.5 OK for: es-abstract@1.24.2 want: ^3.0.5
2200 silly placeDep ROOT is-callable@1.2.7 OK for: es-abstract@1.24.2 want: ^1.2.7
2201 silly placeDep ROOT is-data-view@1.0.2 OK for: es-abstract@1.24.2 want: ^1.0.2
2202 silly placeDep ROOT is-negative-zero@2.0.3 OK for: es-abstract@1.24.2 want: ^2.0.3
2203 silly placeDep ROOT is-regex@1.2.1 OK for: es-abstract@1.24.2 want: ^1.2.1
2204 silly placeDep ROOT is-set@2.0.3 OK for: es-abstract@1.24.2 want: ^2.0.3
2205 silly placeDep ROOT is-shared-array-buffer@1.0.4 OK for: es-abstract@1.24.2 want: ^1.0.4
2206 silly placeDep ROOT is-typed-array@1.1.15 OK for: es-abstract@1.24.2 want: ^1.1.15
2207 silly placeDep ROOT is-weakref@1.1.1 OK for: es-abstract@1.24.2 want: ^1.1.1
2208 silly placeDep ROOT object-inspect@1.13.4 OK for: es-abstract@1.24.2 want: ^1.13.4
2209 silly placeDep ROOT object.assign@4.1.7 OK for: es-abstract@1.24.2 want: ^4.1.7
2210 silly placeDep ROOT own-keys@1.0.1 OK for: es-abstract@1.24.2 want: ^1.0.1
2211 silly placeDep ROOT regexp.prototype.flags@1.5.4 OK for: es-abstract@1.24.2 want: ^1.5.4
2212 silly placeDep ROOT safe-array-concat@1.1.4 OK for: es-abstract@1.24.2 want: ^1.1.3
2213 silly placeDep ROOT safe-push-apply@1.0.0 OK for: es-abstract@1.24.2 want: ^1.0.0
2214 silly placeDep ROOT safe-regex-test@1.1.0 OK for: es-abstract@1.24.2 want: ^1.1.0
2215 silly placeDep ROOT set-proto@1.0.0 OK for: es-abstract@1.24.2 want: ^1.0.0
2216 silly placeDep ROOT stop-iteration-iterator@1.1.0 OK for: es-abstract@1.24.2 want: ^1.1.0
2217 silly placeDep ROOT string.prototype.trim@1.2.11 OK for: es-abstract@1.24.2 want: ^1.2.10
2218 silly placeDep ROOT string.prototype.trimstart@1.0.8 OK for: es-abstract@1.24.2 want: ^1.0.8
2219 silly placeDep ROOT typed-array-buffer@1.0.3 OK for: es-abstract@1.24.2 want: ^1.0.3
2220 silly placeDep ROOT typed-array-byte-length@1.0.3 OK for: es-abstract@1.24.2 want: ^1.0.3
2221 silly placeDep ROOT typed-array-byte-offset@1.0.4 OK for: es-abstract@1.24.2 want: ^1.0.4
2222 silly placeDep ROOT typed-array-length@1.0.8 OK for: es-abstract@1.24.2 want: ^1.0.7
2223 silly placeDep ROOT unbox-primitive@1.1.0 OK for: es-abstract@1.24.2 want: ^1.1.0
2224 silly placeDep ROOT which-typed-array@1.1.22 OK for: es-abstract@1.24.2 want: ^1.1.19
2225 silly fetch manifest is-array-buffer@^3.0.4
2226 silly packumentCache full:https://registry.npmjs.org/is-array-buffer cache-hit
2227 silly fetch manifest possible-typed-array-names@^1.0.0
2228 silly packumentCache full:https://registry.npmjs.org/possible-typed-array-names cache-miss
2229 silly fetch manifest is-data-view@^1.0.1
2230 silly packumentCache full:https://registry.npmjs.org/is-data-view cache-hit
2231 silly fetch manifest is-symbol@^1.1.1
2232 silly packumentCache full:https://registry.npmjs.org/is-symbol cache-miss
2233 silly fetch manifest is-date-object@^1.1.0
2234 silly packumentCache full:https://registry.npmjs.org/is-date-object cache-miss
2235 silly fetch manifest es-abstract-get@^1.0.0
2236 silly packumentCache full:https://registry.npmjs.org/es-abstract-get cache-miss
2237 silly fetch manifest is-document.all@^1.0.0
2238 silly packumentCache full:https://registry.npmjs.org/is-document.all cache-miss
2239 silly fetch manifest functions-have-names@^1.2.3
2240 silly packumentCache full:https://registry.npmjs.org/functions-have-names cache-miss
2241 silly fetch manifest dunder-proto@^1.0.1
2242 silly packumentCache full:https://registry.npmjs.org/dunder-proto cache-miss
2243 http cache https://registry.npmjs.org/is-symbol 6ms (cache hit)
2244 silly packumentCache full:https://registry.npmjs.org/is-symbol set size:22675 disposed:false
2245 silly fetch manifest dunder-proto@^1.0.0
2246 silly packumentCache full:https://registry.npmjs.org/dunder-proto cache-miss
2247 http cache https://registry.npmjs.org/is-document.all 6ms (cache hit)
2248 silly packumentCache full:https://registry.npmjs.org/is-document.all set size:5283 disposed:false
2249 silly fetch manifest side-channel@^1.1.0
2250 silly packumentCache full:https://registry.npmjs.org/side-channel cache-miss
2251 http cache https://registry.npmjs.org/es-abstract-get 8ms (cache hit)
2252 silly packumentCache full:https://registry.npmjs.org/es-abstract-get set size:7156 disposed:false
2253 silly fetch manifest is-typed-array@^1.1.13
2254 silly packumentCache full:https://registry.npmjs.org/is-typed-array cache-hit
2255 silly fetch manifest which-typed-array@^1.1.16
2256 silly packumentCache full:https://registry.npmjs.org/which-typed-array cache-hit
2257 silly fetch manifest set-function-name@^2.0.2
2258 silly packumentCache full:https://registry.npmjs.org/set-function-name cache-miss
2259 http cache https://registry.npmjs.org/is-date-object 9ms (cache hit)
2260 silly packumentCache full:https://registry.npmjs.org/is-date-object set size:25050 disposed:false
2261 silly fetch manifest isarray@^2.0.5
2262 silly packumentCache full:https://registry.npmjs.org/isarray cache-miss
2263 http cache https://registry.npmjs.org/possible-typed-array-names 11ms (cache hit)
2264 silly packumentCache full:https://registry.npmjs.org/possible-typed-array-names set size:9167 disposed:false
2265 silly fetch manifest isarray@^2.0.5
2266 silly packumentCache full:https://registry.npmjs.org/isarray cache-miss
2267 http cache https://registry.npmjs.org/dunder-proto 10ms (cache hit)
2268 silly packumentCache full:https://registry.npmjs.org/dunder-proto set size:8256 disposed:false
2269 silly fetch manifest for-each@^0.3.3
2270 silly packumentCache full:https://registry.npmjs.org/for-each cache-miss
2271 http cache https://registry.npmjs.org/functions-have-names 11ms (cache hit)
2272 silly packumentCache full:https://registry.npmjs.org/functions-have-names set size:24196 disposed:false
2273 silly fetch manifest for-each@^0.3.3
2274 silly packumentCache full:https://registry.npmjs.org/for-each cache-miss
2275 http cache https://registry.npmjs.org/dunder-proto 9ms (cache hit)
2276 silly packumentCache full:https://registry.npmjs.org/dunder-proto set size:8256 disposed:false
2277 silly packumentCache full:https://registry.npmjs.org/dunder-proto dispose
2278 silly fetch manifest reflect.getprototypeof@^1.0.9
2279 silly packumentCache full:https://registry.npmjs.org/reflect.getprototypeof cache-miss
2280 http cache https://registry.npmjs.org/isarray 6ms (cache hit)
2281 silly packumentCache full:https://registry.npmjs.org/isarray set size:17392 disposed:false
2282 silly fetch manifest for-each@^0.3.5
2283 silly packumentCache full:https://registry.npmjs.org/for-each cache-miss
2284 http cache https://registry.npmjs.org/isarray 7ms (cache hit)
2285 silly packumentCache full:https://registry.npmjs.org/isarray set size:17392 disposed:false
2286 silly packumentCache full:https://registry.npmjs.org/isarray dispose
2287 silly fetch manifest possible-typed-array-names@^1.1.0
2288 silly packumentCache full:https://registry.npmjs.org/possible-typed-array-names cache-hit
2289 silly fetch manifest reflect.getprototypeof@^1.0.10
2290 silly packumentCache full:https://registry.npmjs.org/reflect.getprototypeof cache-miss
2291 http cache https://registry.npmjs.org/set-function-name 10ms (cache hit)
2292 silly packumentCache full:https://registry.npmjs.org/set-function-name set size:13766 disposed:false
2293 silly fetch manifest has-bigints@^1.0.2
2294 silly packumentCache full:https://registry.npmjs.org/has-bigints cache-miss
2295 http cache https://registry.npmjs.org/side-channel 12ms (cache hit)
2296 silly packumentCache full:https://registry.npmjs.org/side-channel set size:27650 disposed:false
2297 silly fetch manifest which-boxed-primitive@^1.1.1
2298 silly packumentCache full:https://registry.npmjs.org/which-boxed-primitive cache-miss
2299 http cache https://registry.npmjs.org/for-each 10ms (cache hit)
2300 silly packumentCache full:https://registry.npmjs.org/for-each set size:14327 disposed:false
2301 silly fetch manifest for-each@^0.3.5
2302 silly packumentCache full:https://registry.npmjs.org/for-each cache-hit
2303 http cache https://registry.npmjs.org/for-each 11ms (cache hit)
2304 silly packumentCache full:https://registry.npmjs.org/for-each set size:14327 disposed:false
2305 silly packumentCache full:https://registry.npmjs.org/for-each dispose
2306 http cache https://registry.npmjs.org/reflect.getprototypeof 9ms (cache hit)
2307 silly packumentCache full:https://registry.npmjs.org/reflect.getprototypeof set size:44083 disposed:false
2308 http cache https://registry.npmjs.org/for-each 9ms (cache hit)
2309 silly packumentCache full:https://registry.npmjs.org/for-each set size:14327 disposed:true
2310 silly packumentCache full:https://registry.npmjs.org/for-each dispose
2311 http cache https://registry.npmjs.org/reflect.getprototypeof 7ms (cache hit)
2312 silly packumentCache full:https://registry.npmjs.org/reflect.getprototypeof set size:44083 disposed:false
2313 silly packumentCache full:https://registry.npmjs.org/reflect.getprototypeof dispose
2314 http cache https://registry.npmjs.org/has-bigints 7ms (cache hit)
2315 silly packumentCache full:https://registry.npmjs.org/has-bigints set size:14176 disposed:false
2316 http cache https://registry.npmjs.org/which-boxed-primitive 7ms (cache hit)
2317 silly packumentCache full:https://registry.npmjs.org/which-boxed-primitive set size:19407 disposed:false
2318 silly placeDep ROOT possible-typed-array-names@1.1.0 OK for: available-typed-arrays@1.0.7 want: ^1.0.0
2319 silly placeDep ROOT has-tostringtag@1.0.2 OK for: es-set-tostringtag@2.1.0 want: ^1.0.2
2320 silly placeDep ROOT es-abstract-get@1.0.0 OK for: es-to-primitive@1.3.1 want: ^1.0.0
2321 silly placeDep ROOT is-date-object@1.1.0 OK for: es-to-primitive@1.3.1 want: ^1.1.0
2322 silly placeDep ROOT is-symbol@1.1.1 OK for: es-to-primitive@1.3.1 want: ^1.1.1
2323 silly placeDep node_modules/eslint-import-resolver-node debug@3.2.7 OK for: eslint-import-resolver-node@0.3.10 want: ^3.2.7
2324 silly placeDep ROOT resolve@2.0.0-next.7 OK for: eslint-import-resolver-node@0.3.10 want: ^2.0.0-next.6
2325 silly fetch manifest node-exports-info@^1.6.0
2326 silly packumentCache full:https://registry.npmjs.org/node-exports-info cache-miss
2327 silly fetch manifest path-parse@^1.0.7
2328 silly packumentCache full:https://registry.npmjs.org/path-parse cache-miss
2329 silly fetch manifest supports-preserve-symlinks-flag@^1.0.0
2330 silly packumentCache full:https://registry.npmjs.org/supports-preserve-symlinks-flag cache-miss
2331 http cache https://registry.npmjs.org/supports-preserve-symlinks-flag 5ms (cache hit)
2332 silly packumentCache full:https://registry.npmjs.org/supports-preserve-symlinks-flag set size:6802 disposed:false
2333 http cache https://registry.npmjs.org/path-parse 6ms (cache hit)
2334 silly packumentCache full:https://registry.npmjs.org/path-parse set size:14523 disposed:false
2335 http cache https://registry.npmjs.org/node-exports-info 7ms (cache hit)
2336 silly packumentCache full:https://registry.npmjs.org/node-exports-info set size:69480 disposed:false
2337 silly placeDep node_modules/eslint-module-utils debug@3.2.7 OK for: eslint-module-utils@2.13.0 want: ^3.2.7
2338 silly placeDep ROOT aria-query@5.3.2 OK for: eslint-plugin-jsx-a11y@6.10.2 want: ^5.3.2
2339 silly placeDep ROOT ast-types-flow@0.0.8 OK for: eslint-plugin-jsx-a11y@6.10.2 want: ^0.0.8
2340 silly placeDep ROOT axe-core@4.12.1 OK for: eslint-plugin-jsx-a11y@6.10.2 want: ^4.10.0
2341 silly placeDep ROOT axobject-query@4.1.0 OK for: eslint-plugin-jsx-a11y@6.10.2 want: ^4.1.0
2342 silly placeDep ROOT damerau-levenshtein@1.0.8 OK for: eslint-plugin-jsx-a11y@6.10.2 want: ^1.0.8
2343 silly placeDep ROOT emoji-regex@9.2.2 OK for: eslint-plugin-jsx-a11y@6.10.2 want: ^9.2.2
2344 silly placeDep ROOT jsx-ast-utils@3.3.5 OK for: eslint-plugin-jsx-a11y@6.10.2 want: ^3.3.5
2345 silly placeDep ROOT language-tags@1.0.9 OK for: eslint-plugin-jsx-a11y@6.10.2 want: ^1.0.9
2346 silly placeDep ROOT string.prototype.includes@2.0.1 OK for: eslint-plugin-jsx-a11y@6.10.2 want: ^2.0.1
2347 silly fetch manifest language-subtag-registry@^0.3.20
2348 silly packumentCache full:https://registry.npmjs.org/language-subtag-registry cache-miss
2349 http cache https://registry.npmjs.org/language-subtag-registry 3ms (cache hit)
2350 silly packumentCache full:https://registry.npmjs.org/language-subtag-registry set size:46437 disposed:false
2351 silly placeDep ROOT array.prototype.findlast@1.2.5 OK for: eslint-plugin-react@7.37.4 want: ^1.2.5
2352 silly placeDep ROOT array.prototype.tosorted@1.1.4 OK for: eslint-plugin-react@7.37.4 want: ^1.1.4
2353 silly placeDep ROOT es-iterator-helpers@1.3.3 OK for: eslint-plugin-react@7.37.4 want: ^1.2.1
2354 silly placeDep ROOT estraverse@5.3.0 OK for: eslint-plugin-react@7.37.4 want: ^5.3.0
2355 silly placeDep ROOT object.entries@1.1.9 OK for: eslint-plugin-react@7.37.4 want: ^1.1.8
2356 silly placeDep ROOT prop-types@15.8.1 OK for: eslint-plugin-react@7.37.4 want: ^15.8.1
2357 silly placeDep ROOT string.prototype.matchall@4.0.12 OK for: eslint-plugin-react@7.37.4 want: ^4.0.12
2358 silly placeDep ROOT string.prototype.repeat@1.0.0 OK for: eslint-plugin-react@7.37.4 want: ^1.0.0
2359 silly fetch manifest iterator.prototype@^1.1.5
2360 silly packumentCache full:https://registry.npmjs.org/iterator.prototype cache-miss
2361 silly fetch manifest loose-envify@^1.4.0
2362 silly packumentCache full:https://registry.npmjs.org/loose-envify cache-miss
2363 silly fetch manifest object-assign@^4.1.1
2364 silly packumentCache full:https://registry.npmjs.org/object-assign cache-miss
2365 silly fetch manifest react-is@^16.13.1
2366 silly packumentCache full:https://registry.npmjs.org/react-is cache-miss
2367 http cache https://registry.npmjs.org/loose-envify 4ms (cache hit)
2368 silly packumentCache full:https://registry.npmjs.org/loose-envify set size:12559 disposed:false
2369 http cache https://registry.npmjs.org/iterator.prototype 6ms (cache hit)
2370 silly packumentCache full:https://registry.npmjs.org/iterator.prototype set size:26870 disposed:false
2371 http cache https://registry.npmjs.org/object-assign 6ms (cache hit)
2372 silly packumentCache full:https://registry.npmjs.org/object-assign set size:28988 disposed:false
2373 http cache https://registry.npmjs.org/react-is 15ms (cache hit)
2374 silly packumentCache full:https://registry.npmjs.org/react-is set size:5448003 disposed:false
2375 silly placeDep ROOT iterator.prototype@1.1.5 OK for: es-iterator-helpers@1.3.3 want: ^1.1.5
2376 silly placeDep ROOT esrecurse@4.3.0 OK for: eslint-scope@8.4.0 want: ^4.3.0
2377 silly placeDep ROOT acorn@8.17.0 OK for: espree@10.4.0 want: ^8.15.0
2378 silly placeDep ROOT acorn-jsx@5.3.2 OK for: espree@10.4.0 want: ^5.3.2
2379 silly placeDep ROOT flat-cache@4.0.1 OK for: file-entry-cache@8.0.0 want: ^4.0.0
2380 silly fetch manifest keyv@^4.5.4
2381 silly packumentCache full:https://registry.npmjs.org/keyv cache-miss
2382 silly fetch manifest flatted@^3.2.9
2383 silly packumentCache full:https://registry.npmjs.org/flatted cache-miss
2384 http cache https://registry.npmjs.org/keyv 4ms (cache hit)
2385 silly packumentCache full:https://registry.npmjs.org/keyv set size:224095 disposed:false
2386 http cache https://registry.npmjs.org/flatted 5ms (cache hit)
2387 silly packumentCache full:https://registry.npmjs.org/flatted set size:137347 disposed:false
2388 silly placeDep ROOT locate-path@6.0.0 OK for: find-up@5.0.0 want: ^6.0.0
2389 silly placeDep ROOT path-exists@4.0.0 OK for: find-up@5.0.0 want: ^4.0.0
2390 silly fetch manifest p-locate@^5.0.0
2391 silly packumentCache full:https://registry.npmjs.org/p-locate cache-miss
2392 http cache https://registry.npmjs.org/p-locate 2ms (cache hit)
2393 silly packumentCache full:https://registry.npmjs.org/p-locate set size:22488 disposed:false
2394 silly placeDep ROOT flatted@3.4.2 OK for: flat-cache@4.0.1 want: ^3.2.9
2395 silly placeDep ROOT keyv@4.5.4 OK for: flat-cache@4.0.1 want: ^4.5.4
2396 silly fetch manifest json-buffer@3.0.1
2397 silly packumentCache full:https://registry.npmjs.org/json-buffer cache-miss
2398 http cache https://registry.npmjs.org/json-buffer 2ms (cache hit)
2399 silly packumentCache full:https://registry.npmjs.org/json-buffer set size:23474 disposed:false
2400 silly placeDep ROOT asynckit@0.4.0 OK for: form-data@4.0.6 want: ^0.4.0
2401 silly placeDep ROOT combined-stream@1.0.8 OK for: form-data@4.0.6 want: ^1.0.8
2402 silly placeDep ROOT mime-types@2.1.35 OK for: form-data@4.0.6 want: ^2.1.35
2403 silly fetch manifest delayed-stream@~1.0.0
2404 silly packumentCache full:https://registry.npmjs.org/delayed-stream cache-miss
2405 silly fetch manifest mime-db@1.52.0
2406 silly packumentCache full:https://registry.npmjs.org/mime-db cache-miss
2407 http cache https://registry.npmjs.org/delayed-stream 2ms (cache hit)
2408 silly packumentCache full:https://registry.npmjs.org/delayed-stream set size:15820 disposed:false
2409 http cache https://registry.npmjs.org/mime-db 3ms (cache hit)
2410 silly packumentCache full:https://registry.npmjs.org/mime-db set size:164953 disposed:false
2411 silly placeDep ROOT delayed-stream@1.0.0 OK for: combined-stream@1.0.8 want: ~1.0.0
2412 silly placeDep ROOT motion-dom@11.18.1 OK for: framer-motion@11.18.0 want: ^11.16.4
2413 silly placeDep ROOT motion-utils@11.18.1 OK for: framer-motion@11.18.0 want: ^11.16.0
2414 silly fetch manifest motion-utils@^11.18.1
2415 silly packumentCache full:https://registry.npmjs.org/motion-utils cache-hit
2416 silly placeDep ROOT functions-have-names@1.2.3 OK for: function.prototype.name@1.2.0 want: ^1.2.3
2417 silly placeDep ROOT is-document.all@1.0.0 OK for: function.prototype.name@1.2.0 want: ^1.0.0
2418 silly placeDep ROOT dunder-proto@1.0.1 OK for: get-proto@1.0.1 want: ^1.0.1
2419 silly placeDep ROOT parent-module@1.0.1 OK for: import-fresh@3.3.1 want: ^1.0.0
2420 silly placeDep ROOT resolve-from@4.0.0 OK for: import-fresh@3.3.1 want: ^4.0.0
2421 silly fetch manifest callsites@^3.0.0
2422 silly packumentCache full:https://registry.npmjs.org/callsites cache-miss
2423 http cache https://registry.npmjs.org/callsites 4ms (cache hit)
2424 silly packumentCache full:https://registry.npmjs.org/callsites set size:21349 disposed:false
2425 silly placeDep ROOT side-channel@1.1.1 OK for: internal-slot@1.1.0 want: ^1.1.0
2426 silly fetch manifest side-channel-list@^1.0.1
2427 silly packumentCache full:https://registry.npmjs.org/side-channel-list cache-miss
2428 silly fetch manifest side-channel-map@^1.0.1
2429 silly packumentCache full:https://registry.npmjs.org/side-channel-map cache-miss
2430 silly fetch manifest side-channel-weakmap@^1.0.2
2431 silly packumentCache full:https://registry.npmjs.org/side-channel-weakmap cache-miss
2432 http cache https://registry.npmjs.org/side-channel-map 3ms (cache hit)
2433 silly packumentCache full:https://registry.npmjs.org/side-channel-map set size:9126 disposed:false
2434 http cache https://registry.npmjs.org/side-channel-list 4ms (cache hit)
2435 silly packumentCache full:https://registry.npmjs.org/side-channel-list set size:9021 disposed:false
2436 http cache https://registry.npmjs.org/side-channel-weakmap 4ms (cache hit)
2437 silly packumentCache full:https://registry.npmjs.org/side-channel-weakmap set size:12620 disposed:false
2438 silly placeDep ROOT is-extglob@2.1.1 OK for: is-glob@4.0.3 want: ^2.1.1
2439 silly placeDep ROOT set-function-name@2.0.2 OK for: iterator.prototype@1.1.5 want: ^2.0.2
2440 silly placeDep ROOT argparse@2.0.1 OK for: js-yaml@4.2.0 want: ^2.0.1
2441 silly placeDep ROOT json-buffer@3.0.1 OK for: keyv@4.5.4 want: 3.0.1
2442 silly placeDep ROOT language-subtag-registry@0.3.23 OK for: language-tags@1.0.9 want: ^0.3.20
2443 silly placeDep ROOT prelude-ls@1.2.1 OK for: levn@0.4.1 want: ^1.2.1
2444 silly placeDep ROOT type-check@0.4.0 OK for: levn@0.4.1 want: ~0.4.0
2445 silly placeDep ROOT p-locate@5.0.0 OK for: locate-path@6.0.0 want: ^5.0.0
2446 silly fetch manifest p-limit@^3.0.2
2447 silly packumentCache full:https://registry.npmjs.org/p-limit cache-miss
2448 http cache https://registry.npmjs.org/p-limit 2ms (cache hit)
2449 silly packumentCache full:https://registry.npmjs.org/p-limit set size:61867 disposed:false
2450 silly placeDep ROOT mime-db@1.52.0 OK for: mime-types@2.1.35 want: 1.52.0
2451 silly placeDep ROOT brace-expansion@1.1.15 OK for: minimatch@3.1.5 want: ^1.1.7
2452 silly fetch manifest balanced-match@^1.0.0
2453 silly packumentCache full:https://registry.npmjs.org/balanced-match cache-miss
2454 silly fetch manifest concat-map@0.0.1
2455 silly packumentCache full:https://registry.npmjs.org/concat-map cache-miss
2456 http cache https://registry.npmjs.org/concat-map 2ms (cache hit)
2457 silly packumentCache full:https://registry.npmjs.org/concat-map set size:9290 disposed:false
2458 http cache https://registry.npmjs.org/balanced-match 2ms (cache hit)
2459 silly packumentCache full:https://registry.npmjs.org/balanced-match set size:39082 disposed:false
2460 silly placeDep ROOT balanced-match@1.0.2 OK for: brace-expansion@1.1.15 want: ^1.0.0
2461 silly placeDep ROOT concat-map@0.0.1 OK for: brace-expansion@1.1.15 want: 0.0.1
2462 silly placeDep ROOT deep-is@0.1.4 OK for: optionator@0.9.4 want: ^0.1.3
2463 silly placeDep ROOT fast-levenshtein@2.0.6 OK for: optionator@0.9.4 want: ^2.0.6
2464 silly placeDep ROOT word-wrap@1.2.5 OK for: optionator@0.9.4 want: ^1.2.5
2465 silly placeDep ROOT p-limit@3.1.0 OK for: p-locate@5.0.0 want: ^3.0.2
2466 silly fetch manifest yocto-queue@^0.1.0
2467 silly packumentCache full:https://registry.npmjs.org/yocto-queue cache-miss
2468 http cache https://registry.npmjs.org/yocto-queue 2ms (cache hit)
2469 silly packumentCache full:https://registry.npmjs.org/yocto-queue set size:20256 disposed:false
2470 silly placeDep ROOT yocto-queue@0.1.0 OK for: p-limit@3.1.0 want: ^0.1.0
2471 silly placeDep ROOT callsites@3.1.0 OK for: parent-module@1.0.1 want: ^3.0.0
2472 silly placeDep ROOT error-ex@1.3.4 OK for: parse-json@5.2.0 want: ^1.3.1
2473 silly placeDep ROOT json-parse-even-better-errors@2.3.1 OK for: parse-json@5.2.0 want: ^2.3.0
2474 silly placeDep ROOT lines-and-columns@1.2.4 OK for: parse-json@5.2.0 want: ^1.1.6
2475 silly fetch manifest is-arrayish@^0.2.1
2476 silly packumentCache full:https://registry.npmjs.org/is-arrayish cache-miss
2477 http cache https://registry.npmjs.org/is-arrayish 2ms (cache hit)
2478 silly packumentCache full:https://registry.npmjs.org/is-arrayish set size:15371 disposed:false
2479 silly placeDep ROOT is-arrayish@0.2.1 OK for: error-ex@1.3.4 want: ^0.2.1
2480 silly placeDep ROOT nanoid@3.3.15 OK for: postcss@8.5.10 want: ^3.3.11
2481 silly placeDep ROOT source-map-js@1.2.1 OK for: postcss@8.5.10 want: ^1.2.1
2482 silly placeDep ROOT loose-envify@1.4.0 OK for: prop-types@15.8.1 want: ^1.4.0
2483 silly placeDep ROOT object-assign@4.1.1 OK for: prop-types@15.8.1 want: ^4.1.1
2484 silly placeDep ROOT react-is@16.13.1 OK for: prop-types@15.8.1 want: ^16.13.1
2485 silly placeDep ROOT scheduler@0.25.0 OK for: react-dom@19.0.0 want: ^0.25.0
2486 silly placeDep ROOT react-remove-scroll-bar@2.3.8 OK for: react-remove-scroll@2.7.2 want: ^2.3.7
2487 silly placeDep ROOT react-style-singleton@2.2.3 OK for: react-remove-scroll@2.7.2 want: ^2.2.3
2488 silly placeDep ROOT use-callback-ref@1.3.3 OK for: react-remove-scroll@2.7.2 want: ^1.3.3
2489 silly placeDep ROOT use-sidecar@1.1.3 OK for: react-remove-scroll@2.7.2 want: ^1.1.3
2490 silly fetch manifest react-style-singleton@^2.2.2
2491 silly packumentCache full:https://registry.npmjs.org/react-style-singleton cache-hit
2492 silly fetch manifest get-nonce@^1.0.0
2493 silly packumentCache full:https://registry.npmjs.org/get-nonce cache-miss
2494 silly fetch manifest detect-node-es@^1.1.0
2495 silly packumentCache full:https://registry.npmjs.org/detect-node-es cache-miss
2496 http cache https://registry.npmjs.org/get-nonce 2ms (cache hit)
2497 silly packumentCache full:https://registry.npmjs.org/get-nonce set size:8902 disposed:false
2498 http cache https://registry.npmjs.org/detect-node-es 3ms (cache hit)
2499 silly packumentCache full:https://registry.npmjs.org/detect-node-es set size:6554 disposed:false
2500 silly placeDep ROOT react-router@7.15.0 OK for: react-router-dom@7.15.0 want: 7.15.0
2501 silly fetch manifest cookie@^1.0.1
2502 silly packumentCache full:https://registry.npmjs.org/cookie cache-miss
2503 silly fetch manifest set-cookie-parser@^2.6.0
2504 silly packumentCache full:https://registry.npmjs.org/set-cookie-parser cache-miss
2505 http cache https://registry.npmjs.org/set-cookie-parser 1ms (cache hit)
2506 silly packumentCache full:https://registry.npmjs.org/set-cookie-parser set size:75679 disposed:false
2507 http cache https://registry.npmjs.org/cookie 3ms (cache hit)
2508 silly packumentCache full:https://registry.npmjs.org/cookie set size:75669 disposed:false
2509 silly placeDep ROOT cookie@1.1.1 OK for: react-router@7.15.0 want: ^1.0.1
2510 silly placeDep ROOT set-cookie-parser@2.7.2 OK for: react-router@7.15.0 want: ^2.6.0
2511 silly placeDep ROOT @babel/core@7.29.7 OK for: react-scripts@5.0.1 want: ^7.16.0
2512 silly placeDep ROOT @pmmmwh/react-refresh-webpack-plugin@0.5.17 OK for: react-scripts@5.0.1 want: ^0.5.3
2513 silly placeDep ROOT @svgr/webpack@5.5.0 OK for: react-scripts@5.0.1 want: ^5.5.0
2514 silly placeDep ROOT babel-jest@27.5.1 OK for: react-scripts@5.0.1 want: ^27.4.2
2515 silly placeDep ROOT babel-loader@8.4.1 OK for: react-scripts@5.0.1 want: ^8.2.3
2516 silly placeDep ROOT babel-plugin-named-asset-import@0.3.8 OK for: react-scripts@5.0.1 want: ^0.3.8
2517 silly placeDep ROOT babel-preset-react-app@10.1.0 OK for: react-scripts@5.0.1 want: ^10.0.1
2518 silly placeDep ROOT bfj@7.1.0 OK for: react-scripts@5.0.1 want: ^7.0.2
2519 silly placeDep ROOT camelcase@6.3.0 OK for: react-scripts@5.0.1 want: ^6.2.1
2520 silly placeDep ROOT case-sensitive-paths-webpack-plugin@2.4.0 OK for: react-scripts@5.0.1 want: ^2.4.0
2521 silly placeDep ROOT css-loader@6.11.0 OK for: react-scripts@5.0.1 want: ^6.5.1
2522 silly placeDep ROOT css-minimizer-webpack-plugin@3.4.1 OK for: react-scripts@5.0.1 want: ^3.2.0
2523 silly placeDep node_modules/react-scripts dotenv@10.0.0 OK for: react-scripts@5.0.1 want: ^10.0.0
2524 silly placeDep ROOT dotenv-expand@5.1.0 OK for: react-scripts@5.0.1 want: ^5.1.0
2525 silly placeDep node_modules/react-scripts eslint@8.57.1 OK for: react-scripts@5.0.1 want: ^8.3.0
2526 silly placeDep ROOT eslint-config-react-app@7.0.1 OK for: react-scripts@5.0.1 want: ^7.0.1
2527 silly placeDep ROOT eslint-webpack-plugin@3.2.0 OK for: react-scripts@5.0.1 want: ^3.1.1
2528 silly placeDep ROOT file-loader@6.2.0 OK for: react-scripts@5.0.1 want: ^6.2.0
2529 silly placeDep ROOT fs-extra@10.1.0 OK for: react-scripts@5.0.1 want: ^10.0.0
2530 silly placeDep ROOT fsevents@2.3.3 OK for: react-scripts@5.0.1 want: ^2.3.2
2531 silly placeDep ROOT html-webpack-plugin@5.6.7 OK for: react-scripts@5.0.1 want: ^5.5.0
2532 silly placeDep ROOT identity-obj-proxy@3.0.0 OK for: react-scripts@5.0.1 want: ^3.0.0
2533 silly placeDep ROOT jest@27.5.1 OK for: react-scripts@5.0.1 want: ^27.4.3
2534 silly placeDep ROOT jest-resolve@27.5.1 OK for: react-scripts@5.0.1 want: ^27.4.2
2535 silly placeDep ROOT jest-watch-typeahead@1.1.0 OK for: react-scripts@5.0.1 want: ^1.0.0
2536 silly placeDep ROOT mini-css-extract-plugin@2.10.2 OK for: react-scripts@5.0.1 want: ^2.4.5
2537 silly placeDep ROOT postcss-flexbugs-fixes@5.0.2 OK for: react-scripts@5.0.1 want: ^5.0.2
2538 silly placeDep ROOT postcss-loader@6.2.1 OK for: react-scripts@5.0.1 want: ^6.2.1
2539 silly placeDep ROOT postcss-normalize@10.0.1 OK for: react-scripts@5.0.1 want: ^10.0.1
2540 silly placeDep ROOT postcss-preset-env@7.8.3 OK for: react-scripts@5.0.1 want: ^7.0.1
2541 silly placeDep ROOT prompts@2.4.2 OK for: react-scripts@5.0.1 want: ^2.4.2
2542 silly placeDep ROOT react-app-polyfill@3.0.0 OK for: react-scripts@5.0.1 want: ^3.0.0
2543 silly placeDep ROOT react-dev-utils@12.0.1 OK for: react-scripts@5.0.1 want: ^12.0.1
2544 silly placeDep ROOT react-refresh@0.11.0 OK for: react-scripts@5.0.1 want: ^0.11.0
2545 silly placeDep node_modules/react-scripts resolve@1.22.12 OK for: react-scripts@5.0.1 want: ^1.20.0
2546 silly placeDep ROOT resolve-url-loader@4.0.0 OK for: react-scripts@5.0.1 want: ^4.0.0
2547 silly placeDep ROOT sass-loader@12.6.0 OK for: react-scripts@5.0.1 want: ^12.3.0
2548 silly placeDep node_modules/react-scripts semver@7.8.5 OK for: react-scripts@5.0.1 want: ^7.3.5
2549 silly placeDep ROOT source-map-loader@3.0.2 OK for: react-scripts@5.0.1 want: ^3.0.0
2550 silly placeDep ROOT style-loader@3.3.4 OK for: react-scripts@5.0.1 want: ^3.3.1
2551 silly placeDep ROOT terser-webpack-plugin@5.6.1 OK for: react-scripts@5.0.1 want: ^5.2.5
2552 silly placeDep ROOT webpack@5.108.0 OK for: react-scripts@5.0.1 want: ^5.64.4
2553 silly placeDep ROOT webpack-dev-server@4.15.2 OK for: react-scripts@5.0.1 want: ^4.6.0
2554 silly placeDep ROOT webpack-manifest-plugin@4.1.1 OK for: react-scripts@5.0.1 want: ^4.0.2
2555 silly placeDep ROOT workbox-webpack-plugin@6.6.0 OK for: react-scripts@5.0.1 want: ^6.4.1
2556 silly fetch manifest json5@^2.2.3
2557 silly packumentCache full:https://registry.npmjs.org/json5 cache-hit
2558 silly fetch manifest gensync@^1.0.0-beta.2
2559 silly packumentCache full:https://registry.npmjs.org/gensync cache-miss
2560 silly fetch manifest @babel/helpers@^7.29.7
2561 silly packumentCache full:https://registry.npmjs.org/@babel%2fhelpers cache-miss
2562 silly fetch manifest convert-source-map@^2.0.0
2563 silly packumentCache full:https://registry.npmjs.org/convert-source-map cache-miss
2564 silly fetch manifest @jridgewell/remapping@^2.3.5
2565 silly packumentCache full:https://registry.npmjs.org/@jridgewell%2fremapping cache-miss
2566 silly fetch manifest @babel/helper-module-transforms@^7.29.7
2567 silly packumentCache full:https://registry.npmjs.org/@babel%2fhelper-module-transforms cache-miss
2568 silly fetch manifest @babel/helper-compilation-targets@^7.29.7
2569 silly packumentCache full:https://registry.npmjs.org/@babel%2fhelper-compilation-targets cache-miss
2570 silly fetch manifest ansi-html@^0.0.9
2571 silly packumentCache full:https://registry.npmjs.org/ansi-html cache-miss
2572 http cache https://registry.npmjs.org/gensync 9ms (cache hit)
2573 silly packumentCache full:https://registry.npmjs.org/gensync set size:15068 disposed:false
2574 silly fetch manifest source-map@^0.7.3
2575 silly packumentCache full:https://registry.npmjs.org/source-map cache-miss
2576 http cache https://registry.npmjs.org/convert-source-map 10ms (cache hit)
2577 silly packumentCache full:https://registry.npmjs.org/convert-source-map set size:66997 disposed:false
2578 silly fetch manifest core-js-pure@^3.23.3
2579 silly packumentCache full:https://registry.npmjs.org/core-js-pure cache-miss
2580 http cache https://registry.npmjs.org/ansi-html 11ms (cache hit)
2581 silly packumentCache full:https://registry.npmjs.org/ansi-html set size:17477 disposed:false
2582 silly fetch manifest loader-utils@^2.0.4
2583 silly packumentCache full:https://registry.npmjs.org/loader-utils cache-miss
2584 http cache https://registry.npmjs.org/@babel%2fhelpers 13ms (cache hit)
2585 silly packumentCache full:https://registry.npmjs.org/@babel%2fhelpers set size:398496 disposed:false
2586 silly fetch manifest schema-utils@^4.2.0
2587 silly packumentCache full:https://registry.npmjs.org/schema-utils cache-miss
2588 http cache https://registry.npmjs.org/@babel%2fhelper-module-transforms 17ms (cache hit)
2589 silly packumentCache full:https://registry.npmjs.org/@babel%2fhelper-module-transforms set size:346454 disposed:false
2590 silly fetch manifest html-entities@^2.1.0
2591 silly packumentCache full:https://registry.npmjs.org/html-entities cache-miss
2592 http cache https://registry.npmjs.org/@babel%2fhelper-compilation-targets 20ms (cache hit)
2593 silly packumentCache full:https://registry.npmjs.org/@babel%2fhelper-compilation-targets set size:229541 disposed:false
2594 silly fetch manifest error-stack-parser@^2.0.6
2595 silly packumentCache full:https://registry.npmjs.org/error-stack-parser cache-miss
2596 http cache https://registry.npmjs.org/@jridgewell%2fremapping 23ms (cache hit)
2597 silly packumentCache full:https://registry.npmjs.org/@jridgewell%2fremapping set size:23809 disposed:false
2598 silly fetch manifest @babel/plugin-transform-react-constant-elements@^7.12.1
2599 silly packumentCache full:https://registry.npmjs.org/@babel%2fplugin-transform-react-constant-elements cache-miss
2600 http cache https://registry.npmjs.org/error-stack-parser 4ms (cache hit)
2601 silly packumentCache full:https://registry.npmjs.org/error-stack-parser set size:89379 disposed:false
2602 silly fetch manifest @babel/preset-env@^7.12.1
2603 silly packumentCache full:https://registry.npmjs.org/@babel%2fpreset-env cache-miss
2604 http cache https://registry.npmjs.org/core-js-pure 19ms (cache hit)
2605 silly packumentCache full:https://registry.npmjs.org/core-js-pure set size:476031 disposed:false
2606 silly fetch manifest @babel/preset-react@^7.12.5
2607 silly packumentCache full:https://registry.npmjs.org/@babel%2fpreset-react cache-miss
2608 http cache https://registry.npmjs.org/source-map 23ms (cache hit)
2609 silly packumentCache full:https://registry.npmjs.org/source-map set size:226267 disposed:false
2610 silly fetch manifest @svgr/core@^5.5.0
2611 silly packumentCache full:https://registry.npmjs.org/@svgr%2fcore cache-miss
2612 http cache https://registry.npmjs.org/loader-utils 24ms (cache hit)
2613 silly packumentCache full:https://registry.npmjs.org/loader-utils set size:168663 disposed:false
2614 silly fetch manifest @svgr/plugin-jsx@^5.5.0
2615 silly packumentCache full:https://registry.npmjs.org/@svgr%2fplugin-jsx cache-miss
2616 http cache https://registry.npmjs.org/html-entities 16ms (cache hit)
2617 silly packumentCache full:https://registry.npmjs.org/html-entities set size:145148 disposed:false
2618 silly fetch manifest @svgr/plugin-svgo@^5.5.0
2619 silly packumentCache full:https://registry.npmjs.org/@svgr%2fplugin-svgo cache-miss
2620 http cache https://registry.npmjs.org/schema-utils 23ms (cache hit)
2621 silly packumentCache full:https://registry.npmjs.org/schema-utils set size:166563 disposed:false
2622 silly fetch manifest loader-utils@^2.0.0
2623 silly packumentCache full:https://registry.npmjs.org/loader-utils cache-hit
2624 silly fetch manifest slash@^3.0.0
2625 silly packumentCache full:https://registry.npmjs.org/slash cache-miss
2626 http cache https://registry.npmjs.org/@babel%2fplugin-transform-react-constant-elements 18ms (cache hit)
2627 silly packumentCache full:https://registry.npmjs.org/@babel%2fplugin-transform-react-constant-elements set size:253221 disposed:false
2628 silly fetch manifest @jest/types@^27.5.1
2629 silly packumentCache full:https://registry.npmjs.org/@jest%2ftypes cache-miss
2630 http cache https://registry.npmjs.org/@babel%2fpreset-react 16ms (cache hit)
2631 silly packumentCache full:https://registry.npmjs.org/@babel%2fpreset-react set size:264697 disposed:false
2632 silly fetch manifest graceful-fs@^4.2.9
2633 silly packumentCache full:https://registry.npmjs.org/graceful-fs cache-miss
2634 http cache https://registry.npmjs.org/@svgr%2fcore 17ms (cache hit)
2635 silly packumentCache full:https://registry.npmjs.org/@svgr%2fcore set size:120179 disposed:false
2636 silly fetch manifest @jest/transform@^27.5.1
2637 silly packumentCache full:https://registry.npmjs.org/@jest%2ftransform cache-miss
2638 http cache https://registry.npmjs.org/@babel%2fpreset-env 26ms (cache hit)
2639 silly packumentCache full:https://registry.npmjs.org/@babel%2fpreset-env set size:1208399 disposed:false
2640 silly fetch manifest babel-preset-jest@^27.5.1
2641 silly packumentCache full:https://registry.npmjs.org/babel-preset-jest cache-miss
2642 http cache https://registry.npmjs.org/@svgr%2fplugin-jsx 25ms (cache hit)
2643 silly packumentCache full:https://registry.npmjs.org/@svgr%2fplugin-jsx set size:106629 disposed:false
2644 silly fetch manifest @types/babel__core@^7.1.14
2645 silly packumentCache full:https://registry.npmjs.org/@types%2fbabel__core cache-miss
2646 http cache https://registry.npmjs.org/@svgr%2fplugin-svgo 26ms (cache hit)
2647 silly packumentCache full:https://registry.npmjs.org/@svgr%2fplugin-svgo set size:64934 disposed:false
2648 silly fetch manifest babel-plugin-istanbul@^6.1.1
2649 silly packumentCache full:https://registry.npmjs.org/babel-plugin-istanbul cache-miss
2650 http cache https://registry.npmjs.org/slash 25ms (cache hit)
2651 silly packumentCache full:https://registry.npmjs.org/slash set size:20337 disposed:false
2652 silly fetch manifest make-dir@^3.1.0
2653 silly packumentCache full:https://registry.npmjs.org/make-dir cache-miss
2654 http cache https://registry.npmjs.org/@jest%2ftypes 23ms (cache hit)
2655 silly packumentCache full:https://registry.npmjs.org/@jest%2ftypes set size:292365 disposed:false
2656 silly fetch manifest schema-utils@^2.6.5
2657 silly packumentCache full:https://registry.npmjs.org/schema-utils cache-hit
2658 silly fetch manifest find-cache-dir@^3.3.1
2659 silly packumentCache full:https://registry.npmjs.org/find-cache-dir cache-miss
2660 http cache https://registry.npmjs.org/graceful-fs 21ms (cache hit)
2661 silly packumentCache full:https://registry.npmjs.org/graceful-fs set size:124285 disposed:false
2662 silly fetch manifest @babel/plugin-proposal-class-properties@^7.16.0
2663 silly packumentCache full:https://registry.npmjs.org/@babel%2fplugin-proposal-class-properties cache-miss
2664 http cache https://registry.npmjs.org/babel-preset-jest 13ms (cache hit)
2665 silly packumentCache full:https://registry.npmjs.org/babel-preset-jest set size:428530 disposed:false
2666 silly fetch manifest @babel/plugin-proposal-decorators@^7.16.4
2667 silly packumentCache full:https://registry.npmjs.org/@babel%2fplugin-proposal-decorators cache-miss
2668 http cache https://registry.npmjs.org/@jest%2ftransform 26ms (cache hit)
2669 silly packumentCache full:https://registry.npmjs.org/@jest%2ftransform set size:468349 disposed:false
2670 silly fetch manifest @babel/plugin-proposal-nullish-coalescing-operator@^7.16.0
2671 silly packumentCache full:https://registry.npmjs.org/@babel%2fplugin-proposal-nullish-coalescing-operator cache-miss
2672 http cache https://registry.npmjs.org/@types%2fbabel__core 19ms (cache hit)
2673 silly packumentCache full:https://registry.npmjs.org/@types%2fbabel__core set size:88676 disposed:false
2674 silly fetch manifest @babel/plugin-proposal-numeric-separator@^7.16.0
2675 silly packumentCache full:https://registry.npmjs.org/@babel%2fplugin-proposal-numeric-separator cache-miss
2676 http cache https://registry.npmjs.org/babel-plugin-istanbul 19ms (cache hit)
2677 silly packumentCache full:https://registry.npmjs.org/babel-plugin-istanbul set size:123182 disposed:false
2678 silly fetch manifest @babel/plugin-proposal-optional-chaining@^7.16.0
2679 silly packumentCache full:https://registry.npmjs.org/@babel%2fplugin-proposal-optional-chaining cache-miss
2680 http cache https://registry.npmjs.org/make-dir 20ms (cache hit)
2681 silly packumentCache full:https://registry.npmjs.org/make-dir set size:34889 disposed:false
2682 silly fetch manifest @babel/plugin-proposal-private-methods@^7.16.0
2683 silly packumentCache full:https://registry.npmjs.org/@babel%2fplugin-proposal-private-methods cache-miss
2684 http cache https://registry.npmjs.org/find-cache-dir 17ms (cache hit)
2685 silly packumentCache full:https://registry.npmjs.org/find-cache-dir set size:35762 disposed:false
2686 silly fetch manifest @babel/plugin-transform-flow-strip-types@^7.16.0
2687 silly packumentCache full:https://registry.npmjs.org/@babel%2fplugin-transform-flow-strip-types cache-miss
2688 http cache https://registry.npmjs.org/@babel%2fplugin-proposal-decorators 13ms (cache hit)
2689 silly packumentCache full:https://registry.npmjs.org/@babel%2fplugin-proposal-decorators set size:387831 disposed:false
2690 silly fetch manifest @babel/plugin-transform-react-display-name@^7.16.0
2691 silly packumentCache full:https://registry.npmjs.org/@babel%2fplugin-transform-react-display-name cache-miss
2692 http cache https://registry.npmjs.org/@babel%2fplugin-proposal-class-properties 22ms (cache hit)
2693 silly packumentCache full:https://registry.npmjs.org/@babel%2fplugin-proposal-class-properties set size:191045 disposed:false
2694 silly fetch manifest @babel/plugin-transform-runtime@^7.16.4
2695 silly packumentCache full:https://registry.npmjs.org/@babel%2fplugin-transform-runtime cache-miss
2696 http cache https://registry.npmjs.org/@babel%2fplugin-proposal-numeric-separator 19ms (cache hit)
2697 silly packumentCache full:https://registry.npmjs.org/@babel%2fplugin-proposal-numeric-separator set size:149998 disposed:false
2698 silly fetch manifest @babel/preset-env@^7.16.4
2699 silly packumentCache full:https://registry.npmjs.org/@babel%2fpreset-env cache-miss
2700 http cache https://registry.npmjs.org/@babel%2fplugin-proposal-nullish-coalescing-operator 22ms (cache hit)
2701 silly packumentCache full:https://registry.npmjs.org/@babel%2fplugin-proposal-nullish-coalescing-operator set size:163532 disposed:false
2702 silly fetch manifest @babel/preset-react@^7.16.0
2703 silly packumentCache full:https://registry.npmjs.org/@babel%2fpreset-react cache-hit
2704 silly fetch manifest @babel/preset-typescript@^7.16.0
2705 silly packumentCache full:https://registry.npmjs.org/@babel%2fpreset-typescript cache-miss
2706 http cache https://registry.npmjs.org/@babel%2fplugin-proposal-optional-chaining 21ms (cache hit)
2707 silly packumentCache full:https://registry.npmjs.org/@babel%2fplugin-proposal-optional-chaining set size:196573 disposed:false
2708 silly fetch manifest @babel/runtime@^7.16.3
2709 silly packumentCache full:https://registry.npmjs.org/@babel%2fruntime cache-miss
2710 http cache https://registry.npmjs.org/@babel%2fplugin-transform-flow-strip-types 22ms (cache hit)
2711 silly packumentCache full:https://registry.npmjs.org/@babel%2fplugin-transform-flow-strip-types set size:254815 disposed:false
2712 silly fetch manifest babel-plugin-macros@^3.1.0
2713 silly packumentCache full:https://registry.npmjs.org/babel-plugin-macros cache-miss
2714 http cache https://registry.npmjs.org/@babel%2fplugin-proposal-private-methods 25ms (cache hit)
2715 silly packumentCache full:https://registry.npmjs.org/@babel%2fplugin-proposal-private-methods set size:98762 disposed:false
2716 silly fetch manifest babel-plugin-transform-react-remove-prop-types@^0.4.24
2717 silly packumentCache full:https://registry.npmjs.org/babel-plugin-transform-react-remove-prop-types cache-miss
2718 http cache https://registry.npmjs.org/@babel%2fplugin-transform-runtime 19ms (cache hit)
2719 silly packumentCache full:https://registry.npmjs.org/@babel%2fplugin-transform-runtime set size:468058 disposed:false
2720 silly fetch manifest hoopy@^0.1.4
2721 silly packumentCache full:https://registry.npmjs.org/hoopy cache-miss
2722 http cache https://registry.npmjs.org/@babel%2fplugin-transform-react-display-name 27ms (cache hit)
2723 silly packumentCache full:https://registry.npmjs.org/@babel%2fplugin-transform-react-display-name set size:218986 disposed:false
2724 silly fetch manifest tryer@^1.0.1
2725 silly packumentCache full:https://registry.npmjs.org/tryer cache-miss
2726 http cache https://registry.npmjs.org/@babel%2fpreset-env 22ms (cache hit)
2727 silly packumentCache full:https://registry.npmjs.org/@babel%2fpreset-env set size:1208399 disposed:false
2728 silly fetch manifest bluebird@^3.7.2
2729 silly packumentCache full:https://registry.npmjs.org/bluebird cache-miss
2730 http cache https://registry.npmjs.org/@babel%2fpreset-typescript 27ms (cache hit)
2731 silly packumentCache full:https://registry.npmjs.org/@babel%2fpreset-typescript set size:271383 disposed:false
2732 silly fetch manifest jsonpath@^1.1.1
2733 silly packumentCache full:https://registry.npmjs.org/jsonpath cache-miss
2734 http cache https://registry.npmjs.org/@babel%2fruntime 31ms (cache hit)
2735 silly packumentCache full:https://registry.npmjs.org/@babel%2fruntime set size:3471810 disposed:false
2736 silly fetch manifest check-types@^11.2.3
2737 silly packumentCache full:https://registry.npmjs.org/check-types cache-miss
2738 http cache https://registry.npmjs.org/babel-plugin-transform-react-remove-prop-types 46ms (cache hit)
2739 silly packumentCache full:https://registry.npmjs.org/babel-plugin-transform-react-remove-prop-types set size:136983 disposed:false
2740 silly fetch manifest semver@^7.5.4
2741 silly packumentCache full:https://registry.npmjs.org/semver cache-hit
2742 silly fetch manifest icss-utils@^5.1.0
2743 silly packumentCache full:https://registry.npmjs.org/icss-utils cache-miss
2744 http cache https://registry.npmjs.org/babel-plugin-macros 49ms (cache hit)
2745 silly packumentCache full:https://registry.npmjs.org/babel-plugin-macros set size:124320 disposed:false
2746 silly fetch manifest postcss-modules-scope@^3.2.0
2747 silly packumentCache full:https://registry.npmjs.org/postcss-modules-scope cache-miss
2748 http cache https://registry.npmjs.org/hoopy 44ms (cache hit)
2749 silly packumentCache full:https://registry.npmjs.org/hoopy set size:12101 disposed:false
2750 silly fetch manifest postcss-modules-values@^4.0.0
2751 silly packumentCache full:https://registry.npmjs.org/postcss-modules-values cache-miss
2752 http cache https://registry.npmjs.org/tryer 43ms (cache hit)
2753 silly packumentCache full:https://registry.npmjs.org/tryer set size:12708 disposed:false
2754 silly fetch manifest postcss-modules-extract-imports@^3.1.0
2755 silly packumentCache full:https://registry.npmjs.org/postcss-modules-extract-imports cache-miss
2756 http cache https://registry.npmjs.org/bluebird 37ms (cache hit)
2757 silly packumentCache full:https://registry.npmjs.org/bluebird set size:491002 disposed:false
2758 silly fetch manifest postcss-modules-local-by-default@^4.0.5
2759 silly packumentCache full:https://registry.npmjs.org/postcss-modules-local-by-default cache-miss
2760 http cache https://registry.npmjs.org/jsonpath 40ms (cache hit)
2761 silly packumentCache full:https://registry.npmjs.org/jsonpath set size:66229 disposed:false
2762 silly fetch manifest cssnano@^5.0.6
2763 silly packumentCache full:https://registry.npmjs.org/cssnano cache-miss
2764 http cache https://registry.npmjs.org/check-types 18ms (cache hit)
2765 silly packumentCache full:https://registry.npmjs.org/check-types set size:241447 disposed:false
2766 silly fetch manifest source-map@^0.6.1
2767 silly packumentCache full:https://registry.npmjs.org/source-map cache-hit
2768 silly fetch manifest jest-worker@^27.0.2
2769 silly packumentCache full:https://registry.npmjs.org/jest-worker cache-miss
2770 http cache https://registry.npmjs.org/postcss-modules-scope 16ms (cache hit)
2771 silly packumentCache full:https://registry.npmjs.org/postcss-modules-scope set size:72581 disposed:false
2772 silly fetch manifest schema-utils@^4.0.0
2773 silly packumentCache full:https://registry.npmjs.org/schema-utils cache-hit
2774 silly fetch manifest serialize-javascript@^6.0.0
2775 silly packumentCache full:https://registry.npmjs.org/serialize-javascript cache-miss
2776 http cache https://registry.npmjs.org/icss-utils 19ms (cache hit)
2777 silly packumentCache full:https://registry.npmjs.org/icss-utils set size:31661 disposed:false
2778 silly fetch manifest espree@^9.6.1
2779 silly packumentCache full:https://registry.npmjs.org/espree cache-hit
2780 silly fetch manifest globals@^13.19.0
2781 silly packumentCache full:https://registry.npmjs.org/globals cache-hit
2782 silly fetch manifest doctrine@^3.0.0
2783 silly packumentCache full:https://registry.npmjs.org/doctrine cache-hit
2784 silly fetch manifest graphemer@^1.4.0
2785 silly packumentCache full:https://registry.npmjs.org/graphemer cache-miss
2786 http cache https://registry.npmjs.org/postcss-modules-extract-imports 18ms (cache hit)
2787 silly packumentCache full:https://registry.npmjs.org/postcss-modules-extract-imports set size:57788 disposed:false
2788 silly fetch manifest @eslint/js@8.57.1
2789 silly packumentCache full:https://registry.npmjs.org/@eslint%2fjs cache-hit
2790 silly fetch manifest strip-ansi@^6.0.1
2791 silly packumentCache full:https://registry.npmjs.org/strip-ansi cache-miss
2792 http cache https://registry.npmjs.org/postcss-modules-values 20ms (cache hit)
2793 silly packumentCache full:https://registry.npmjs.org/postcss-modules-values set size:56722 disposed:false
2794 silly fetch manifest text-table@^0.2.0
2795 silly packumentCache full:https://registry.npmjs.org/text-table cache-miss
2796 http cache https://registry.npmjs.org/postcss-modules-local-by-default 16ms (cache hit)
2797 silly packumentCache full:https://registry.npmjs.org/postcss-modules-local-by-default set size:107445 disposed:false
2798 silly fetch manifest eslint-scope@^7.2.2
2799 silly packumentCache full:https://registry.npmjs.org/eslint-scope cache-hit
2800 silly fetch manifest is-path-inside@^3.0.3
2801 silly packumentCache full:https://registry.npmjs.org/is-path-inside cache-miss
2802 http cache https://registry.npmjs.org/graphemer 8ms (cache hit)
2803 silly packumentCache full:https://registry.npmjs.org/graphemer set size:25853 disposed:false
2804 silly fetch manifest @eslint/eslintrc@^2.1.4
2805 silly packumentCache full:https://registry.npmjs.org/@eslint%2feslintrc cache-hit
2806 silly fetch manifest @nodelib/fs.walk@^1.2.8
2807 silly packumentCache full:https://registry.npmjs.org/@nodelib%2ffs.walk cache-miss
2808 http cache https://registry.npmjs.org/jest-worker 14ms (cache hit)
2809 silly packumentCache full:https://registry.npmjs.org/jest-worker set size:466737 disposed:false
2810 silly fetch manifest file-entry-cache@^6.0.1
2811 silly packumentCache full:https://registry.npmjs.org/file-entry-cache cache-hit
2812 silly fetch manifest @ungap/structured-clone@^1.2.0
2813 silly packumentCache full:https://registry.npmjs.org/@ungap%2fstructured-clone cache-miss
2814 http cache https://registry.npmjs.org/cssnano 22ms (cache hit)
2815 silly packumentCache full:https://registry.npmjs.org/cssnano set size:484928 disposed:false
2816 silly fetch manifest @humanwhocodes/config-array@^0.13.0
2817 silly packumentCache full:https://registry.npmjs.org/@humanwhocodes%2fconfig-array cache-miss
2818 http cache https://registry.npmjs.org/serialize-javascript 23ms (cache hit)
2819 silly packumentCache full:https://registry.npmjs.org/serialize-javascript set size:82085 disposed:false
2820 silly fetch manifest eslint-plugin-jest@^25.3.0
2821 silly packumentCache full:https://registry.npmjs.org/eslint-plugin-jest cache-miss
2822 http cache https://registry.npmjs.org/strip-ansi 22ms (cache hit)
2823 silly packumentCache full:https://registry.npmjs.org/strip-ansi set size:44998 disposed:false
2824 silly fetch manifest @babel/eslint-parser@^7.16.3
2825 silly packumentCache full:https://registry.npmjs.org/@babel%2feslint-parser cache-miss
2826 http cache https://registry.npmjs.org/text-table 23ms (cache hit)
2827 silly packumentCache full:https://registry.npmjs.org/text-table set size:20701 disposed:false
2828 silly fetch manifest eslint-plugin-flowtype@^8.0.3
2829 silly packumentCache full:https://registry.npmjs.org/eslint-plugin-flowtype cache-miss
2830 http cache https://registry.npmjs.org/is-path-inside 22ms (cache hit)
2831 silly packumentCache full:https://registry.npmjs.org/is-path-inside set size:23585 disposed:false
2832 silly fetch manifest @rushstack/eslint-patch@^1.1.0
2833 silly packumentCache full:https://registry.npmjs.org/@rushstack%2feslint-patch cache-miss
2834 http cache https://registry.npmjs.org/@humanwhocodes%2fconfig-array 11ms (cache hit)
2835 silly packumentCache full:https://registry.npmjs.org/@humanwhocodes%2fconfig-array set size:139493 disposed:false
2836 silly fetch manifest @typescript-eslint/parser@^5.5.0
2837 silly packumentCache full:https://registry.npmjs.org/@typescript-eslint%2fparser cache-miss
2838 http cache https://registry.npmjs.org/@ungap%2fstructured-clone 19ms (cache hit)
2839 silly packumentCache full:https://registry.npmjs.org/@ungap%2fstructured-clone set size:61548 disposed:false
2840 silly fetch manifest confusing-browser-globals@^1.0.11
2841 silly packumentCache full:https://registry.npmjs.org/confusing-browser-globals cache-miss
2842 http cache https://registry.npmjs.org/@nodelib%2ffs.walk 26ms (cache hit)
2843 silly packumentCache full:https://registry.npmjs.org/@nodelib%2ffs.walk set size:41589 disposed:false
2844 silly fetch manifest eslint-plugin-react-hooks@^4.3.0
2845 silly packumentCache full:https://registry.npmjs.org/eslint-plugin-react-hooks cache-miss
2846 http cache https://registry.npmjs.org/eslint-plugin-jest 17ms (cache hit)
2847 silly packumentCache full:https://registry.npmjs.org/eslint-plugin-jest set size:1747494 disposed:false
2848 silly fetch manifest eslint-plugin-testing-library@^5.0.1
2849 silly packumentCache full:https://registry.npmjs.org/eslint-plugin-testing-library cache-miss
2850 http cache https://registry.npmjs.org/@babel%2feslint-parser 37ms (cache hit)
2851 silly packumentCache full:https://registry.npmjs.org/@babel%2feslint-parser set size:242434 disposed:false
2852 silly fetch manifest @typescript-eslint/eslint-plugin@^5.5.0
2853 silly packumentCache full:https://registry.npmjs.org/@typescript-eslint%2feslint-plugin cache-miss
2854 http cache https://registry.npmjs.org/eslint-plugin-flowtype 41ms (cache hit)
2855 silly packumentCache full:https://registry.npmjs.org/eslint-plugin-flowtype set size:642417 disposed:false
2856 silly fetch manifest micromatch@^4.0.5
2857 silly packumentCache full:https://registry.npmjs.org/micromatch cache-hit
2858 silly fetch manifest jest-worker@^28.0.2
2859 silly packumentCache full:https://registry.npmjs.org/jest-worker cache-hit
2860 silly fetch manifest @types/eslint@^7.29.0 || ^8.4.1
2861 silly packumentCache full:https://registry.npmjs.org/@types%2feslint cache-miss
2862 http cache https://registry.npmjs.org/@rushstack%2feslint-patch 50ms (cache hit)
2863 silly packumentCache full:https://registry.npmjs.org/@rushstack%2feslint-patch set size:114289 disposed:false
2864 silly fetch manifest schema-utils@^3.0.0
2865 silly packumentCache full:https://registry.npmjs.org/schema-utils cache-hit
2866 silly fetch manifest jsonfile@^6.0.1
2867 silly packumentCache full:https://registry.npmjs.org/jsonfile cache-miss
2868 http cache https://registry.npmjs.org/confusing-browser-globals 51ms (cache hit)
2869 silly packumentCache full:https://registry.npmjs.org/confusing-browser-globals set size:153636 disposed:false
2870 silly fetch manifest graceful-fs@^4.2.0
2871 silly packumentCache full:https://registry.npmjs.org/graceful-fs cache-hit
2872 silly fetch manifest universalify@^2.0.0
2873 silly packumentCache full:https://registry.npmjs.org/universalify cache-miss
2874 http cache https://registry.npmjs.org/eslint-plugin-react-hooks 69ms (cache hit)
2875 silly packumentCache full:https://registry.npmjs.org/eslint-plugin-react-hooks set size:7478405 disposed:false
2876 silly fetch manifest @types/html-minifier-terser@^6.0.0
2877 silly packumentCache full:https://registry.npmjs.org/@types%2fhtml-minifier-terser cache-miss
2878 http cache https://registry.npmjs.org/eslint-plugin-testing-library 142ms (cache hit)
2879 silly packumentCache full:https://registry.npmjs.org/eslint-plugin-testing-library set size:929016 disposed:false
2880 silly fetch manifest html-minifier-terser@^6.0.2
2881 silly packumentCache full:https://registry.npmjs.org/html-minifier-terser cache-miss
2882 http cache https://registry.npmjs.org/@typescript-eslint%2fparser 213ms (cache hit)
2883 silly packumentCache full:https://registry.npmjs.org/@typescript-eslint%2fparser set size:15323179 disposed:false
2884 silly fetch manifest pretty-error@^4.0.0
2885 silly packumentCache full:https://registry.npmjs.org/pretty-error cache-miss
2886 http cache https://registry.npmjs.org/jsonfile 333ms (cache hit)
2887 silly packumentCache full:https://registry.npmjs.org/jsonfile set size:53210 disposed:false
2888 silly fetch manifest tapable@^2.0.0
2889 silly packumentCache full:https://registry.npmjs.org/tapable cache-miss
2890 http cache https://registry.npmjs.org/@types%2feslint 342ms (cache hit)
2891 silly packumentCache full:https://registry.npmjs.org/@types%2feslint set size:220085 disposed:false
2892 silly fetch manifest harmony-reflect@^1.4.6
2893 silly packumentCache full:https://registry.npmjs.org/harmony-reflect cache-miss
2894 http cache https://registry.npmjs.org/@typescript-eslint%2feslint-plugin 385ms (cache hit)
2895 silly packumentCache full:https://registry.npmjs.org/@typescript-eslint%2feslint-plugin set size:18110281 disposed:false
2896 silly fetch manifest jest-cli@^27.5.1
2897 silly packumentCache full:https://registry.npmjs.org/jest-cli cache-miss
2898 http cache https://registry.npmjs.org/universalify 501ms (cache hit)
2899 silly packumentCache full:https://registry.npmjs.org/universalify set size:19431 disposed:false
2900 silly fetch manifest @jest/core@^27.5.1
2901 silly packumentCache full:https://registry.npmjs.org/@jest%2fcore cache-miss
2902 http cache https://registry.npmjs.org/html-minifier-terser 378ms (cache hit)
2903 silly packumentCache full:https://registry.npmjs.org/html-minifier-terser set size:84211 disposed:false
2904 silly fetch manifest import-local@^3.0.2
2905 silly packumentCache full:https://registry.npmjs.org/import-local cache-miss
2906 http cache https://registry.npmjs.org/@types%2fhtml-minifier-terser 394ms (cache hit)
2907 silly packumentCache full:https://registry.npmjs.org/@types%2fhtml-minifier-terser set size:21619 disposed:false
2908 silly fetch manifest jest-util@^27.5.1
2909 silly packumentCache full:https://registry.npmjs.org/jest-util cache-miss
2910 http cache https://registry.npmjs.org/pretty-error 209ms (cache hit)
2911 silly packumentCache full:https://registry.npmjs.org/pretty-error set size:81783 disposed:false
2912 silly fetch manifest jest-validate@^27.5.1
2913 silly packumentCache full:https://registry.npmjs.org/jest-validate cache-miss
2914 http cache https://registry.npmjs.org/harmony-reflect 177ms (cache hit)
2915 silly packumentCache full:https://registry.npmjs.org/harmony-reflect set size:55062 disposed:false
2916 silly fetch manifest jest-haste-map@^27.5.1
2917 silly packumentCache full:https://registry.npmjs.org/jest-haste-map cache-miss
2918 http cache https://registry.npmjs.org/tapable 182ms (cache hit)
2919 silly packumentCache full:https://registry.npmjs.org/tapable set size:141233 disposed:false
2920 silly fetch manifest resolve.exports@^1.1.0
2921 silly packumentCache full:https://registry.npmjs.org/resolve.exports cache-miss
2922 http cache https://registry.npmjs.org/jest-cli 16ms (cache hit)
2923 silly packumentCache full:https://registry.npmjs.org/jest-cli set size:1179782 disposed:false
2924 silly fetch manifest jest-pnp-resolver@^1.2.2
2925 silly packumentCache full:https://registry.npmjs.org/jest-pnp-resolver cache-miss
2926 http cache https://registry.npmjs.org/@jest%2fcore 26ms (cache hit)
2927 silly packumentCache full:https://registry.npmjs.org/@jest%2fcore set size:632975 disposed:false
2928 silly fetch manifest slash@^4.0.0
2929 silly packumentCache full:https://registry.npmjs.org/slash cache-hit
2930 silly fetch manifest strip-ansi@^7.0.1
2931 silly packumentCache full:https://registry.npmjs.org/strip-ansi cache-hit
2932 silly fetch manifest ansi-escapes@^4.3.1
2933 silly packumentCache full:https://registry.npmjs.org/ansi-escapes cache-miss
2934 http cache https://registry.npmjs.org/jest-validate 27ms (cache hit)
2935 silly packumentCache full:https://registry.npmjs.org/jest-validate set size:567910 disposed:false
2936 silly fetch manifest jest-watcher@^28.0.0
2937 silly packumentCache full:https://registry.npmjs.org/jest-watcher cache-miss
2938 http cache https://registry.npmjs.org/import-local 35ms (cache hit)
2939 silly packumentCache full:https://registry.npmjs.org/import-local set size:24258 disposed:false
2940 silly fetch manifest string-length@^5.0.1
2941 silly packumentCache full:https://registry.npmjs.org/string-length cache-miss
2942 http cache https://registry.npmjs.org/jest-util 36ms (cache hit)
2943 silly packumentCache full:https://registry.npmjs.org/jest-util set size:587891 disposed:false
2944 silly fetch manifest jest-regex-util@^28.0.0
2945 silly packumentCache full:https://registry.npmjs.org/jest-regex-util cache-miss
2946 http cache https://registry.npmjs.org/resolve.exports 39ms (cache hit)
2947 silly packumentCache full:https://registry.npmjs.org/resolve.exports set size:49558 disposed:false
2948 silly fetch manifest tapable@^2.2.1
2949 silly packumentCache full:https://registry.npmjs.org/tapable cache-hit
2950 silly fetch manifest klona@^2.0.5
2951 silly packumentCache full:https://registry.npmjs.org/klona cache-miss
2952 http cache https://registry.npmjs.org/jest-haste-map 45ms (cache hit)
2953 silly packumentCache full:https://registry.npmjs.org/jest-haste-map set size:692649 disposed:false
2954 silly fetch manifest sanitize.css@*
2955 silly packumentCache full:https://registry.npmjs.org/sanitize.css cache-miss
2956 http cache https://registry.npmjs.org/jest-pnp-resolver 38ms (cache hit)
2957 silly packumentCache full:https://registry.npmjs.org/jest-pnp-resolver set size:22834 disposed:false
2958 silly fetch manifest @csstools/normalize.css@*
2959 silly packumentCache full:https://registry.npmjs.org/@csstools%2fnormalize.css cache-miss
2960 http cache https://registry.npmjs.org/string-length 26ms (cache hit)
2961 silly packumentCache full:https://registry.npmjs.org/string-length set size:35851 disposed:false
2962 silly fetch manifest postcss-browser-comments@^4
2963 silly packumentCache full:https://registry.npmjs.org/postcss-browser-comments cache-miss
2964 http cache https://registry.npmjs.org/jest-watcher 29ms (cache hit)
2965 silly packumentCache full:https://registry.npmjs.org/jest-watcher set size:393693 disposed:false
2966 silly fetch manifest cssdb@^7.1.0
2967 silly packumentCache full:https://registry.npmjs.org/cssdb cache-miss
2968 http cache https://registry.npmjs.org/ansi-escapes 38ms (cache hit)
2969 silly packumentCache full:https://registry.npmjs.org/ansi-escapes set size:70915 disposed:false
2970 silly fetch manifest postcss-clamp@^4.1.0
2971 silly packumentCache full:https://registry.npmjs.org/postcss-clamp cache-miss
2972 http cache https://registry.npmjs.org/jest-regex-util 25ms (cache hit)
2973 silly packumentCache full:https://registry.npmjs.org/jest-regex-util set size:231095 disposed:false
2974 silly fetch manifest postcss-place@^7.0.5
2975 silly packumentCache full:https://registry.npmjs.org/postcss-place cache-miss
2976 http cache https://registry.npmjs.org/klona 26ms (cache hit)
2977 silly packumentCache full:https://registry.npmjs.org/klona set size:42195 disposed:false
2978 silly fetch manifest css-has-pseudo@^3.0.4
2979 silly packumentCache full:https://registry.npmjs.org/css-has-pseudo cache-miss
2980 http cache https://registry.npmjs.org/sanitize.css 19ms (cache hit)
2981 silly packumentCache full:https://registry.npmjs.org/sanitize.css set size:132320 disposed:false
2982 silly fetch manifest postcss-initial@^4.0.1
2983 silly packumentCache full:https://registry.npmjs.org/postcss-initial cache-miss
2984 http cache https://registry.npmjs.org/@csstools%2fnormalize.css 19ms (cache hit)
2985 silly packumentCache full:https://registry.npmjs.org/@csstools%2fnormalize.css set size:32143 disposed:false
2986 silly fetch manifest postcss-logical@^5.0.4
2987 silly packumentCache full:https://registry.npmjs.org/postcss-logical cache-miss
2988 http cache https://registry.npmjs.org/postcss-clamp 13ms (cache hit)
2989 silly packumentCache full:https://registry.npmjs.org/postcss-clamp set size:22705 disposed:false
2990 silly fetch manifest postcss-nesting@^10.2.0
2991 silly packumentCache full:https://registry.npmjs.org/postcss-nesting cache-miss
2992 http cache https://registry.npmjs.org/cssdb 15ms (cache hit)
2993 silly packumentCache full:https://registry.npmjs.org/cssdb set size:287404 disposed:false
2994 silly fetch manifest css-blank-pseudo@^3.0.3
2995 silly packumentCache full:https://registry.npmjs.org/css-blank-pseudo cache-miss
2996 http cache https://registry.npmjs.org/postcss-browser-comments 22ms (cache hit)
2997 silly packumentCache full:https://registry.npmjs.org/postcss-browser-comments set size:28326 disposed:false
2998 silly fetch manifest postcss-page-break@^3.0.4
2999 silly packumentCache full:https://registry.npmjs.org/postcss-page-break cache-miss
3000 http cache https://registry.npmjs.org/postcss-place 15ms (cache hit)
3001 silly packumentCache full:https://registry.npmjs.org/postcss-place set size:65066 disposed:false
3002 silly fetch manifest postcss-custom-media@^8.0.2
3003 silly packumentCache full:https://registry.npmjs.org/postcss-custom-media cache-miss
3004 http cache https://registry.npmjs.org/css-has-pseudo 13ms (cache hit)
3005 silly packumentCache full:https://registry.npmjs.org/css-has-pseudo set size:129001 disposed:false
3006 silly fetch manifest postcss-env-function@^4.0.6
3007 silly packumentCache full:https://registry.npmjs.org/postcss-env-function cache-miss
3008 http cache https://registry.npmjs.org/postcss-logical 13ms (cache hit)
3009 silly packumentCache full:https://registry.npmjs.org/postcss-logical set size:75922 disposed:false
3010 silly fetch manifest postcss-focus-within@^5.0.4
3011 silly packumentCache full:https://registry.npmjs.org/postcss-focus-within cache-miss
3012 http cache https://registry.npmjs.org/postcss-initial 15ms (cache hit)
3013 silly packumentCache full:https://registry.npmjs.org/postcss-initial set size:41882 disposed:false
3014 silly fetch manifest postcss-font-variant@^5.0.0
3015 silly packumentCache full:https://registry.npmjs.org/postcss-font-variant cache-miss
3016 http cache https://registry.npmjs.org/postcss-custom-media 9ms (cache hit)
3017 silly packumentCache full:https://registry.npmjs.org/postcss-custom-media set size:148984 disposed:false
3018 silly fetch manifest postcss-lab-function@^4.2.1
3019 silly packumentCache full:https://registry.npmjs.org/postcss-lab-function cache-miss
3020 http cache https://registry.npmjs.org/postcss-page-break 12ms (cache hit)
3021 silly packumentCache full:https://registry.npmjs.org/postcss-page-break set size:22100 disposed:false
3022 silly fetch manifest postcss-media-minmax@^5.0.0
3023 silly packumentCache full:https://registry.npmjs.org/postcss-media-minmax cache-miss
3024 http cache https://registry.npmjs.org/css-blank-pseudo 13ms (cache hit)
3025 silly packumentCache full:https://registry.npmjs.org/css-blank-pseudo set size:93102 disposed:false
3026 silly fetch manifest postcss-selector-not@^6.0.1
3027 silly packumentCache full:https://registry.npmjs.org/postcss-selector-not cache-miss
3028 http cache https://registry.npmjs.org/postcss-nesting 19ms (cache hit)
3029 silly packumentCache full:https://registry.npmjs.org/postcss-nesting set size:192460 disposed:false
3030 silly fetch manifest postcss-focus-visible@^6.0.4
3031 silly packumentCache full:https://registry.npmjs.org/postcss-focus-visible cache-miss
3032 http cache https://registry.npmjs.org/postcss-env-function 13ms (cache hit)
3033 silly packumentCache full:https://registry.npmjs.org/postcss-env-function set size:59070 disposed:false
3034 silly fetch manifest postcss-gap-properties@^3.0.5
3035 silly packumentCache full:https://registry.npmjs.org/postcss-gap-properties cache-miss
3036 http cache https://registry.npmjs.org/postcss-font-variant 12ms (cache hit)
3037 silly packumentCache full:https://registry.npmjs.org/postcss-font-variant set size:24538 disposed:false
3038 silly fetch manifest postcss-color-hex-alpha@^8.0.4
3039 silly packumentCache full:https://registry.npmjs.org/postcss-color-hex-alpha cache-miss
3040 http cache https://registry.npmjs.org/postcss-focus-within 14ms (cache hit)
3041 silly packumentCache full:https://registry.npmjs.org/postcss-focus-within set size:73158 disposed:false
3042 silly fetch manifest css-prefers-color-scheme@^6.0.3
3043 silly packumentCache full:https://registry.npmjs.org/css-prefers-color-scheme cache-miss
3044 http cache https://registry.npmjs.org/postcss-media-minmax 11ms (cache hit)
3045 silly packumentCache full:https://registry.npmjs.org/postcss-media-minmax set size:26786 disposed:false
3046 silly fetch manifest postcss-custom-selectors@^6.0.3
3047 silly packumentCache full:https://registry.npmjs.org/postcss-custom-selectors cache-miss
3048 http cache https://registry.npmjs.org/postcss-lab-function 13ms (cache hit)
3049 silly packumentCache full:https://registry.npmjs.org/postcss-lab-function set size:196007 disposed:false
3050 silly fetch manifest postcss-dir-pseudo-class@^6.0.5
3051 silly packumentCache full:https://registry.npmjs.org/postcss-dir-pseudo-class cache-miss
3052 http cache https://registry.npmjs.org/postcss-selector-not 13ms (cache hit)
3053 silly packumentCache full:https://registry.npmjs.org/postcss-selector-not set size:54015 disposed:false
3054 silly fetch manifest @csstools/postcss-ic-unit@^1.0.1
3055 silly packumentCache full:https://registry.npmjs.org/@csstools%2fpostcss-ic-unit cache-miss
3056 http cache https://registry.npmjs.org/postcss-focus-visible 12ms (cache hit)
3057 silly packumentCache full:https://registry.npmjs.org/postcss-focus-visible set size:67015 disposed:false
3058 silly fetch manifest postcss-custom-properties@^12.1.10
3059 silly packumentCache full:https://registry.npmjs.org/postcss-custom-properties cache-miss
3060 http cache https://registry.npmjs.org/postcss-gap-properties 11ms (cache hit)
3061 silly packumentCache full:https://registry.npmjs.org/postcss-gap-properties set size:47202 disposed:false
3062 silly fetch manifest postcss-image-set-function@^4.0.7
3063 silly packumentCache full:https://registry.npmjs.org/postcss-image-set-function cache-miss
3064 http cache https://registry.npmjs.org/postcss-color-hex-alpha 12ms (cache hit)
3065 silly packumentCache full:https://registry.npmjs.org/postcss-color-hex-alpha set size:77476 disposed:false
3066 silly fetch manifest postcss-opacity-percentage@^1.1.2
3067 silly packumentCache full:https://registry.npmjs.org/postcss-opacity-percentage cache-miss
3068 http cache https://registry.npmjs.org/css-prefers-color-scheme 12ms (cache hit)
3069 silly packumentCache full:https://registry.npmjs.org/css-prefers-color-scheme set size:83953 disposed:false
3070 silly fetch manifest postcss-overflow-shorthand@^3.0.4
3071 silly packumentCache full:https://registry.npmjs.org/postcss-overflow-shorthand cache-miss
3072 http cache https://registry.npmjs.org/@csstools%2fpostcss-ic-unit 9ms (cache hit)
3073 silly packumentCache full:https://registry.npmjs.org/@csstools%2fpostcss-ic-unit set size:62815 disposed:false
3074 silly fetch manifest postcss-color-rebeccapurple@^7.1.1
3075 silly packumentCache full:https://registry.npmjs.org/postcss-color-rebeccapurple cache-miss
3076 http cache https://registry.npmjs.org/postcss-dir-pseudo-class 12ms (cache hit)
3077 silly packumentCache full:https://registry.npmjs.org/postcss-dir-pseudo-class set size:67672 disposed:false
3078 silly fetch manifest @csstools/postcss-nested-calc@^1.0.0
3079 silly packumentCache full:https://registry.npmjs.org/@csstools%2fpostcss-nested-calc cache-miss
3080 http cache https://registry.npmjs.org/postcss-custom-selectors 16ms (cache hit)
3081 silly packumentCache full:https://registry.npmjs.org/postcss-custom-selectors set size:124740 disposed:false
3082 silly fetch manifest @csstools/postcss-unset-value@^1.0.2
3083 silly packumentCache full:https://registry.npmjs.org/@csstools%2fpostcss-unset-value cache-miss
3084 http cache https://registry.npmjs.org/postcss-custom-properties 15ms (cache hit)
3085 silly packumentCache full:https://registry.npmjs.org/postcss-custom-properties set size:279721 disposed:false
3086 silly fetch manifest postcss-pseudo-class-any-link@^7.1.6
3087 silly packumentCache full:https://registry.npmjs.org/postcss-pseudo-class-any-link cache-miss
3088 http cache https://registry.npmjs.org/postcss-image-set-function 17ms (cache hit)
3089 silly packumentCache full:https://registry.npmjs.org/postcss-image-set-function set size:72010 disposed:false
3090 silly fetch manifest postcss-replace-overflow-wrap@^4.0.0
3091 silly packumentCache full:https://registry.npmjs.org/postcss-replace-overflow-wrap cache-miss
3092 http cache https://registry.npmjs.org/postcss-overflow-shorthand 16ms (cache hit)
3093 silly packumentCache full:https://registry.npmjs.org/postcss-overflow-shorthand set size:46723 disposed:false
3094 silly fetch manifest @csstools/postcss-hwb-function@^1.0.2
3095 silly packumentCache full:https://registry.npmjs.org/@csstools%2fpostcss-hwb-function cache-miss
3096 http cache https://registry.npmjs.org/postcss-color-rebeccapurple 16ms (cache hit)
3097 silly packumentCache full:https://registry.npmjs.org/postcss-color-rebeccapurple set size:76868 disposed:false
3098 silly fetch manifest @csstools/postcss-cascade-layers@^1.1.1
3099 silly packumentCache full:https://registry.npmjs.org/@csstools%2fpostcss-cascade-layers cache-miss
3100 http cache https://registry.npmjs.org/postcss-opacity-percentage 22ms (cache hit)
3101 silly packumentCache full:https://registry.npmjs.org/postcss-opacity-percentage set size:28101 disposed:false
3102 silly fetch manifest @csstools/postcss-color-function@^1.1.1
3103 silly packumentCache full:https://registry.npmjs.org/@csstools%2fpostcss-color-function cache-miss
3104 http cache https://registry.npmjs.org/@csstools%2fpostcss-nested-calc 17ms (cache hit)
3105 silly packumentCache full:https://registry.npmjs.org/@csstools%2fpostcss-nested-calc set size:30720 disposed:false
3106 silly fetch manifest @csstools/postcss-oklab-function@^1.1.1
3107 silly packumentCache full:https://registry.npmjs.org/@csstools%2fpostcss-oklab-function cache-miss
3108 http cache https://registry.npmjs.org/@csstools%2fpostcss-unset-value 17ms (cache hit)
3109 silly packumentCache full:https://registry.npmjs.org/@csstools%2fpostcss-unset-value set size:32157 disposed:false
3110 silly fetch manifest @csstools/postcss-is-pseudo-class@^2.0.7
3111 silly packumentCache full:https://registry.npmjs.org/@csstools%2fpostcss-is-pseudo-class cache-miss
3112 http cache https://registry.npmjs.org/postcss-pseudo-class-any-link 15ms (cache hit)
3113 silly packumentCache full:https://registry.npmjs.org/postcss-pseudo-class-any-link set size:87436 disposed:false
3114 silly fetch manifest postcss-color-functional-notation@^4.2.4
3115 silly packumentCache full:https://registry.npmjs.org/postcss-color-functional-notation cache-miss
3116 http cache https://registry.npmjs.org/postcss-replace-overflow-wrap 13ms (cache hit)
3117 silly packumentCache full:https://registry.npmjs.org/postcss-replace-overflow-wrap set size:12387 disposed:false
3118 silly fetch manifest postcss-double-position-gradients@^3.1.2
3119 silly packumentCache full:https://registry.npmjs.org/postcss-double-position-gradients cache-miss
3120 http cache https://registry.npmjs.org/@csstools%2fpostcss-hwb-function 14ms (cache hit)
3121 silly packumentCache full:https://registry.npmjs.org/@csstools%2fpostcss-hwb-function set size:135184 disposed:false
3122 silly fetch manifest postcss-attribute-case-insensitive@^5.0.2
3123 silly packumentCache full:https://registry.npmjs.org/postcss-attribute-case-insensitive cache-miss
3124 http cache https://registry.npmjs.org/@csstools%2fpostcss-oklab-function 11ms (cache hit)
3125 silly packumentCache full:https://registry.npmjs.org/@csstools%2fpostcss-oklab-function set size:146860 disposed:false
3126 silly fetch manifest @csstools/postcss-font-format-keywords@^1.0.1
3127 silly packumentCache full:https://registry.npmjs.org/@csstools%2fpostcss-font-format-keywords cache-miss
3128 http cache https://registry.npmjs.org/@csstools%2fpostcss-cascade-layers 16ms (cache hit)
3129 silly packumentCache full:https://registry.npmjs.org/@csstools%2fpostcss-cascade-layers set size:86869 disposed:false
3130 silly fetch manifest @csstools/postcss-stepped-value-functions@^1.0.1
3131 silly packumentCache full:https://registry.npmjs.org/@csstools%2fpostcss-stepped-value-functions cache-miss
3132 http cache https://registry.npmjs.org/@csstools%2fpostcss-color-function 20ms (cache hit)
3133 silly packumentCache full:https://registry.npmjs.org/@csstools%2fpostcss-color-function set size:154012 disposed:false
3134 silly fetch manifest @csstools/postcss-trigonometric-functions@^1.0.2
3135 silly packumentCache full:https://registry.npmjs.org/@csstools%2fpostcss-trigonometric-functions cache-miss
3136 http cache https://registry.npmjs.org/@csstools%2fpostcss-is-pseudo-class 20ms (cache hit)
3137 silly packumentCache full:https://registry.npmjs.org/@csstools%2fpostcss-is-pseudo-class set size:102055 disposed:false
3138 silly fetch manifest @csstools/postcss-normalize-display-values@^1.0.1
3139 silly packumentCache full:https://registry.npmjs.org/@csstools%2fpostcss-normalize-display-values cache-miss
3140 http cache https://registry.npmjs.org/postcss-color-functional-notation 20ms (cache hit)
3141 silly packumentCache full:https://registry.npmjs.org/postcss-color-functional-notation set size:164546 disposed:false
3142 silly fetch manifest @csstools/postcss-text-decoration-shorthand@^1.0.0
3143 silly packumentCache full:https://registry.npmjs.org/@csstools%2fpostcss-text-decoration-shorthand cache-miss
3144 http cache https://registry.npmjs.org/@csstools%2fpostcss-stepped-value-functions 13ms (cache hit)
3145 silly packumentCache full:https://registry.npmjs.org/@csstools%2fpostcss-stepped-value-functions set size:91268 disposed:false
3146 silly fetch manifest @csstools/postcss-progressive-custom-properties@^1.3.0
3147 silly packumentCache full:https://registry.npmjs.org/@csstools%2fpostcss-progressive-custom-properties cache-miss
3148 http cache https://registry.npmjs.org/postcss-double-position-gradients 22ms (cache hit)
3149 silly packumentCache full:https://registry.npmjs.org/postcss-double-position-gradients set size:97849 disposed:false
3150 silly fetch manifest kleur@^3.0.3
3151 silly packumentCache full:https://registry.npmjs.org/kleur cache-miss
3152 http cache https://registry.npmjs.org/postcss-attribute-case-insensitive 21ms (cache hit)
3153 silly packumentCache full:https://registry.npmjs.org/postcss-attribute-case-insensitive set size:60603 disposed:false
3154 silly fetch manifest sisteransi@^1.0.5
3155 silly packumentCache full:https://registry.npmjs.org/sisteransi cache-miss
3156 http cache https://registry.npmjs.org/@csstools%2fpostcss-font-format-keywords 20ms (cache hit)
3157 silly packumentCache full:https://registry.npmjs.org/@csstools%2fpostcss-font-format-keywords set size:35694 disposed:false
3158 silly fetch manifest raf@^3.4.1
3159 silly packumentCache full:https://registry.npmjs.org/raf cache-miss
3160 http cache https://registry.npmjs.org/@csstools%2fpostcss-trigonometric-functions 13ms (cache hit)
3161 silly packumentCache full:https://registry.npmjs.org/@csstools%2fpostcss-trigonometric-functions set size:99590 disposed:false
3162 silly fetch manifest core-js@^3.19.2
3163 silly packumentCache full:https://registry.npmjs.org/core-js cache-miss
3164 http cache https://registry.npmjs.org/@csstools%2fpostcss-normalize-display-values 13ms (cache hit)
3165 silly packumentCache full:https://registry.npmjs.org/@csstools%2fpostcss-normalize-display-values set size:37866 disposed:false
3166 silly fetch manifest promise@^8.1.0
3167 silly packumentCache full:https://registry.npmjs.org/promise cache-miss
3168 http cache https://registry.npmjs.org/@csstools%2fpostcss-text-decoration-shorthand 12ms (cache hit)
3169 silly packumentCache full:https://registry.npmjs.org/@csstools%2fpostcss-text-decoration-shorthand set size:81502 disposed:false
3170 silly fetch manifest whatwg-fetch@^3.6.2
3171 silly packumentCache full:https://registry.npmjs.org/whatwg-fetch cache-miss
3172 http cache https://registry.npmjs.org/kleur 9ms (cache hit)
3173 silly packumentCache full:https://registry.npmjs.org/kleur set size:61853 disposed:false
3174 silly fetch manifest regenerator-runtime@^0.13.9
3175 silly packumentCache full:https://registry.npmjs.org/regenerator-runtime cache-miss
3176 http cache https://registry.npmjs.org/@csstools%2fpostcss-progressive-custom-properties 13ms (cache hit)
3177 silly packumentCache full:https://registry.npmjs.org/@csstools%2fpostcss-progressive-custom-properties set size:77842 disposed:false
3178 silly fetch manifest open@^8.4.0
3179 silly packumentCache full:https://registry.npmjs.org/open cache-miss
3180 http cache https://registry.npmjs.org/sisteransi 11ms (cache hit)
3181 silly packumentCache full:https://registry.npmjs.org/sisteransi set size:25723 disposed:false
3182 silly fetch manifest immer@^9.0.7
3183 silly packumentCache full:https://registry.npmjs.org/immer cache-hit
3184 silly fetch manifest globby@^11.0.4
3185 silly packumentCache full:https://registry.npmjs.org/globby cache-miss
3186 http cache https://registry.npmjs.org/raf 10ms (cache hit)
3187 silly packumentCache full:https://registry.npmjs.org/raf set size:44936 disposed:false
3188 silly fetch manifest pkg-up@^3.1.0
3189 silly packumentCache full:https://registry.npmjs.org/pkg-up cache-miss
3190 http cache https://registry.npmjs.org/core-js 12ms (cache hit)
3191 silly packumentCache full:https://registry.npmjs.org/core-js set size:814557 disposed:false
3192 silly fetch manifest address@^1.1.2
3193 silly packumentCache full:https://registry.npmjs.org/address cache-miss
3194 http cache https://registry.npmjs.org/promise 16ms (cache hit)
3195 silly packumentCache full:https://registry.npmjs.org/promise set size:112704 disposed:false
3196 silly fetch manifest is-root@^2.1.0
3197 silly packumentCache full:https://registry.npmjs.org/is-root cache-miss
3198 http cache https://registry.npmjs.org/whatwg-fetch 16ms (cache hit)
3199 silly packumentCache full:https://registry.npmjs.org/whatwg-fetch set size:120970 disposed:false
3200 silly fetch manifest filesize@^8.0.6
3201 silly packumentCache full:https://registry.npmjs.org/filesize cache-miss
3202 http cache https://registry.npmjs.org/regenerator-runtime 17ms (cache hit)
3203 silly packumentCache full:https://registry.npmjs.org/regenerator-runtime set size:59671 disposed:false
3204 silly fetch manifest gzip-size@^6.0.0
3205 silly packumentCache full:https://registry.npmjs.org/gzip-size cache-miss
3206 http cache https://registry.npmjs.org/globby 16ms (cache hit)
3207 silly packumentCache full:https://registry.npmjs.org/globby set size:160568 disposed:false
3208 silly fetch manifest shell-quote@^1.7.3
3209 silly packumentCache full:https://registry.npmjs.org/shell-quote cache-miss
3210 http cache https://registry.npmjs.org/open 19ms (cache hit)
3211 silly packumentCache full:https://registry.npmjs.org/open set size:136392 disposed:false
3212 silly fetch manifest loader-utils@^3.2.0
3213 silly packumentCache full:https://registry.npmjs.org/loader-utils cache-hit
3214 silly fetch manifest global-modules@^2.0.0
3215 silly packumentCache full:https://registry.npmjs.org/global-modules cache-miss
3216 http cache https://registry.npmjs.org/pkg-up 19ms (cache hit)
3217 silly packumentCache full:https://registry.npmjs.org/pkg-up set size:17633 disposed:false
3218 silly fetch manifest detect-port-alt@^1.1.6
3219 silly packumentCache full:https://registry.npmjs.org/detect-port-alt cache-miss
3220 http cache https://registry.npmjs.org/address 13ms (cache hit)
3221 silly packumentCache full:https://registry.npmjs.org/address set size:47026 disposed:false
3222 silly fetch manifest recursive-readdir@^2.2.2
3223 silly packumentCache full:https://registry.npmjs.org/recursive-readdir cache-miss
3224 http cache https://registry.npmjs.org/is-root 12ms (cache hit)
3225 silly packumentCache full:https://registry.npmjs.org/is-root set size:10678 disposed:false
3226 silly fetch manifest react-error-overlay@^6.0.11
3227 silly packumentCache full:https://registry.npmjs.org/react-error-overlay cache-miss
3228 http cache https://registry.npmjs.org/filesize 13ms (cache hit)
3229 silly packumentCache full:https://registry.npmjs.org/filesize set size:330100 disposed:false
3230 silly fetch manifest fork-ts-checker-webpack-plugin@^6.5.0
3231 silly packumentCache full:https://registry.npmjs.org/fork-ts-checker-webpack-plugin cache-miss
3232 http cache https://registry.npmjs.org/shell-quote 12ms (cache hit)
3233 silly packumentCache full:https://registry.npmjs.org/shell-quote set size:67911 disposed:false
3234 silly fetch manifest adjust-sourcemap-loader@^4.0.0
3235 silly packumentCache full:https://registry.npmjs.org/adjust-sourcemap-loader cache-miss
3236 http cache https://registry.npmjs.org/gzip-size 17ms (cache hit)
3237 silly packumentCache full:https://registry.npmjs.org/gzip-size set size:35291 disposed:false
3238 silly fetch manifest convert-source-map@^1.7.0
3239 silly packumentCache full:https://registry.npmjs.org/convert-source-map cache-hit
3240 silly fetch manifest postcss@^7.0.35
3241 silly packumentCache full:https://registry.npmjs.org/postcss cache-hit
3242 silly fetch manifest source-map@0.6.1
3243 silly packumentCache full:https://registry.npmjs.org/source-map cache-hit
3244 silly fetch manifest klona@^2.0.4
3245 silly packumentCache full:https://registry.npmjs.org/klona cache-hit
3246 silly fetch manifest neo-async@^2.6.2
3247 silly packumentCache full:https://registry.npmjs.org/neo-async cache-miss
3248 http cache https://registry.npmjs.org/detect-port-alt 15ms (cache hit)
3249 silly packumentCache full:https://registry.npmjs.org/detect-port-alt set size:9836 disposed:false
3250 silly fetch manifest abab@^2.0.5
3251 silly packumentCache full:https://registry.npmjs.org/abab cache-miss
3252 http cache https://registry.npmjs.org/global-modules 18ms (cache hit)
3253 silly packumentCache full:https://registry.npmjs.org/global-modules set size:18732 disposed:false
3254 silly fetch manifest iconv-lite@^0.6.3
3255 silly packumentCache full:https://registry.npmjs.org/iconv-lite cache-miss
3256 http cache https://registry.npmjs.org/recursive-readdir 18ms (cache hit)
3257 silly packumentCache full:https://registry.npmjs.org/recursive-readdir set size:27476 disposed:false
3258 silly fetch manifest jest-worker@^27.4.5
3259 silly packumentCache full:https://registry.npmjs.org/jest-worker cache-hit
3260 silly fetch manifest schema-utils@^4.3.0
3261 silly packumentCache full:https://registry.npmjs.org/schema-utils cache-hit
3262 silly fetch manifest terser@^5.31.1
3263 silly packumentCache full:https://registry.npmjs.org/terser cache-miss
3264 http cache https://registry.npmjs.org/react-error-overlay 20ms (cache hit)
3265 silly packumentCache full:https://registry.npmjs.org/react-error-overlay set size:296502 disposed:false
3266 silly fetch manifest @webassemblyjs/ast@^1.14.1
3267 silly packumentCache full:https://registry.npmjs.org/@webassemblyjs%2fast cache-miss
3268 http cache https://registry.npmjs.org/fork-ts-checker-webpack-plugin 21ms (cache hit)
3269 silly packumentCache full:https://registry.npmjs.org/fork-ts-checker-webpack-plugin set size:1092702 disposed:false
3270 silly fetch manifest @webassemblyjs/wasm-edit@^1.14.1
3271 silly packumentCache full:https://registry.npmjs.org/@webassemblyjs%2fwasm-edit cache-miss
3272 http cache https://registry.npmjs.org/adjust-sourcemap-loader 33ms (cache hit)
3273 silly packumentCache full:https://registry.npmjs.org/adjust-sourcemap-loader set size:35662 disposed:false
3274 silly fetch manifest @webassemblyjs/wasm-parser@^1.14.1
3275 silly packumentCache full:https://registry.npmjs.org/@webassemblyjs%2fwasm-parser cache-miss
3276 http cache https://registry.npmjs.org/abab 30ms (cache hit)
3277 silly packumentCache full:https://registry.npmjs.org/abab set size:30406 disposed:false
3278 silly fetch manifest acorn-import-phases@^1.0.3
3279 silly packumentCache full:https://registry.npmjs.org/acorn-import-phases cache-miss
3280 http cache https://registry.npmjs.org/neo-async 34ms (cache hit)
3281 silly packumentCache full:https://registry.npmjs.org/neo-async set size:155670 disposed:false
3282 silly fetch manifest chrome-trace-event@^1.0.2
3283 silly packumentCache full:https://registry.npmjs.org/chrome-trace-event cache-miss
3284 http cache https://registry.npmjs.org/iconv-lite 32ms (cache hit)
3285 silly packumentCache full:https://registry.npmjs.org/iconv-lite set size:120557 disposed:false
3286 silly fetch manifest enhanced-resolve@^5.22.2
3287 silly packumentCache full:https://registry.npmjs.org/enhanced-resolve cache-miss
3288 http cache https://registry.npmjs.org/@webassemblyjs%2fast 28ms (cache hit)
3289 silly packumentCache full:https://registry.npmjs.org/@webassemblyjs%2fast set size:198816 disposed:false
3290 silly fetch manifest es-module-lexer@^2.1.0
3291 silly packumentCache full:https://registry.npmjs.org/es-module-lexer cache-miss
3292 http cache https://registry.npmjs.org/terser 36ms (cache hit)
3293 silly packumentCache full:https://registry.npmjs.org/terser set size:803566 disposed:false
3294 silly fetch manifest eslint-scope@5.1.1
3295 silly packumentCache full:https://registry.npmjs.org/eslint-scope cache-hit
3296 silly fetch manifest events@^3.2.0
3297 silly packumentCache full:https://registry.npmjs.org/events cache-miss
3298 http cache https://registry.npmjs.org/@webassemblyjs%2fwasm-edit 27ms (cache hit)
3299 silly packumentCache full:https://registry.npmjs.org/@webassemblyjs%2fwasm-edit set size:202718 disposed:false
3300 silly fetch manifest graceful-fs@^4.2.11
3301 silly packumentCache full:https://registry.npmjs.org/graceful-fs cache-hit
3302 silly fetch manifest loader-runner@^4.3.2
3303 silly packumentCache full:https://registry.npmjs.org/loader-runner cache-miss
3304 http cache https://registry.npmjs.org/acorn-import-phases 22ms (cache hit)
3305 silly packumentCache full:https://registry.npmjs.org/acorn-import-phases set size:11206 disposed:false
3306 silly fetch manifest mime-db@^1.54.0
3307 silly packumentCache full:https://registry.npmjs.org/mime-db cache-hit
3308 silly fetch manifest minimizer-webpack-plugin@^5.6.1
3309 silly packumentCache full:https://registry.npmjs.org/minimizer-webpack-plugin cache-miss
3310 http cache https://registry.npmjs.org/@webassemblyjs%2fwasm-parser 25ms (cache hit)
3311 silly packumentCache full:https://registry.npmjs.org/@webassemblyjs%2fwasm-parser set size:214115 disposed:false
3312 silly fetch manifest schema-utils@^4.3.3
3313 silly packumentCache full:https://registry.npmjs.org/schema-utils cache-hit
3314 silly fetch manifest tapable@^2.3.0
3315 silly packumentCache full:https://registry.npmjs.org/tapable cache-hit
3316 silly fetch manifest watchpack@^2.5.2
3317 silly packumentCache full:https://registry.npmjs.org/watchpack cache-miss
3318 http cache https://registry.npmjs.org/chrome-trace-event 23ms (cache hit)
3319 silly packumentCache full:https://registry.npmjs.org/chrome-trace-event set size:20859 disposed:false
3320 silly fetch manifest webpack-sources@^3.5.0
3321 silly packumentCache full:https://registry.npmjs.org/webpack-sources cache-miss
3322 http cache https://registry.npmjs.org/events 12ms (cache hit)
3323 silly packumentCache full:https://registry.npmjs.org/events set size:35240 disposed:false
3324 silly fetch manifest ws@^8.13.0
3325 silly packumentCache full:https://registry.npmjs.org/ws cache-miss
3326 http cache https://registry.npmjs.org/enhanced-resolve 24ms (cache hit)
3327 silly packumentCache full:https://registry.npmjs.org/enhanced-resolve set size:464047 disposed:false
3328 silly fetch manifest open@^8.0.9
3329 silly packumentCache full:https://registry.npmjs.org/open cache-hit
3330 silly fetch manifest spdy@^4.0.2
3331 silly packumentCache full:https://registry.npmjs.org/spdy cache-miss
3332 http cache https://registry.npmjs.org/es-module-lexer 26ms (cache hit)
3333 silly packumentCache full:https://registry.npmjs.org/es-module-lexer set size:205389 disposed:false
3334 silly fetch manifest rimraf@^3.0.2
3335 silly packumentCache full:https://registry.npmjs.org/rimraf cache-miss
3336 http cache https://registry.npmjs.org/loader-runner 18ms (cache hit)
3337 silly packumentCache full:https://registry.npmjs.org/loader-runner set size:41628 disposed:false
3338 silly fetch manifest sockjs@^0.3.24
3339 silly packumentCache full:https://registry.npmjs.org/sockjs cache-miss
3340 http cache https://registry.npmjs.org/watchpack 15ms (cache hit)
3341 silly packumentCache full:https://registry.npmjs.org/watchpack set size:148533 disposed:false
3342 silly fetch manifest express@^4.17.3
3343 silly packumentCache full:https://registry.npmjs.org/express cache-miss
3344 http cache https://registry.npmjs.org/minimizer-webpack-plugin 19ms (cache hit)
3345 silly packumentCache full:https://registry.npmjs.org/minimizer-webpack-plugin set size:55767 disposed:false
3346 silly fetch manifest p-retry@^4.5.0
3347 silly packumentCache full:https://registry.npmjs.org/p-retry cache-miss
3348 http cache https://registry.npmjs.org/webpack-sources 17ms (cache hit)
3349 silly packumentCache full:https://registry.npmjs.org/webpack-sources set size:180478 disposed:false
3350 silly fetch manifest chokidar@^3.5.3
3351 silly packumentCache full:https://registry.npmjs.org/chokidar cache-hit
3352 silly fetch manifest @types/ws@^8.5.5
3353 silly packumentCache full:https://registry.npmjs.org/@types%2fws cache-miss
3354 http cache https://registry.npmjs.org/ws 18ms (cache hit)
3355 silly packumentCache full:https://registry.npmjs.org/ws set size:427091 disposed:false
3356 silly fetch manifest colorette@^2.0.10
3357 silly packumentCache full:https://registry.npmjs.org/colorette cache-miss
3358 http cache https://registry.npmjs.org/spdy 18ms (cache hit)
3359 silly packumentCache full:https://registry.npmjs.org/spdy set size:358688 disposed:false
3360 silly fetch manifest ipaddr.js@^2.0.1
3361 silly packumentCache full:https://registry.npmjs.org/ipaddr.js cache-miss
3362 http cache https://registry.npmjs.org/rimraf 20ms (cache hit)
3363 silly packumentCache full:https://registry.npmjs.org/rimraf set size:212626 disposed:false
3364 silly fetch manifest selfsigned@^2.1.1
3365 silly packumentCache full:https://registry.npmjs.org/selfsigned cache-miss
3366 http cache https://registry.npmjs.org/sockjs 22ms (cache hit)
3367 silly packumentCache full:https://registry.npmjs.org/sockjs set size:78786 disposed:false
3368 silly fetch manifest compression@^1.7.4
3369 silly packumentCache full:https://registry.npmjs.org/compression cache-miss
3370 http cache https://registry.npmjs.org/express 22ms (cache hit)
3371 silly packumentCache full:https://registry.npmjs.org/express set size:804933 disposed:false
3372 silly fetch manifest graceful-fs@^4.2.6
3373 silly packumentCache full:https://registry.npmjs.org/graceful-fs cache-hit
3374 silly fetch manifest serve-index@^1.9.1
3375 silly packumentCache full:https://registry.npmjs.org/serve-index cache-miss
3376 http cache https://registry.npmjs.org/p-retry 30ms (cache hit)
3377 silly packumentCache full:https://registry.npmjs.org/p-retry set size:72148 disposed:false
3378 silly fetch manifest @types/sockjs@^0.3.33
3379 silly packumentCache full:https://registry.npmjs.org/@types%2fsockjs cache-miss
3380 http cache https://registry.npmjs.org/selfsigned 17ms (cache hit)
3381 silly packumentCache full:https://registry.npmjs.org/selfsigned set size:100477 disposed:false
3382 silly fetch manifest html-entities@^2.3.2
3383 silly packumentCache full:https://registry.npmjs.org/html-entities cache-hit
3384 silly fetch manifest launch-editor@^2.6.0
3385 silly packumentCache full:https://registry.npmjs.org/launch-editor cache-miss
3386 http cache https://registry.npmjs.org/@types%2fws 33ms (cache hit)
3387 silly packumentCache full:https://registry.npmjs.org/@types%2fws set size:167959 disposed:false
3388 silly fetch manifest @types/bonjour@^3.5.9
3389 silly packumentCache full:https://registry.npmjs.org/@types%2fbonjour cache-miss
3390 http cache https://registry.npmjs.org/colorette 31ms (cache hit)
3391 silly packumentCache full:https://registry.npmjs.org/colorette set size:92733 disposed:false
3392 silly fetch manifest @types/express@^4.17.13
3393 silly packumentCache full:https://registry.npmjs.org/@types%2fexpress cache-miss
3394 http cache https://registry.npmjs.org/ipaddr.js 30ms (cache hit)
3395 silly packumentCache full:https://registry.npmjs.org/ipaddr.js set size:69563 disposed:false
3396 silly fetch manifest bonjour-service@^1.0.11
3397 silly packumentCache full:https://registry.npmjs.org/bonjour-service cache-miss
3398 http cache https://registry.npmjs.org/compression 27ms (cache hit)
3399 silly packumentCache full:https://registry.npmjs.org/compression set size:98424 disposed:false
3400 silly fetch manifest default-gateway@^6.0.3
3401 silly packumentCache full:https://registry.npmjs.org/default-gateway cache-miss
3402 http cache https://registry.npmjs.org/@types%2fsockjs 21ms (cache hit)
3403 silly packumentCache full:https://registry.npmjs.org/@types%2fsockjs set size:29384 disposed:false
3404 silly fetch manifest @types/serve-index@^1.9.1
3405 silly packumentCache full:https://registry.npmjs.org/@types%2fserve-index cache-miss
3406 http cache https://registry.npmjs.org/serve-index 24ms (cache hit)
3407 silly packumentCache full:https://registry.npmjs.org/serve-index set size:70731 disposed:false
3408 silly fetch manifest @types/serve-static@^1.13.10
3409 silly packumentCache full:https://registry.npmjs.org/@types%2fserve-static cache-miss
3410 http cache https://registry.npmjs.org/@types%2fbonjour 18ms (cache hit)
3411 silly packumentCache full:https://registry.npmjs.org/@types%2fbonjour set size:24290 disposed:false
3412 silly fetch manifest ansi-html-community@^0.0.8
3413 silly packumentCache full:https://registry.npmjs.org/ansi-html-community cache-miss
3414 http cache https://registry.npmjs.org/launch-editor 21ms (cache hit)
3415 silly packumentCache full:https://registry.npmjs.org/launch-editor set size:46130 disposed:false
3416 silly fetch manifest http-proxy-middleware@^2.0.3
3417 silly packumentCache full:https://registry.npmjs.org/http-proxy-middleware cache-miss
3418 http cache https://registry.npmjs.org/@types%2fexpress 18ms (cache hit)
3419 silly packumentCache full:https://registry.npmjs.org/@types%2fexpress set size:111364 disposed:false
3420 silly fetch manifest webpack-dev-middleware@^5.3.4
3421 silly packumentCache full:https://registry.npmjs.org/webpack-dev-middleware cache-miss
3422 http cache https://registry.npmjs.org/bonjour-service 17ms (cache hit)
3423 silly packumentCache full:https://registry.npmjs.org/bonjour-service set size:66784 disposed:false
3424 silly fetch manifest connect-history-api-fallback@^2.0.0
3425 silly packumentCache full:https://registry.npmjs.org/connect-history-api-fallback cache-miss
3426 http cache https://registry.npmjs.org/default-gateway 17ms (cache hit)
3427 silly packumentCache full:https://registry.npmjs.org/default-gateway set size:110170 disposed:false
3428 silly fetch manifest @types/connect-history-api-fallback@^1.3.5
3429 silly packumentCache full:https://registry.npmjs.org/@types%2fconnect-history-api-fallback cache-miss
3430 http cache https://registry.npmjs.org/@types%2fserve-index 14ms (cache hit)
3431 silly packumentCache full:https://registry.npmjs.org/@types%2fserve-index set size:29301 disposed:false
3432 silly fetch manifest webpack-sources@^2.2.0
3433 silly packumentCache full:https://registry.npmjs.org/webpack-sources cache-hit
3434 silly fetch manifest upath@^1.2.0
3435 silly packumentCache full:https://registry.npmjs.org/upath cache-miss
3436 http cache https://registry.npmjs.org/@types%2fserve-static 14ms (cache hit)
3437 silly packumentCache full:https://registry.npmjs.org/@types%2fserve-static set size:70859 disposed:false
3438 silly fetch manifest pretty-bytes@^5.4.1
3439 silly packumentCache full:https://registry.npmjs.org/pretty-bytes cache-miss
3440 http cache https://registry.npmjs.org/ansi-html-community 15ms (cache hit)
3441 silly packumentCache full:https://registry.npmjs.org/ansi-html-community set size:4862 disposed:false
3442 silly fetch manifest workbox-build@6.6.0
3443 silly packumentCache full:https://registry.npmjs.org/workbox-build cache-miss
3444 http cache https://registry.npmjs.org/http-proxy-middleware 15ms (cache hit)
3445 silly packumentCache full:https://registry.npmjs.org/http-proxy-middleware set size:348776 disposed:false
3446 silly fetch manifest webpack-sources@^1.4.3
3447 silly packumentCache full:https://registry.npmjs.org/webpack-sources cache-hit
3448 http cache https://registry.npmjs.org/webpack-dev-middleware 17ms (cache hit)
3449 silly packumentCache full:https://registry.npmjs.org/webpack-dev-middleware set size:378853 disposed:false
3450 http cache https://registry.npmjs.org/connect-history-api-fallback 20ms (cache hit)
3451 silly packumentCache full:https://registry.npmjs.org/connect-history-api-fallback set size:30068 disposed:false
3452 http cache https://registry.npmjs.org/@types%2fconnect-history-api-fallback 17ms (cache hit)
3453 silly packumentCache full:https://registry.npmjs.org/@types%2fconnect-history-api-fallback set size:23738 disposed:false
3454 http cache https://registry.npmjs.org/upath 15ms (cache hit)
3455 silly packumentCache full:https://registry.npmjs.org/upath set size:74528 disposed:false
3456 http cache https://registry.npmjs.org/pretty-bytes 15ms (cache hit)
3457 silly packumentCache full:https://registry.npmjs.org/pretty-bytes set size:64558 disposed:false
3458 http cache https://registry.npmjs.org/workbox-build 16ms (cache hit)
3459 silly packumentCache full:https://registry.npmjs.org/workbox-build set size:332781 disposed:false
3460 silly placeDep ROOT @babel/helper-compilation-targets@7.29.7 OK for: @babel/core@7.29.7 want: ^7.29.7
3461 silly placeDep ROOT @babel/helper-module-transforms@7.29.7 OK for: @babel/core@7.29.7 want: ^7.29.7
3462 silly placeDep ROOT @babel/helpers@7.29.7 OK for: @babel/core@7.29.7 want: ^7.29.7
3463 silly placeDep ROOT @jridgewell/remapping@2.3.5 OK for: @babel/core@7.29.7 want: ^2.3.5
3464 silly placeDep ROOT convert-source-map@2.0.0 OK for: @babel/core@7.29.7 want: ^2.0.0
3465 silly placeDep ROOT gensync@1.0.0-beta.2 OK for: @babel/core@7.29.7 want: ^1.0.0-beta.2
3466 silly placeDep ROOT json5@2.2.3 OK for: @babel/core@7.29.7 want: ^2.2.3
3467 silly fetch manifest lru-cache@^5.1.1
3468 silly packumentCache full:https://registry.npmjs.org/lru-cache cache-miss
3469 silly fetch manifest @babel/compat-data@^7.29.7
3470 silly packumentCache full:https://registry.npmjs.org/@babel%2fcompat-data cache-miss
3471 silly fetch manifest @babel/helper-validator-option@^7.29.7
3472 silly packumentCache full:https://registry.npmjs.org/@babel%2fhelper-validator-option cache-miss
3473 silly fetch manifest @babel/helper-module-imports@^7.29.7
3474 silly packumentCache full:https://registry.npmjs.org/@babel%2fhelper-module-imports cache-miss
3475 http cache https://registry.npmjs.org/@babel%2fhelper-module-imports 3ms (cache hit)
3476 silly packumentCache full:https://registry.npmjs.org/@babel%2fhelper-module-imports set size:203392 disposed:false
3477 http cache https://registry.npmjs.org/lru-cache 6ms (cache hit)
3478 silly packumentCache full:https://registry.npmjs.org/lru-cache set size:456196 disposed:false
3479 http cache https://registry.npmjs.org/@babel%2fhelper-validator-option 11ms (cache hit)
3480 silly packumentCache full:https://registry.npmjs.org/@babel%2fhelper-validator-option set size:101303 disposed:false
3481 http cache https://registry.npmjs.org/@babel%2fcompat-data 13ms (cache hit)
3482 silly packumentCache full:https://registry.npmjs.org/@babel%2fcompat-data set size:318807 disposed:false
3483 silly placeDep ROOT @babel/compat-data@7.29.7 OK for: @babel/helper-compilation-targets@7.29.7 want: ^7.29.7
3484 silly placeDep ROOT @babel/helper-validator-option@7.29.7 OK for: @babel/helper-compilation-targets@7.29.7 want: ^7.29.7
3485 silly placeDep ROOT lru-cache@5.1.1 OK for: @babel/helper-compilation-targets@7.29.7 want: ^5.1.1
3486 silly fetch manifest yallist@^3.0.2
3487 silly packumentCache full:https://registry.npmjs.org/yallist cache-miss
3488 http cache https://registry.npmjs.org/yallist 2ms (cache hit)
3489 silly packumentCache full:https://registry.npmjs.org/yallist set size:34610 disposed:false
3490 silly placeDep ROOT @babel/helper-module-imports@7.29.7 OK for: @babel/helper-module-transforms@7.29.7 want: ^7.29.7
3491 silly placeDep ROOT ansi-html@0.0.9 OK for: @pmmmwh/react-refresh-webpack-plugin@0.5.17 want: ^0.0.9
3492 silly placeDep ROOT core-js-pure@3.49.0 OK for: @pmmmwh/react-refresh-webpack-plugin@0.5.17 want: ^3.23.3
3493 silly placeDep ROOT error-stack-parser@2.1.4 OK for: @pmmmwh/react-refresh-webpack-plugin@0.5.17 want: ^2.0.6
3494 silly placeDep ROOT html-entities@2.6.0 OK for: @pmmmwh/react-refresh-webpack-plugin@0.5.17 want: ^2.1.0
3495 silly placeDep ROOT loader-utils@2.0.4 OK for: @pmmmwh/react-refresh-webpack-plugin@0.5.17 want: ^2.0.4
3496 silly placeDep ROOT schema-utils@4.3.3 OK for: @pmmmwh/react-refresh-webpack-plugin@0.5.17 want: ^4.2.0
3497 silly placeDep ROOT source-map@0.7.6 OK for: @pmmmwh/react-refresh-webpack-plugin@0.5.17 want: ^0.7.3
3498 silly fetch manifest stackframe@^1.3.4
3499 silly packumentCache full:https://registry.npmjs.org/stackframe cache-miss
3500 silly fetch manifest big.js@^5.2.2
3501 silly packumentCache full:https://registry.npmjs.org/big.js cache-miss
3502 silly fetch manifest emojis-list@^3.0.0
3503 silly packumentCache full:https://registry.npmjs.org/emojis-list cache-miss
3504 silly fetch manifest ajv@^8.9.0
3505 silly packumentCache full:https://registry.npmjs.org/ajv cache-miss
3506 silly fetch manifest ajv-formats@^2.1.1
3507 silly packumentCache full:https://registry.npmjs.org/ajv-formats cache-miss
3508 silly fetch manifest ajv-keywords@^5.1.0
3509 silly packumentCache full:https://registry.npmjs.org/ajv-keywords cache-miss
3510 http cache https://registry.npmjs.org/stackframe 10ms (cache hit)
3511 silly packumentCache full:https://registry.npmjs.org/stackframe set size:54134 disposed:false
3512 http cache https://registry.npmjs.org/ajv 12ms (cache hit)
3513 silly packumentCache full:https://registry.npmjs.org/ajv set size:1142658 disposed:false
3514 http cache https://registry.npmjs.org/emojis-list 21ms (cache hit)
3515 silly packumentCache full:https://registry.npmjs.org/emojis-list set size:17790 disposed:false
3516 http cache https://registry.npmjs.org/ajv-formats 22ms (cache hit)
3517 silly packumentCache full:https://registry.npmjs.org/ajv-formats set size:141264 disposed:false
3518 http cache https://registry.npmjs.org/big.js 25ms (cache hit)
3519 silly packumentCache full:https://registry.npmjs.org/big.js set size:75813 disposed:false
3520 http cache https://registry.npmjs.org/ajv-keywords 25ms (cache hit)
3521 silly packumentCache full:https://registry.npmjs.org/ajv-keywords set size:310004 disposed:false
3522 silly placeDep ROOT @babel/plugin-transform-react-constant-elements@7.29.7 OK for: @svgr/webpack@5.5.0 want: ^7.12.1
3523 silly placeDep ROOT @babel/preset-env@7.29.7 OK for: @svgr/webpack@5.5.0 want: ^7.12.1
3524 silly placeDep ROOT @babel/preset-react@7.29.7 OK for: @svgr/webpack@5.5.0 want: ^7.12.5
3525 silly placeDep ROOT @svgr/core@5.5.0 OK for: @svgr/webpack@5.5.0 want: ^5.5.0
3526 silly placeDep ROOT @svgr/plugin-jsx@5.5.0 OK for: @svgr/webpack@5.5.0 want: ^5.5.0
3527 silly placeDep ROOT @svgr/plugin-svgo@5.5.0 OK for: @svgr/webpack@5.5.0 want: ^5.5.0
3528 silly fetch manifest core-js-compat@^3.48.0
3529 silly packumentCache full:https://registry.npmjs.org/core-js-compat cache-miss
3530 silly fetch manifest @babel/preset-modules@0.1.6-no-external-plugins
3531 silly packumentCache full:https://registry.npmjs.org/@babel%2fpreset-modules cache-miss
3532 silly fetch manifest babel-plugin-polyfill-corejs2@^0.4.15
3533 silly packumentCache full:https://registry.npmjs.org/babel-plugin-polyfill-corejs2 cache-miss
3534 silly fetch manifest babel-plugin-polyfill-corejs3@^0.14.0
3535 silly packumentCache full:https://registry.npmjs.org/babel-plugin-polyfill-corejs3 cache-miss
3536 silly fetch manifest @babel/plugin-transform-for-of@^7.29.7
3537 silly packumentCache full:https://registry.npmjs.org/@babel%2fplugin-transform-for-of cache-miss
3538 silly fetch manifest @babel/plugin-transform-spread@^7.29.7
3539 silly packumentCache full:https://registry.npmjs.org/@babel%2fplugin-transform-spread cache-miss
3540 silly fetch manifest @babel/plugin-transform-classes@^7.29.7
3541 silly packumentCache full:https://registry.npmjs.org/@babel%2fplugin-transform-classes cache-miss
3542 http cache https://registry.npmjs.org/babel-plugin-polyfill-corejs3 6ms (cache hit)
3543 silly packumentCache full:https://registry.npmjs.org/babel-plugin-polyfill-corejs3 set size:154739 disposed:false
3544 silly fetch manifest @babel/plugin-transform-literals@^7.29.7
3545 silly packumentCache full:https://registry.npmjs.org/@babel%2fplugin-transform-literals cache-miss
3546 http cache https://registry.npmjs.org/@babel%2fpreset-modules 8ms (cache hit)
3547 silly packumentCache full:https://registry.npmjs.org/@babel%2fpreset-modules set size:48319 disposed:false
3548 silly fetch manifest babel-plugin-polyfill-regenerator@^0.6.6
3549 silly packumentCache full:https://registry.npmjs.org/babel-plugin-polyfill-regenerator cache-miss
3550 http cache https://registry.npmjs.org/@babel%2fplugin-transform-spread 9ms (cache hit)
3551 silly packumentCache full:https://registry.npmjs.org/@babel%2fplugin-transform-spread set size:232816 disposed:false
3552 silly fetch manifest @babel/plugin-transform-new-target@^7.29.7
3553 silly packumentCache full:https://registry.npmjs.org/@babel%2fplugin-transform-new-target cache-miss
3554 http cache https://registry.npmjs.org/core-js-compat 13ms (cache hit)
3555 silly packumentCache full:https://registry.npmjs.org/core-js-compat set size:345744 disposed:false
3556 silly fetch manifest @babel/plugin-transform-parameters@^7.29.7
3557 silly packumentCache full:https://registry.npmjs.org/@babel%2fplugin-transform-parameters cache-miss
3558 http cache https://registry.npmjs.org/babel-plugin-polyfill-corejs2 16ms (cache hit)
3559 silly packumentCache full:https://registry.npmjs.org/babel-plugin-polyfill-corejs2 set size:116417 disposed:false
3560 silly fetch manifest @babel/plugin-transform-modules-amd@^7.29.7
3561 silly packumentCache full:https://registry.npmjs.org/@babel%2fplugin-transform-modules-amd cache-miss
3562 http cache https://registry.npmjs.org/@babel%2fplugin-transform-for-of 16ms (cache hit)
3563 silly packumentCache full:https://registry.npmjs.org/@babel%2fplugin-transform-for-of set size:245976 disposed:false
3564 silly fetch manifest @babel/plugin-transform-modules-umd@^7.29.7
3565 silly packumentCache full:https://registry.npmjs.org/@babel%2fplugin-transform-modules-umd cache-miss
3566 http cache https://registry.npmjs.org/@babel%2fplugin-transform-classes 19ms (cache hit)
3567 silly packumentCache full:https://registry.npmjs.org/@babel%2fplugin-transform-classes set size:340016 disposed:false
3568 silly fetch manifest @babel/plugin-transform-regenerator@^7.29.7
3569 silly packumentCache full:https://registry.npmjs.org/@babel%2fplugin-transform-regenerator cache-miss
3570 http cache https://registry.npmjs.org/@babel%2fplugin-transform-literals 18ms (cache hit)
3571 silly packumentCache full:https://registry.npmjs.org/@babel%2fplugin-transform-literals set size:208174 disposed:false
3572 silly fetch manifest @babel/plugin-transform-dotall-regex@^7.29.7
3573 silly packumentCache full:https://registry.npmjs.org/@babel%2fplugin-transform-dotall-regex cache-miss
3574 http cache https://registry.npmjs.org/babel-plugin-polyfill-regenerator 21ms (cache hit)
3575 silly packumentCache full:https://registry.npmjs.org/babel-plugin-polyfill-regenerator set size:101432 disposed:false
3576 silly fetch manifest @babel/plugin-transform-json-strings@^7.29.7
3577 silly packumentCache full:https://registry.npmjs.org/@babel%2fplugin-transform-json-strings cache-miss
3578 http cache https://registry.npmjs.org/@babel%2fplugin-transform-parameters 17ms (cache hit)
3579 silly packumentCache full:https://registry.npmjs.org/@babel%2fplugin-transform-parameters set size:282283 disposed:false
3580 silly fetch manifest @babel/plugin-transform-object-super@^7.29.7
3581 silly packumentCache full:https://registry.npmjs.org/@babel%2fplugin-transform-object-super cache-miss
3582 http cache https://registry.npmjs.org/@babel%2fplugin-transform-new-target 23ms (cache hit)
3583 silly packumentCache full:https://registry.npmjs.org/@babel%2fplugin-transform-new-target set size:223955 disposed:false
3584 silly fetch manifest @babel/plugin-transform-sticky-regex@^7.29.7
3585 silly packumentCache full:https://registry.npmjs.org/@babel%2fplugin-transform-sticky-regex cache-miss
3586 http cache https://registry.npmjs.org/@babel%2fplugin-transform-modules-umd 18ms (cache hit)
3587 silly packumentCache full:https://registry.npmjs.org/@babel%2fplugin-transform-modules-umd set size:229204 disposed:false
3588 silly fetch manifest @babel/plugin-transform-block-scoping@^7.29.7
3589 silly packumentCache full:https://registry.npmjs.org/@babel%2fplugin-transform-block-scoping cache-miss
3590 http cache https://registry.npmjs.org/@babel%2fplugin-transform-regenerator 18ms (cache hit)
3591 silly packumentCache full:https://registry.npmjs.org/@babel%2fplugin-transform-regenerator set size:283101 disposed:false
3592 silly fetch manifest @babel/plugin-transform-destructuring@^7.29.7
3593 silly packumentCache full:https://registry.npmjs.org/@babel%2fplugin-transform-destructuring cache-miss
3594 http cache https://registry.npmjs.org/@babel%2fplugin-transform-modules-amd 28ms (cache hit)
3595 silly packumentCache full:https://registry.npmjs.org/@babel%2fplugin-transform-modules-amd set size:251887 disposed:false
3596 silly fetch manifest @babel/plugin-transform-function-name@^7.29.7
3597 silly packumentCache full:https://registry.npmjs.org/@babel%2fplugin-transform-function-name cache-miss
3598 http cache https://registry.npmjs.org/@babel%2fplugin-transform-object-super 16ms (cache hit)
3599 silly packumentCache full:https://registry.npmjs.org/@babel%2fplugin-transform-object-super set size:212051 disposed:false
3600 silly fetch manifest @babel/plugin-transform-typeof-symbol@^7.29.7
3601 silly packumentCache full:https://registry.npmjs.org/@babel%2fplugin-transform-typeof-symbol cache-miss
3602 http cache https://registry.npmjs.org/@babel%2fplugin-transform-dotall-regex 25ms (cache hit)
3603 silly packumentCache full:https://registry.npmjs.org/@babel%2fplugin-transform-dotall-regex set size:227251 disposed:false
3604 silly fetch manifest @babel/plugin-transform-unicode-regex@^7.29.7
3605 silly packumentCache full:https://registry.npmjs.org/@babel%2fplugin-transform-unicode-regex cache-miss
3606 http cache https://registry.npmjs.org/@babel%2fplugin-transform-sticky-regex 19ms (cache hit)
3607 silly packumentCache full:https://registry.npmjs.org/@babel%2fplugin-transform-sticky-regex set size:207729 disposed:false
3608 silly fetch manifest @babel/plugin-syntax-import-assertions@^7.29.7
3609 silly packumentCache full:https://registry.npmjs.org/@babel%2fplugin-syntax-import-assertions cache-miss
3610 http cache https://registry.npmjs.org/@babel%2fplugin-transform-json-strings 29ms (cache hit)
3611 silly packumentCache full:https://registry.npmjs.org/@babel%2fplugin-transform-json-strings set size:93749 disposed:false
3612 silly fetch manifest @babel/plugin-syntax-import-attributes@^7.29.7
3613 silly packumentCache full:https://registry.npmjs.org/@babel%2fplugin-syntax-import-attributes cache-miss
3614 http cache https://registry.npmjs.org/@babel%2fplugin-transform-block-scoping 21ms (cache hit)
3615 silly packumentCache full:https://registry.npmjs.org/@babel%2fplugin-transform-block-scoping set size:325996 disposed:false
3616 silly fetch manifest @babel/plugin-transform-duplicate-keys@^7.29.7
3617 silly packumentCache full:https://registry.npmjs.org/@babel%2fplugin-transform-duplicate-keys cache-miss
3618 http cache https://registry.npmjs.org/@babel%2fplugin-transform-function-name 18ms (cache hit)
3619 silly packumentCache full:https://registry.npmjs.org/@babel%2fplugin-transform-function-name set size:230266 disposed:false
3620 silly fetch manifest @babel/plugin-transform-dynamic-import@^7.29.7
3621 silly packumentCache full:https://registry.npmjs.org/@babel%2fplugin-transform-dynamic-import cache-miss
3622 http cache https://registry.npmjs.org/@babel%2fplugin-transform-destructuring 27ms (cache hit)
3623 silly packumentCache full:https://registry.npmjs.org/@babel%2fplugin-transform-destructuring set size:301661 disposed:false
3624 silly fetch manifest @babel/plugin-transform-reserved-words@^7.29.7
3625 silly packumentCache full:https://registry.npmjs.org/@babel%2fplugin-transform-reserved-words cache-miss
3626 http cache https://registry.npmjs.org/@babel%2fplugin-transform-typeof-symbol 25ms (cache hit)
3627 silly packumentCache full:https://registry.npmjs.org/@babel%2fplugin-transform-typeof-symbol set size:236474 disposed:false
3628 silly fetch manifest @babel/plugin-syntax-unicode-sets-regex@^7.18.6
3629 silly packumentCache full:https://registry.npmjs.org/@babel%2fplugin-syntax-unicode-sets-regex cache-miss
3630 http cache https://registry.npmjs.org/@babel%2fplugin-syntax-import-assertions 22ms (cache hit)
3631 silly packumentCache full:https://registry.npmjs.org/@babel%2fplugin-syntax-import-assertions set size:105198 disposed:false
3632 silly fetch manifest @babel/plugin-transform-arrow-functions@^7.29.7
3633 silly packumentCache full:https://registry.npmjs.org/@babel%2fplugin-transform-arrow-functions cache-miss
3634 http cache https://registry.npmjs.org/@babel%2fplugin-transform-unicode-regex 27ms (cache hit)
3635 silly packumentCache full:https://registry.npmjs.org/@babel%2fplugin-transform-unicode-regex set size:220918 disposed:false
3636 silly fetch manifest @babel/plugin-transform-private-methods@^7.29.7
3637 silly packumentCache full:https://registry.npmjs.org/@babel%2fplugin-transform-private-methods cache-miss
3638 http cache https://registry.npmjs.org/@babel%2fplugin-syntax-import-attributes 25ms (cache hit)
3639 silly packumentCache full:https://registry.npmjs.org/@babel%2fplugin-syntax-import-attributes set size:73361 disposed:false
3640 silly fetch manifest @babel/plugin-transform-unicode-escapes@^7.29.7
3641 silly packumentCache full:https://registry.npmjs.org/@babel%2fplugin-transform-unicode-escapes cache-miss
3642 http cache https://registry.npmjs.org/@babel%2fplugin-transform-dynamic-import 20ms (cache hit)
3643 silly packumentCache full:https://registry.npmjs.org/@babel%2fplugin-transform-dynamic-import set size:86720 disposed:false
3644 silly fetch manifest @babel/plugin-transform-class-properties@^7.29.7
3645 silly packumentCache full:https://registry.npmjs.org/@babel%2fplugin-transform-class-properties cache-miss
3646 http cache https://registry.npmjs.org/@babel%2fplugin-transform-duplicate-keys 25ms (cache hit)
3647 silly packumentCache full:https://registry.npmjs.org/@babel%2fplugin-transform-duplicate-keys set size:212905 disposed:false
3648 silly fetch manifest @babel/plugin-transform-modules-commonjs@^7.29.7
3649 silly packumentCache full:https://registry.npmjs.org/@babel%2fplugin-transform-modules-commonjs cache-miss
3650 http cache https://registry.npmjs.org/@babel%2fplugin-transform-reserved-words 18ms (cache hit)
3651 silly packumentCache full:https://registry.npmjs.org/@babel%2fplugin-transform-reserved-words set size:205700 disposed:false
3652 silly fetch manifest @babel/plugin-transform-modules-systemjs@^7.29.7
3653 silly packumentCache full:https://registry.npmjs.org/@babel%2fplugin-transform-modules-systemjs cache-miss
3654 http cache https://registry.npmjs.org/@babel%2fplugin-transform-private-methods 12ms (cache hit)
3655 silly packumentCache full:https://registry.npmjs.org/@babel%2fplugin-transform-private-methods set size:91777 disposed:false
3656 silly fetch manifest @babel/plugin-transform-regexp-modifiers@^7.29.7
3657 silly packumentCache full:https://registry.npmjs.org/@babel%2fplugin-transform-regexp-modifiers cache-miss
3658 http cache https://registry.npmjs.org/@babel%2fplugin-syntax-unicode-sets-regex 18ms (cache hit)
3659 silly packumentCache full:https://registry.npmjs.org/@babel%2fplugin-syntax-unicode-sets-regex set size:22903 disposed:false
3660 silly fetch manifest @babel/plugin-transform-numeric-separator@^7.29.7
3661 silly packumentCache full:https://registry.npmjs.org/@babel%2fplugin-transform-numeric-separator cache-miss
3662 http cache https://registry.npmjs.org/@babel%2fplugin-transform-unicode-escapes 14ms (cache hit)
3663 silly packumentCache full:https://registry.npmjs.org/@babel%2fplugin-transform-unicode-escapes set size:130171 disposed:false
3664 silly fetch manifest @babel/plugin-transform-optional-chaining@^7.29.7
3665 silly packumentCache full:https://registry.npmjs.org/@babel%2fplugin-transform-optional-chaining cache-miss
3666 http cache https://registry.npmjs.org/@babel%2fplugin-transform-arrow-functions 20ms (cache hit)
3667 silly packumentCache full:https://registry.npmjs.org/@babel%2fplugin-transform-arrow-functions set size:219087 disposed:false
3668 silly fetch manifest @babel/plugin-transform-property-literals@^7.29.7
3669 silly packumentCache full:https://registry.npmjs.org/@babel%2fplugin-transform-property-literals cache-miss
3670 http cache https://registry.npmjs.org/@babel%2fplugin-transform-class-properties 17ms (cache hit)
3671 silly packumentCache full:https://registry.npmjs.org/@babel%2fplugin-transform-class-properties set size:95240 disposed:false
3672 silly fetch manifest @babel/plugin-transform-template-literals@^7.29.7
3673 silly packumentCache full:https://registry.npmjs.org/@babel%2fplugin-transform-template-literals cache-miss
3674 http cache https://registry.npmjs.org/@babel%2fplugin-transform-modules-commonjs 17ms (cache hit)
3675 silly packumentCache full:https://registry.npmjs.org/@babel%2fplugin-transform-modules-commonjs set size:313445 disposed:false
3676 silly fetch manifest @babel/plugin-transform-async-to-generator@^7.29.7
3677 silly packumentCache full:https://registry.npmjs.org/@babel%2fplugin-transform-async-to-generator cache-miss
3678 http cache https://registry.npmjs.org/@babel%2fplugin-transform-modules-systemjs 19ms (cache hit)
3679 silly packumentCache full:https://registry.npmjs.org/@babel%2fplugin-transform-modules-systemjs set size:310869 disposed:false
3680 silly fetch manifest @babel/plugin-transform-class-static-block@^7.29.7
3681 silly packumentCache full:https://registry.npmjs.org/@babel%2fplugin-transform-class-static-block cache-miss
3682 http cache https://registry.npmjs.org/@babel%2fplugin-transform-numeric-separator 17ms (cache hit)
3683 silly packumentCache full:https://registry.npmjs.org/@babel%2fplugin-transform-numeric-separator set size:98143 disposed:false
3684 silly fetch manifest @babel/plugin-transform-object-rest-spread@^7.29.7
3685 silly packumentCache full:https://registry.npmjs.org/@babel%2fplugin-transform-object-rest-spread cache-miss
3686 http cache https://registry.npmjs.org/@babel%2fplugin-transform-optional-chaining 17ms (cache hit)
3687 silly packumentCache full:https://registry.npmjs.org/@babel%2fplugin-transform-optional-chaining set size:118753 disposed:false
3688 silly fetch manifest @babel/plugin-transform-unicode-sets-regex@^7.29.7
3689 silly packumentCache full:https://registry.npmjs.org/@babel%2fplugin-transform-unicode-sets-regex cache-miss
3690 http cache https://registry.npmjs.org/@babel%2fplugin-transform-regexp-modifiers 22ms (cache hit)
3691 silly packumentCache full:https://registry.npmjs.org/@babel%2fplugin-transform-regexp-modifiers set size:49555 disposed:false
3692 silly fetch manifest @babel/plugin-transform-computed-properties@^7.29.7
3693 silly packumentCache full:https://registry.npmjs.org/@babel%2fplugin-transform-computed-properties cache-miss
3694 http cache https://registry.npmjs.org/@babel%2fplugin-transform-property-literals 18ms (cache hit)
3695 silly packumentCache full:https://registry.npmjs.org/@babel%2fplugin-transform-property-literals set size:206816 disposed:false
3696 silly fetch manifest @babel/plugin-transform-shorthand-properties@^7.29.7
3697 silly packumentCache full:https://registry.npmjs.org/@babel%2fplugin-transform-shorthand-properties cache-miss
3698 http cache https://registry.npmjs.org/@babel%2fplugin-transform-template-literals 19ms (cache hit)
3699 silly packumentCache full:https://registry.npmjs.org/@babel%2fplugin-transform-template-literals set size:229628 disposed:false
3700 silly fetch manifest @babel/plugin-transform-export-namespace-from@^7.29.7
3701 silly packumentCache full:https://registry.npmjs.org/@babel%2fplugin-transform-export-namespace-from cache-miss
3702 http cache https://registry.npmjs.org/@babel%2fplugin-transform-async-to-generator 16ms (cache hit)
3703 silly packumentCache full:https://registry.npmjs.org/@babel%2fplugin-transform-async-to-generator set size:248954 disposed:false
3704 silly fetch manifest @babel/plugin-transform-block-scoped-functions@^7.29.7
3705 silly packumentCache full:https://registry.npmjs.org/@babel%2fplugin-transform-block-scoped-functions cache-miss
3706 http cache https://registry.npmjs.org/@babel%2fplugin-transform-class-static-block 15ms (cache hit)
3707 silly packumentCache full:https://registry.npmjs.org/@babel%2fplugin-transform-class-static-block set size:109709 disposed:false
3708 silly fetch manifest @babel/plugin-transform-optional-catch-binding@^7.29.7
3709 silly packumentCache full:https://registry.npmjs.org/@babel%2fplugin-transform-optional-catch-binding cache-miss
3710 http cache https://registry.npmjs.org/@babel%2fplugin-transform-computed-properties 12ms (cache hit)
3711 silly packumentCache full:https://registry.npmjs.org/@babel%2fplugin-transform-computed-properties set size:226557 disposed:false
3712 silly fetch manifest @babel/plugin-transform-unicode-property-regex@^7.29.7
3713 silly packumentCache full:https://registry.npmjs.org/@babel%2fplugin-transform-unicode-property-regex cache-miss
3714 http cache https://registry.npmjs.org/@babel%2fplugin-transform-unicode-sets-regex 16ms (cache hit)
3715 silly packumentCache full:https://registry.npmjs.org/@babel%2fplugin-transform-unicode-sets-regex set size:100754 disposed:false
3716 silly fetch manifest @babel/plugin-transform-exponentiation-operator@^7.29.7
3717 silly packumentCache full:https://registry.npmjs.org/@babel%2fplugin-transform-exponentiation-operator cache-miss
3718 http cache https://registry.npmjs.org/@babel%2fplugin-transform-object-rest-spread 19ms (cache hit)
3719 silly packumentCache full:https://registry.npmjs.org/@babel%2fplugin-transform-object-rest-spread set size:118192 disposed:false
3720 silly fetch manifest @babel/plugin-proposal-private-property-in-object@7.21.0-placeholder-for-preset-env.2
3721 silly packumentCache full:https://registry.npmjs.org/@babel%2fplugin-proposal-private-property-in-object cache-hit
3722 silly fetch manifest @babel/plugin-transform-async-generator-functions@^7.29.7
3723 silly packumentCache full:https://registry.npmjs.org/@babel%2fplugin-transform-async-generator-functions cache-miss
3724 http cache https://registry.npmjs.org/@babel%2fplugin-transform-export-namespace-from 13ms (cache hit)
3725 silly packumentCache full:https://registry.npmjs.org/@babel%2fplugin-transform-export-namespace-from set size:93020 disposed:false
3726 silly fetch manifest @babel/plugin-transform-member-expression-literals@^7.29.7
3727 silly packumentCache full:https://registry.npmjs.org/@babel%2fplugin-transform-member-expression-literals cache-miss
3728 http cache https://registry.npmjs.org/@babel%2fplugin-transform-block-scoped-functions 13ms (cache hit)
3729 silly packumentCache full:https://registry.npmjs.org/@babel%2fplugin-transform-block-scoped-functions set size:213583 disposed:false
3730 silly fetch manifest @babel/plugin-transform-private-property-in-object@^7.29.7
3731 silly packumentCache full:https://registry.npmjs.org/@babel%2fplugin-transform-private-property-in-object cache-miss
3732 http cache https://registry.npmjs.org/@babel%2fplugin-transform-shorthand-properties 20ms (cache hit)
3733 silly packumentCache full:https://registry.npmjs.org/@babel%2fplugin-transform-shorthand-properties set size:207024 disposed:false
3734 silly fetch manifest @babel/plugin-transform-nullish-coalescing-operator@^7.29.7
3735 silly packumentCache full:https://registry.npmjs.org/@babel%2fplugin-transform-nullish-coalescing-operator cache-miss
3736 http cache https://registry.npmjs.org/@babel%2fplugin-transform-optional-catch-binding 19ms (cache hit)
3737 silly packumentCache full:https://registry.npmjs.org/@babel%2fplugin-transform-optional-catch-binding set size:95205 disposed:false
3738 silly fetch manifest @babel/plugin-transform-explicit-resource-management@^7.29.7
3739 silly packumentCache full:https://registry.npmjs.org/@babel%2fplugin-transform-explicit-resource-management cache-miss
3740 http cache https://registry.npmjs.org/@babel%2fplugin-transform-exponentiation-operator 17ms (cache hit)
3741 silly packumentCache full:https://registry.npmjs.org/@babel%2fplugin-transform-exponentiation-operator set size:223562 disposed:false
3742 silly fetch manifest @babel/plugin-transform-logical-assignment-operators@^7.29.7
3743 silly packumentCache full:https://registry.npmjs.org/@babel%2fplugin-transform-logical-assignment-operators cache-miss
3744 http cache https://registry.npmjs.org/@babel%2fplugin-transform-unicode-property-regex 20ms (cache hit)
3745 silly packumentCache full:https://registry.npmjs.org/@babel%2fplugin-transform-unicode-property-regex set size:98421 disposed:false
3746 silly fetch manifest @babel/plugin-transform-named-capturing-groups-regex@^7.29.7
3747 silly packumentCache full:https://registry.npmjs.org/@babel%2fplugin-transform-named-capturing-groups-regex cache-miss
3748 http cache https://registry.npmjs.org/@babel%2fplugin-transform-async-generator-functions 19ms (cache hit)
3749 silly packumentCache full:https://registry.npmjs.org/@babel%2fplugin-transform-async-generator-functions set size:130193 disposed:false
3750 silly fetch manifest @babel/plugin-bugfix-firefox-class-in-computed-class-key@^7.29.7
3751 silly packumentCache full:https://registry.npmjs.org/@babel%2fplugin-bugfix-firefox-class-in-computed-class-key cache-miss
3752 http cache https://registry.npmjs.org/@babel%2fplugin-transform-nullish-coalescing-operator 15ms (cache hit)
3753 silly packumentCache full:https://registry.npmjs.org/@babel%2fplugin-transform-nullish-coalescing-operator set size:100915 disposed:false
3754 silly fetch manifest @babel/plugin-bugfix-safari-rest-destructuring-rhs-array@^7.29.7
3755 silly packumentCache full:https://registry.npmjs.org/@babel%2fplugin-bugfix-safari-rest-destructuring-rhs-array cache-miss
3756 http cache https://registry.npmjs.org/@babel%2fplugin-transform-private-property-in-object 19ms (cache hit)
3757 silly packumentCache full:https://registry.npmjs.org/@babel%2fplugin-transform-private-property-in-object set size:105192 disposed:false
3758 silly fetch manifest @babel/plugin-bugfix-safari-class-field-initializer-scope@^7.29.7
3759 silly packumentCache full:https://registry.npmjs.org/@babel%2fplugin-bugfix-safari-class-field-initializer-scope cache-miss
3760 http cache https://registry.npmjs.org/@babel%2fplugin-transform-member-expression-literals 23ms (cache hit)
3761 silly packumentCache full:https://registry.npmjs.org/@babel%2fplugin-transform-member-expression-literals set size:212029 disposed:false
3762 silly fetch manifest @babel/plugin-bugfix-v8-static-class-fields-redefine-readonly@^7.29.7
3763 silly packumentCache full:https://registry.npmjs.org/@babel%2fplugin-bugfix-v8-static-class-fields-redefine-readonly cache-miss
3764 http cache https://registry.npmjs.org/@babel%2fplugin-transform-explicit-resource-management 16ms (cache hit)
3765 silly packumentCache full:https://registry.npmjs.org/@babel%2fplugin-transform-explicit-resource-management set size:37467 disposed:false
3766 silly fetch manifest @babel/plugin-bugfix-v8-spread-parameters-in-optional-chaining@^7.29.7
3767 silly packumentCache full:https://registry.npmjs.org/@babel%2fplugin-bugfix-v8-spread-parameters-in-optional-chaining cache-miss
3768 http cache https://registry.npmjs.org/@babel%2fplugin-transform-logical-assignment-operators 14ms (cache hit)
3769 silly packumentCache full:https://registry.npmjs.org/@babel%2fplugin-transform-logical-assignment-operators set size:104752 disposed:false
3770 silly fetch manifest @babel/plugin-transform-duplicate-named-capturing-groups-regex@^7.29.7
3771 silly packumentCache full:https://registry.npmjs.org/@babel%2fplugin-transform-duplicate-named-capturing-groups-regex cache-miss
3772 http cache https://registry.npmjs.org/@babel%2fplugin-transform-named-capturing-groups-regex 14ms (cache hit)
3773 silly packumentCache full:https://registry.npmjs.org/@babel%2fplugin-transform-named-capturing-groups-regex set size:197029 disposed:false
3774 silly fetch manifest @babel/plugin-bugfix-safari-id-destructuring-collision-in-function-expression@^7.29.7
3775 silly packumentCache full:https://registry.npmjs.org/@babel%2fplugin-bugfix-safari-id-destructuring-collision-in-function-expression cache-miss
3776 http cache https://registry.npmjs.org/@babel%2fplugin-bugfix-firefox-class-in-computed-class-key 16ms (cache hit)
3777 silly packumentCache full:https://registry.npmjs.org/@babel%2fplugin-bugfix-firefox-class-in-computed-class-key set size:79029 disposed:false
3778 silly fetch manifest @babel/plugin-transform-react-jsx@^7.29.7
3779 silly packumentCache full:https://registry.npmjs.org/@babel%2fplugin-transform-react-jsx cache-miss
3780 http cache https://registry.npmjs.org/@babel%2fplugin-bugfix-safari-class-field-initializer-scope 15ms (cache hit)
3781 silly packumentCache full:https://registry.npmjs.org/@babel%2fplugin-bugfix-safari-class-field-initializer-scope set size:55985 disposed:false
3782 silly fetch manifest @babel/plugin-transform-react-display-name@^7.29.7
3783 silly packumentCache full:https://registry.npmjs.org/@babel%2fplugin-transform-react-display-name cache-hit
3784 silly fetch manifest @babel/plugin-transform-react-jsx-development@^7.29.7
3785 silly packumentCache full:https://registry.npmjs.org/@babel%2fplugin-transform-react-jsx-development cache-miss
3786 http cache https://registry.npmjs.org/@babel%2fplugin-bugfix-safari-rest-destructuring-rhs-array 20ms (cache hit)
3787 silly packumentCache full:https://registry.npmjs.org/@babel%2fplugin-bugfix-safari-rest-destructuring-rhs-array set size:22101 disposed:false
3788 silly fetch manifest @babel/plugin-transform-react-pure-annotations@^7.29.7
3789 silly packumentCache full:https://registry.npmjs.org/@babel%2fplugin-transform-react-pure-annotations cache-miss
3790 http cache https://registry.npmjs.org/@babel%2fplugin-bugfix-v8-static-class-fields-redefine-readonly 18ms (cache hit)
3791 silly packumentCache full:https://registry.npmjs.org/@babel%2fplugin-bugfix-v8-static-class-fields-redefine-readonly set size:88719 disposed:false
3792 silly fetch manifest @svgr/babel-preset@^5.5.0
3793 silly packumentCache full:https://registry.npmjs.org/@svgr%2fbabel-preset cache-miss
3794 http cache https://registry.npmjs.org/@babel%2fplugin-bugfix-v8-spread-parameters-in-optional-chaining 18ms (cache hit)
3795 silly packumentCache full:https://registry.npmjs.org/@babel%2fplugin-bugfix-v8-spread-parameters-in-optional-chaining set size:149391 disposed:false
3796 silly fetch manifest @svgr/hast-util-to-babel-ast@^5.5.0
3797 silly packumentCache full:https://registry.npmjs.org/@svgr%2fhast-util-to-babel-ast cache-miss
3798 http cache https://registry.npmjs.org/@babel%2fplugin-bugfix-safari-id-destructuring-collision-in-function-expression 15ms (cache hit)
3799 silly packumentCache full:https://registry.npmjs.org/@babel%2fplugin-bugfix-safari-id-destructuring-collision-in-function-expression set size:134410 disposed:false
3800 silly fetch manifest svg-parser@^2.0.2
3801 silly packumentCache full:https://registry.npmjs.org/svg-parser cache-miss
3802 http cache https://registry.npmjs.org/@babel%2fplugin-transform-duplicate-named-capturing-groups-regex 20ms (cache hit)
3803 silly packumentCache full:https://registry.npmjs.org/@babel%2fplugin-transform-duplicate-named-capturing-groups-regex set size:64692 disposed:false
3804 silly fetch manifest deepmerge@^4.2.2
3805 silly packumentCache full:https://registry.npmjs.org/deepmerge cache-miss
3806 http cache https://registry.npmjs.org/@babel%2fplugin-transform-react-jsx 15ms (cache hit)
3807 silly packumentCache full:https://registry.npmjs.org/@babel%2fplugin-transform-react-jsx set size:298685 disposed:false
3808 silly fetch manifest svgo@^1.2.2
3809 silly packumentCache full:https://registry.npmjs.org/svgo cache-miss
3810 http cache https://registry.npmjs.org/@babel%2fplugin-transform-react-jsx-development 16ms (cache hit)
3811 silly packumentCache full:https://registry.npmjs.org/@babel%2fplugin-transform-react-jsx-development set size:135202 disposed:false
3812 http cache https://registry.npmjs.org/@svgr%2fbabel-preset 15ms (cache hit)
3813 silly packumentCache full:https://registry.npmjs.org/@svgr%2fbabel-preset set size:91593 disposed:false
3814 http cache https://registry.npmjs.org/@babel%2fplugin-transform-react-pure-annotations 18ms (cache hit)
3815 silly packumentCache full:https://registry.npmjs.org/@babel%2fplugin-transform-react-pure-annotations set size:127512 disposed:false
3816 http cache https://registry.npmjs.org/@svgr%2fhast-util-to-babel-ast 15ms (cache hit)
3817 silly packumentCache full:https://registry.npmjs.org/@svgr%2fhast-util-to-babel-ast set size:65870 disposed:false
3818 http cache https://registry.npmjs.org/svg-parser 14ms (cache hit)
3819 silly packumentCache full:https://registry.npmjs.org/svg-parser set size:29043 disposed:false
3820 http cache https://registry.npmjs.org/deepmerge 13ms (cache hit)
3821 silly packumentCache full:https://registry.npmjs.org/deepmerge set size:101897 disposed:false
3822 http cache https://registry.npmjs.org/svgo 12ms (cache hit)
3823 silly packumentCache full:https://registry.npmjs.org/svgo set size:301839 disposed:false
3824 silly placeDep ROOT @babel/plugin-bugfix-firefox-class-in-computed-class-key@7.29.7 OK for: @babel/preset-env@7.29.7 want: ^7.29.7
3825 silly placeDep ROOT @babel/plugin-bugfix-safari-class-field-initializer-scope@7.29.7 OK for: @babel/preset-env@7.29.7 want: ^7.29.7
3826 silly placeDep ROOT @babel/plugin-bugfix-safari-id-destructuring-collision-in-function-expression@7.29.7 OK for: @babel/preset-env@7.29.7 want: ^7.29.7
3827 silly placeDep ROOT @babel/plugin-bugfix-safari-rest-destructuring-rhs-array@7.29.7 OK for: @babel/preset-env@7.29.7 want: ^7.29.7
3828 silly placeDep ROOT @babel/plugin-bugfix-v8-spread-parameters-in-optional-chaining@7.29.7 OK for: @babel/preset-env@7.29.7 want: ^7.29.7
3829 silly placeDep ROOT @babel/plugin-bugfix-v8-static-class-fields-redefine-readonly@7.29.7 OK for: @babel/preset-env@7.29.7 want: ^7.29.7
3830 silly placeDep node_modules/@babel/preset-env @babel/plugin-proposal-private-property-in-object@7.21.0-placeholder-for-preset-env.2 OK for: @babel/preset-env@7.29.7 want: 7.21.0-placeholder-for-preset-env.2
3831 silly placeDep ROOT @babel/plugin-syntax-import-assertions@7.29.7 OK for: @babel/preset-env@7.29.7 want: ^7.29.7
3832 silly placeDep ROOT @babel/plugin-syntax-import-attributes@7.29.7 OK for: @babel/preset-env@7.29.7 want: ^7.29.7
3833 silly placeDep ROOT @babel/plugin-syntax-unicode-sets-regex@7.18.6 OK for: @babel/preset-env@7.29.7 want: ^7.18.6
3834 silly placeDep ROOT @babel/plugin-transform-arrow-functions@7.29.7 OK for: @babel/preset-env@7.29.7 want: ^7.29.7
3835 silly placeDep ROOT @babel/plugin-transform-async-generator-functions@7.29.7 OK for: @babel/preset-env@7.29.7 want: ^7.29.7
3836 silly placeDep ROOT @babel/plugin-transform-async-to-generator@7.29.7 OK for: @babel/preset-env@7.29.7 want: ^7.29.7
3837 silly placeDep ROOT @babel/plugin-transform-block-scoped-functions@7.29.7 OK for: @babel/preset-env@7.29.7 want: ^7.29.7
3838 silly placeDep ROOT @babel/plugin-transform-block-scoping@7.29.7 OK for: @babel/preset-env@7.29.7 want: ^7.29.7
3839 silly placeDep ROOT @babel/plugin-transform-class-properties@7.29.7 OK for: @babel/preset-env@7.29.7 want: ^7.29.7
3840 silly placeDep ROOT @babel/plugin-transform-class-static-block@7.29.7 OK for: @babel/preset-env@7.29.7 want: ^7.29.7
3841 silly placeDep ROOT @babel/plugin-transform-classes@7.29.7 OK for: @babel/preset-env@7.29.7 want: ^7.29.7
3842 silly placeDep ROOT @babel/plugin-transform-computed-properties@7.29.7 OK for: @babel/preset-env@7.29.7 want: ^7.29.7
3843 silly placeDep ROOT @babel/plugin-transform-destructuring@7.29.7 OK for: @babel/preset-env@7.29.7 want: ^7.29.7
3844 silly placeDep ROOT @babel/plugin-transform-dotall-regex@7.29.7 OK for: @babel/preset-env@7.29.7 want: ^7.29.7
3845 silly placeDep ROOT @babel/plugin-transform-duplicate-keys@7.29.7 OK for: @babel/preset-env@7.29.7 want: ^7.29.7
3846 silly placeDep ROOT @babel/plugin-transform-duplicate-named-capturing-groups-regex@7.29.7 OK for: @babel/preset-env@7.29.7 want: ^7.29.7
3847 silly placeDep ROOT @babel/plugin-transform-dynamic-import@7.29.7 OK for: @babel/preset-env@7.29.7 want: ^7.29.7
3848 silly placeDep ROOT @babel/plugin-transform-explicit-resource-management@7.29.7 OK for: @babel/preset-env@7.29.7 want: ^7.29.7
3849 silly placeDep ROOT @babel/plugin-transform-exponentiation-operator@7.29.7 OK for: @babel/preset-env@7.29.7 want: ^7.29.7
3850 silly placeDep ROOT @babel/plugin-transform-export-namespace-from@7.29.7 OK for: @babel/preset-env@7.29.7 want: ^7.29.7
3851 silly placeDep ROOT @babel/plugin-transform-for-of@7.29.7 OK for: @babel/preset-env@7.29.7 want: ^7.29.7
3852 silly placeDep ROOT @babel/plugin-transform-function-name@7.29.7 OK for: @babel/preset-env@7.29.7 want: ^7.29.7
3853 silly placeDep ROOT @babel/plugin-transform-json-strings@7.29.7 OK for: @babel/preset-env@7.29.7 want: ^7.29.7
3854 silly placeDep ROOT @babel/plugin-transform-literals@7.29.7 OK for: @babel/preset-env@7.29.7 want: ^7.29.7
3855 silly placeDep ROOT @babel/plugin-transform-logical-assignment-operators@7.29.7 OK for: @babel/preset-env@7.29.7 want: ^7.29.7
3856 silly placeDep ROOT @babel/plugin-transform-member-expression-literals@7.29.7 OK for: @babel/preset-env@7.29.7 want: ^7.29.7
3857 silly placeDep ROOT @babel/plugin-transform-modules-amd@7.29.7 OK for: @babel/preset-env@7.29.7 want: ^7.29.7
3858 silly placeDep ROOT @babel/plugin-transform-modules-commonjs@7.29.7 OK for: @babel/preset-env@7.29.7 want: ^7.29.7
3859 silly placeDep ROOT @babel/plugin-transform-modules-systemjs@7.29.7 OK for: @babel/preset-env@7.29.7 want: ^7.29.7
3860 silly placeDep ROOT @babel/plugin-transform-modules-umd@7.29.7 OK for: @babel/preset-env@7.29.7 want: ^7.29.7
3861 silly placeDep ROOT @babel/plugin-transform-named-capturing-groups-regex@7.29.7 OK for: @babel/preset-env@7.29.7 want: ^7.29.7
3862 silly placeDep ROOT @babel/plugin-transform-new-target@7.29.7 OK for: @babel/preset-env@7.29.7 want: ^7.29.7
3863 silly placeDep ROOT @babel/plugin-transform-nullish-coalescing-operator@7.29.7 OK for: @babel/preset-env@7.29.7 want: ^7.29.7
3864 silly placeDep ROOT @babel/plugin-transform-numeric-separator@7.29.7 OK for: @babel/preset-env@7.29.7 want: ^7.29.7
3865 silly placeDep ROOT @babel/plugin-transform-object-rest-spread@7.29.7 OK for: @babel/preset-env@7.29.7 want: ^7.29.7
3866 silly placeDep ROOT @babel/plugin-transform-object-super@7.29.7 OK for: @babel/preset-env@7.29.7 want: ^7.29.7
3867 silly placeDep ROOT @babel/plugin-transform-optional-catch-binding@7.29.7 OK for: @babel/preset-env@7.29.7 want: ^7.29.7
3868 silly placeDep ROOT @babel/plugin-transform-optional-chaining@7.29.7 OK for: @babel/preset-env@7.29.7 want: ^7.29.7
3869 silly placeDep ROOT @babel/plugin-transform-parameters@7.29.7 OK for: @babel/preset-env@7.29.7 want: ^7.29.7
3870 silly placeDep ROOT @babel/plugin-transform-private-methods@7.29.7 OK for: @babel/preset-env@7.29.7 want: ^7.29.7
3871 silly placeDep ROOT @babel/plugin-transform-private-property-in-object@7.29.7 OK for: @babel/preset-env@7.29.7 want: ^7.29.7
3872 silly placeDep ROOT @babel/plugin-transform-property-literals@7.29.7 OK for: @babel/preset-env@7.29.7 want: ^7.29.7
3873 silly placeDep ROOT @babel/plugin-transform-regenerator@7.29.7 OK for: @babel/preset-env@7.29.7 want: ^7.29.7
3874 silly placeDep ROOT @babel/plugin-transform-regexp-modifiers@7.29.7 OK for: @babel/preset-env@7.29.7 want: ^7.29.7
3875 silly placeDep ROOT @babel/plugin-transform-reserved-words@7.29.7 OK for: @babel/preset-env@7.29.7 want: ^7.29.7
3876 silly placeDep ROOT @babel/plugin-transform-shorthand-properties@7.29.7 OK for: @babel/preset-env@7.29.7 want: ^7.29.7
3877 silly placeDep ROOT @babel/plugin-transform-spread@7.29.7 OK for: @babel/preset-env@7.29.7 want: ^7.29.7
3878 silly placeDep ROOT @babel/plugin-transform-sticky-regex@7.29.7 OK for: @babel/preset-env@7.29.7 want: ^7.29.7
3879 silly placeDep ROOT @babel/plugin-transform-template-literals@7.29.7 OK for: @babel/preset-env@7.29.7 want: ^7.29.7
3880 silly placeDep ROOT @babel/plugin-transform-typeof-symbol@7.29.7 OK for: @babel/preset-env@7.29.7 want: ^7.29.7
3881 silly placeDep ROOT @babel/plugin-transform-unicode-escapes@7.29.7 OK for: @babel/preset-env@7.29.7 want: ^7.29.7
3882 silly placeDep ROOT @babel/plugin-transform-unicode-property-regex@7.29.7 OK for: @babel/preset-env@7.29.7 want: ^7.29.7
3883 silly placeDep ROOT @babel/plugin-transform-unicode-regex@7.29.7 OK for: @babel/preset-env@7.29.7 want: ^7.29.7
3884 silly placeDep ROOT @babel/plugin-transform-unicode-sets-regex@7.29.7 OK for: @babel/preset-env@7.29.7 want: ^7.29.7
3885 silly placeDep ROOT @babel/preset-modules@0.1.6-no-external-plugins OK for: @babel/preset-env@7.29.7 want: 0.1.6-no-external-plugins
3886 silly placeDep ROOT babel-plugin-polyfill-corejs2@0.4.17 OK for: @babel/preset-env@7.29.7 want: ^0.4.15
3887 silly placeDep ROOT babel-plugin-polyfill-corejs3@0.14.2 OK for: @babel/preset-env@7.29.7 want: ^0.14.0
3888 silly placeDep ROOT babel-plugin-polyfill-regenerator@0.6.8 OK for: @babel/preset-env@7.29.7 want: ^0.6.6
3889 silly placeDep ROOT core-js-compat@3.49.0 OK for: @babel/preset-env@7.29.7 want: ^3.48.0
3890 silly fetch manifest @babel/helper-create-regexp-features-plugin@^7.18.6
3891 silly packumentCache full:https://registry.npmjs.org/@babel%2fhelper-create-regexp-features-plugin cache-miss
3892 silly fetch manifest @babel/helper-remap-async-to-generator@^7.29.7
3893 silly packumentCache full:https://registry.npmjs.org/@babel%2fhelper-remap-async-to-generator cache-miss
3894 silly fetch manifest @babel/helper-remap-async-to-generator@^7.29.7
3895 silly packumentCache full:https://registry.npmjs.org/@babel%2fhelper-remap-async-to-generator cache-miss
3896 silly fetch manifest @babel/helper-create-regexp-features-plugin@^7.29.7
3897 silly packumentCache full:https://registry.npmjs.org/@babel%2fhelper-create-regexp-features-plugin cache-miss
3898 silly fetch manifest @babel/helper-create-regexp-features-plugin@^7.29.7
3899 silly packumentCache full:https://registry.npmjs.org/@babel%2fhelper-create-regexp-features-plugin cache-miss
3900 silly fetch manifest @babel/helper-create-regexp-features-plugin@^7.29.7
3901 silly packumentCache full:https://registry.npmjs.org/@babel%2fhelper-create-regexp-features-plugin cache-miss
3902 silly fetch manifest @babel/helper-create-regexp-features-plugin@^7.29.7
3903 silly packumentCache full:https://registry.npmjs.org/@babel%2fhelper-create-regexp-features-plugin cache-miss
3904 http cache https://registry.npmjs.org/@babel%2fhelper-remap-async-to-generator 6ms (cache hit)
3905 silly packumentCache full:https://registry.npmjs.org/@babel%2fhelper-remap-async-to-generator set size:230688 disposed:false
3906 silly fetch manifest @babel/helper-create-regexp-features-plugin@^7.29.7
3907 silly packumentCache full:https://registry.npmjs.org/@babel%2fhelper-create-regexp-features-plugin cache-miss
3908 http cache https://registry.npmjs.org/@babel%2fhelper-create-regexp-features-plugin 9ms (cache hit)
3909 silly packumentCache full:https://registry.npmjs.org/@babel%2fhelper-create-regexp-features-plugin set size:189184 disposed:false
3910 silly fetch manifest @babel/helper-define-polyfill-provider@^0.6.8
3911 silly packumentCache full:https://registry.npmjs.org/@babel%2fhelper-define-polyfill-provider cache-miss
3912 http cache https://registry.npmjs.org/@babel%2fhelper-create-regexp-features-plugin 11ms (cache hit)
3913 silly packumentCache full:https://registry.npmjs.org/@babel%2fhelper-create-regexp-features-plugin set size:189184 disposed:false
3914 silly packumentCache full:https://registry.npmjs.org/@babel%2fhelper-create-regexp-features-plugin dispose
3915 silly fetch manifest @babel/helper-define-polyfill-provider@^0.6.8
3916 silly packumentCache full:https://registry.npmjs.org/@babel%2fhelper-define-polyfill-provider cache-miss
3917 http cache https://registry.npmjs.org/@babel%2fhelper-remap-async-to-generator 13ms (cache hit)
3918 silly packumentCache full:https://registry.npmjs.org/@babel%2fhelper-remap-async-to-generator set size:230688 disposed:false
3919 silly packumentCache full:https://registry.npmjs.org/@babel%2fhelper-remap-async-to-generator dispose
3920 silly fetch manifest @babel/helper-define-polyfill-provider@^0.6.8
3921 silly packumentCache full:https://registry.npmjs.org/@babel%2fhelper-define-polyfill-provider cache-miss
3922 http cache https://registry.npmjs.org/@babel%2fhelper-create-regexp-features-plugin 16ms (cache hit)
3923 silly packumentCache full:https://registry.npmjs.org/@babel%2fhelper-create-regexp-features-plugin set size:189184 disposed:true
3924 silly packumentCache full:https://registry.npmjs.org/@babel%2fhelper-create-regexp-features-plugin dispose
3925 http cache https://registry.npmjs.org/@babel%2fhelper-create-regexp-features-plugin 17ms (cache hit)
3926 silly packumentCache full:https://registry.npmjs.org/@babel%2fhelper-create-regexp-features-plugin set size:189184 disposed:true
3927 silly packumentCache full:https://registry.npmjs.org/@babel%2fhelper-create-regexp-features-plugin dispose
3928 http cache https://registry.npmjs.org/@babel%2fhelper-create-regexp-features-plugin 18ms (cache hit)
3929 silly packumentCache full:https://registry.npmjs.org/@babel%2fhelper-create-regexp-features-plugin set size:189184 disposed:true
3930 silly packumentCache full:https://registry.npmjs.org/@babel%2fhelper-create-regexp-features-plugin dispose
3931 http cache https://registry.npmjs.org/@babel%2fhelper-define-polyfill-provider 8ms (cache hit)
3932 silly packumentCache full:https://registry.npmjs.org/@babel%2fhelper-define-polyfill-provider set size:119317 disposed:false
3933 http cache https://registry.npmjs.org/@babel%2fhelper-create-regexp-features-plugin 16ms (cache hit)
3934 silly packumentCache full:https://registry.npmjs.org/@babel%2fhelper-create-regexp-features-plugin set size:189184 disposed:true
3935 silly packumentCache full:https://registry.npmjs.org/@babel%2fhelper-create-regexp-features-plugin dispose
3936 http cache https://registry.npmjs.org/@babel%2fhelper-define-polyfill-provider 13ms (cache hit)
3937 silly packumentCache full:https://registry.npmjs.org/@babel%2fhelper-define-polyfill-provider set size:119317 disposed:false
3938 silly packumentCache full:https://registry.npmjs.org/@babel%2fhelper-define-polyfill-provider dispose
3939 http cache https://registry.npmjs.org/@babel%2fhelper-define-polyfill-provider 17ms (cache hit)
3940 silly packumentCache full:https://registry.npmjs.org/@babel%2fhelper-define-polyfill-provider set size:119317 disposed:true
3941 silly packumentCache full:https://registry.npmjs.org/@babel%2fhelper-define-polyfill-provider dispose
3942 silly placeDep ROOT @babel/helper-create-regexp-features-plugin@7.29.7 OK for: @babel/plugin-syntax-unicode-sets-regex@7.18.6 want: ^7.18.6
3943 silly fetch manifest regexpu-core@^6.3.1
3944 silly packumentCache full:https://registry.npmjs.org/regexpu-core cache-miss
3945 http cache https://registry.npmjs.org/regexpu-core 2ms (cache hit)
3946 silly packumentCache full:https://registry.npmjs.org/regexpu-core set size:156240 disposed:false
3947 silly placeDep ROOT regexpu-core@6.4.0 OK for: @babel/helper-create-regexp-features-plugin@7.29.7 want: ^6.3.1
3948 silly fetch manifest regenerate@^1.4.2
3949 silly packumentCache full:https://registry.npmjs.org/regenerate cache-miss
3950 silly fetch manifest regenerate-unicode-properties@^10.2.2
3951 silly packumentCache full:https://registry.npmjs.org/regenerate-unicode-properties cache-miss
3952 silly fetch manifest regjsgen@^0.8.0
3953 silly packumentCache full:https://registry.npmjs.org/regjsgen cache-miss
3954 silly fetch manifest regjsparser@^0.13.0
3955 silly packumentCache full:https://registry.npmjs.org/regjsparser cache-miss
3956 silly fetch manifest unicode-match-property-ecmascript@^2.0.0
3957 silly packumentCache full:https://registry.npmjs.org/unicode-match-property-ecmascript cache-miss
3958 silly fetch manifest unicode-match-property-value-ecmascript@^2.2.1
3959 silly packumentCache full:https://registry.npmjs.org/unicode-match-property-value-ecmascript cache-miss
3960 http cache https://registry.npmjs.org/regjsgen 6ms (cache hit)
3961 silly packumentCache full:https://registry.npmjs.org/regjsgen set size:26409 disposed:false
3962 http cache https://registry.npmjs.org/regenerate 7ms (cache hit)
3963 silly packumentCache full:https://registry.npmjs.org/regenerate set size:56872 disposed:false
3964 http cache https://registry.npmjs.org/regenerate-unicode-properties 8ms (cache hit)
3965 silly packumentCache full:https://registry.npmjs.org/regenerate-unicode-properties set size:78166 disposed:false
3966 http cache https://registry.npmjs.org/unicode-match-property-ecmascript 9ms (cache hit)
3967 silly packumentCache full:https://registry.npmjs.org/unicode-match-property-ecmascript set size:16934 disposed:false
3968 http cache https://registry.npmjs.org/unicode-match-property-value-ecmascript 9ms (cache hit)
3969 silly packumentCache full:https://registry.npmjs.org/unicode-match-property-value-ecmascript set size:26439 disposed:false
3970 http cache https://registry.npmjs.org/regjsparser 10ms (cache hit)
3971 silly packumentCache full:https://registry.npmjs.org/regjsparser set size:85785 disposed:false
3972 silly placeDep ROOT @babel/helper-remap-async-to-generator@7.29.7 OK for: @babel/plugin-transform-async-generator-functions@7.29.7 want: ^7.29.7
3973 silly fetch manifest @babel/helper-wrap-function@^7.29.7
3974 silly packumentCache full:https://registry.npmjs.org/@babel%2fhelper-wrap-function cache-miss
3975 http cache https://registry.npmjs.org/@babel%2fhelper-wrap-function 2ms (cache hit)
3976 silly packumentCache full:https://registry.npmjs.org/@babel%2fhelper-wrap-function set size:224861 disposed:false
3977 silly placeDep ROOT @babel/helper-wrap-function@7.29.7 OK for: @babel/helper-remap-async-to-generator@7.29.7 want: ^7.29.7
3978 silly placeDep ROOT @babel/plugin-transform-react-display-name@7.29.7 OK for: @babel/preset-react@7.29.7 want: ^7.29.7
3979 silly placeDep ROOT @babel/plugin-transform-react-jsx@7.29.7 OK for: @babel/preset-react@7.29.7 want: ^7.29.7
3980 silly placeDep ROOT @babel/plugin-transform-react-jsx-development@7.29.7 OK for: @babel/preset-react@7.29.7 want: ^7.29.7
3981 silly placeDep ROOT @babel/plugin-transform-react-pure-annotations@7.29.7 OK for: @babel/preset-react@7.29.7 want: ^7.29.7
3982 silly fetch manifest @babel/plugin-syntax-jsx@^7.29.7
3983 silly packumentCache full:https://registry.npmjs.org/@babel%2fplugin-syntax-jsx cache-miss
3984 http cache https://registry.npmjs.org/@babel%2fplugin-syntax-jsx 2ms (cache hit)
3985 silly packumentCache full:https://registry.npmjs.org/@babel%2fplugin-syntax-jsx set size:194952 disposed:false
3986 silly placeDep ROOT @babel/plugin-syntax-jsx@7.29.7 OK for: @babel/plugin-transform-react-jsx@7.29.7 want: ^7.29.7
3987 silly placeDep ROOT @svgr/babel-preset@5.5.0 OK for: @svgr/plugin-jsx@5.5.0 want: ^5.5.0
3988 silly placeDep ROOT @svgr/hast-util-to-babel-ast@5.5.0 OK for: @svgr/plugin-jsx@5.5.0 want: ^5.5.0
3989 silly placeDep ROOT svg-parser@2.0.4 OK for: @svgr/plugin-jsx@5.5.0 want: ^2.0.2
3990 silly fetch manifest @svgr/babel-plugin-add-jsx-attribute@^5.4.0
3991 silly packumentCache full:https://registry.npmjs.org/@svgr%2fbabel-plugin-add-jsx-attribute cache-miss
3992 silly fetch manifest @svgr/babel-plugin-remove-jsx-attribute@^5.4.0
3993 silly packumentCache full:https://registry.npmjs.org/@svgr%2fbabel-plugin-remove-jsx-attribute cache-miss
3994 silly fetch manifest @svgr/babel-plugin-remove-jsx-empty-expression@^5.0.1
3995 silly packumentCache full:https://registry.npmjs.org/@svgr%2fbabel-plugin-remove-jsx-empty-expression cache-miss
3996 silly fetch manifest @svgr/babel-plugin-replace-jsx-attribute-value@^5.0.1
3997 silly packumentCache full:https://registry.npmjs.org/@svgr%2fbabel-plugin-replace-jsx-attribute-value cache-miss
3998 silly fetch manifest @svgr/babel-plugin-svg-dynamic-title@^5.4.0
3999 silly packumentCache full:https://registry.npmjs.org/@svgr%2fbabel-plugin-svg-dynamic-title cache-miss
4000 silly fetch manifest @svgr/babel-plugin-svg-em-dimensions@^5.4.0
4001 silly packumentCache full:https://registry.npmjs.org/@svgr%2fbabel-plugin-svg-em-dimensions cache-miss
4002 silly fetch manifest @svgr/babel-plugin-transform-react-native-svg@^5.4.0
4003 silly packumentCache full:https://registry.npmjs.org/@svgr%2fbabel-plugin-transform-react-native-svg cache-miss
4004 http cache https://registry.npmjs.org/@svgr%2fbabel-plugin-replace-jsx-attribute-value 4ms (cache hit)
4005 silly packumentCache full:https://registry.npmjs.org/@svgr%2fbabel-plugin-replace-jsx-attribute-value set size:33643 disposed:false
4006 silly fetch manifest @svgr/babel-plugin-transform-svg-component@^5.5.0
4007 silly packumentCache full:https://registry.npmjs.org/@svgr%2fbabel-plugin-transform-svg-component cache-miss
4008 http cache https://registry.npmjs.org/@svgr%2fbabel-plugin-add-jsx-attribute 5ms (cache hit)
4009 silly packumentCache full:https://registry.npmjs.org/@svgr%2fbabel-plugin-add-jsx-attribute set size:35625 disposed:false
4010 http cache https://registry.npmjs.org/@svgr%2fbabel-plugin-svg-dynamic-title 6ms (cache hit)
4011 silly packumentCache full:https://registry.npmjs.org/@svgr%2fbabel-plugin-svg-dynamic-title set size:43228 disposed:false
4012 http cache https://registry.npmjs.org/@svgr%2fbabel-plugin-remove-jsx-attribute 6ms (cache hit)
4013 silly packumentCache full:https://registry.npmjs.org/@svgr%2fbabel-plugin-remove-jsx-attribute set size:35046 disposed:false
4014 http cache https://registry.npmjs.org/@svgr%2fbabel-plugin-svg-em-dimensions 6ms (cache hit)
4015 silly packumentCache full:https://registry.npmjs.org/@svgr%2fbabel-plugin-svg-em-dimensions set size:37620 disposed:false
4016 http cache https://registry.npmjs.org/@svgr%2fbabel-plugin-transform-react-native-svg 7ms (cache hit)
4017 silly packumentCache full:https://registry.npmjs.org/@svgr%2fbabel-plugin-transform-react-native-svg set size:38224 disposed:false
4018 http cache https://registry.npmjs.org/@svgr%2fbabel-plugin-remove-jsx-empty-expression 8ms (cache hit)
4019 silly packumentCache full:https://registry.npmjs.org/@svgr%2fbabel-plugin-remove-jsx-empty-expression set size:30254 disposed:false
4020 http cache https://registry.npmjs.org/@svgr%2fbabel-plugin-transform-svg-component 5ms (cache hit)
4021 silly packumentCache full:https://registry.npmjs.org/@svgr%2fbabel-plugin-transform-svg-component set size:63723 disposed:false
4022 silly placeDep ROOT @svgr/babel-plugin-add-jsx-attribute@5.4.0 OK for: @svgr/babel-preset@5.5.0 want: ^5.4.0
4023 silly placeDep ROOT @svgr/babel-plugin-remove-jsx-attribute@5.4.0 OK for: @svgr/babel-preset@5.5.0 want: ^5.4.0
4024 silly placeDep ROOT @svgr/babel-plugin-remove-jsx-empty-expression@5.0.1 OK for: @svgr/babel-preset@5.5.0 want: ^5.0.1
4025 silly placeDep ROOT @svgr/babel-plugin-replace-jsx-attribute-value@5.0.1 OK for: @svgr/babel-preset@5.5.0 want: ^5.0.1
4026 silly placeDep ROOT @svgr/babel-plugin-svg-dynamic-title@5.4.0 OK for: @svgr/babel-preset@5.5.0 want: ^5.4.0
4027 silly placeDep ROOT @svgr/babel-plugin-svg-em-dimensions@5.4.0 OK for: @svgr/babel-preset@5.5.0 want: ^5.4.0
4028 silly placeDep ROOT @svgr/babel-plugin-transform-react-native-svg@5.4.0 OK for: @svgr/babel-preset@5.5.0 want: ^5.4.0
4029 silly placeDep ROOT @svgr/babel-plugin-transform-svg-component@5.5.0 OK for: @svgr/babel-preset@5.5.0 want: ^5.5.0
4030 silly placeDep ROOT deepmerge@4.3.1 OK for: @svgr/plugin-svgo@5.5.0 want: ^4.2.2
4031 silly placeDep ROOT svgo@1.3.2 OK for: @svgr/plugin-svgo@5.5.0 want: ^1.2.2
4032 silly fetch manifest coa@^2.0.2
4033 silly packumentCache full:https://registry.npmjs.org/coa cache-miss
4034 silly fetch manifest sax@~1.2.4
4035 silly packumentCache full:https://registry.npmjs.org/sax cache-miss
4036 silly fetch manifest csso@^4.0.2
4037 silly packumentCache full:https://registry.npmjs.org/csso cache-miss
4038 silly fetch manifest chalk@^2.4.1
4039 silly packumentCache full:https://registry.npmjs.org/chalk cache-hit
4040 silly fetch manifest mkdirp@~0.5.1
4041 silly packumentCache full:https://registry.npmjs.org/mkdirp cache-miss
4042 silly fetch manifest stable@^0.1.8
4043 silly packumentCache full:https://registry.npmjs.org/stable cache-miss
4044 silly fetch manifest js-yaml@^3.13.1
4045 silly packumentCache full:https://registry.npmjs.org/js-yaml cache-hit
4046 silly fetch manifest unquote@~1.1.1
4047 silly packumentCache full:https://registry.npmjs.org/unquote cache-miss
4048 silly fetch manifest css-tree@1.0.0-alpha.37
4049 silly packumentCache full:https://registry.npmjs.org/css-tree cache-miss
4050 http cache https://registry.npmjs.org/mkdirp 7ms (cache hit)
4051 silly packumentCache full:https://registry.npmjs.org/mkdirp set size:116431 disposed:false
4052 silly fetch manifest css-select@^2.0.0
4053 silly packumentCache full:https://registry.npmjs.org/css-select cache-miss
4054 http cache https://registry.npmjs.org/stable 8ms (cache hit)
4055 silly packumentCache full:https://registry.npmjs.org/stable set size:19897 disposed:false
4056 silly fetch manifest util.promisify@~1.0.0
4057 silly packumentCache full:https://registry.npmjs.org/util.promisify cache-miss
4058 http cache https://registry.npmjs.org/coa 10ms (cache hit)
4059 silly packumentCache full:https://registry.npmjs.org/coa set size:43169 disposed:false
4060 silly fetch manifest css-select-base-adapter@^0.1.1
4061 silly packumentCache full:https://registry.npmjs.org/css-select-base-adapter cache-miss
4062 http cache https://registry.npmjs.org/sax 11ms (cache hit)
4063 silly packumentCache full:https://registry.npmjs.org/sax set size:91199 disposed:false
4064 http cache https://registry.npmjs.org/unquote 10ms (cache hit)
4065 silly packumentCache full:https://registry.npmjs.org/unquote set size:5131 disposed:false
4066 http cache https://registry.npmjs.org/css-tree 11ms (cache hit)
4067 silly packumentCache full:https://registry.npmjs.org/css-tree set size:229638 disposed:false
4068 http cache https://registry.npmjs.org/csso 16ms (cache hit)
4069 silly packumentCache full:https://registry.npmjs.org/csso set size:202215 disposed:false
4070 http cache https://registry.npmjs.org/util.promisify 12ms (cache hit)
4071 silly packumentCache full:https://registry.npmjs.org/util.promisify set size:19966 disposed:false
4072 http cache https://registry.npmjs.org/css-select 13ms (cache hit)
4073 silly packumentCache full:https://registry.npmjs.org/css-select set size:111202 disposed:false
4074 http cache https://registry.npmjs.org/css-select-base-adapter 14ms (cache hit)
4075 silly packumentCache full:https://registry.npmjs.org/css-select-base-adapter set size:7326 disposed:false
4076 silly placeDep ROOT @jest/transform@27.5.1 OK for: babel-jest@27.5.1 want: ^27.5.1
4077 silly placeDep ROOT @jest/types@27.5.1 OK for: babel-jest@27.5.1 want: ^27.5.1
4078 silly placeDep ROOT @types/babel__core@7.20.5 OK for: babel-jest@27.5.1 want: ^7.1.14
4079 silly placeDep ROOT babel-plugin-istanbul@6.1.1 OK for: babel-jest@27.5.1 want: ^6.1.1
4080 silly placeDep ROOT babel-preset-jest@27.5.1 OK for: babel-jest@27.5.1 want: ^27.5.1
4081 silly placeDep ROOT graceful-fs@4.2.11 OK for: babel-jest@27.5.1 want: ^4.2.9
4082 silly placeDep ROOT slash@3.0.0 OK for: babel-jest@27.5.1 want: ^3.0.0
4083 silly fetch manifest pirates@^4.0.4
4084 silly packumentCache full:https://registry.npmjs.org/pirates cache-miss
4085 silly fetch manifest micromatch@^4.0.4
4086 silly packumentCache full:https://registry.npmjs.org/micromatch cache-hit
4087 silly fetch manifest jest-regex-util@^27.5.1
4088 silly packumentCache full:https://registry.npmjs.org/jest-regex-util cache-hit
4089 silly fetch manifest write-file-atomic@^3.0.0
4090 silly packumentCache full:https://registry.npmjs.org/write-file-atomic cache-miss
4091 silly fetch manifest convert-source-map@^1.4.0
4092 silly packumentCache full:https://registry.npmjs.org/convert-source-map cache-hit
4093 silly fetch manifest @types/node@*
4094 silly packumentCache full:https://registry.npmjs.org/@types%2fnode cache-miss
4095 silly fetch manifest @types/yargs@^16.0.0
4096 silly packumentCache full:https://registry.npmjs.org/@types%2fyargs cache-miss
4097 silly fetch manifest @types/istanbul-reports@^3.0.0
4098 silly packumentCache full:https://registry.npmjs.org/@types%2fistanbul-reports cache-miss
4099 silly fetch manifest @types/istanbul-lib-coverage@^2.0.0
4100 silly packumentCache full:https://registry.npmjs.org/@types%2fistanbul-lib-coverage cache-miss
4101 silly fetch manifest @types/babel__template@*
4102 silly packumentCache full:https://registry.npmjs.org/@types%2fbabel__template cache-miss
4103 http cache https://registry.npmjs.org/@types%2fistanbul-reports 5ms (cache hit)
4104 silly packumentCache full:https://registry.npmjs.org/@types%2fistanbul-reports set size:17607 disposed:false
4105 silly fetch manifest @types/babel__traverse@*
4106 silly packumentCache full:https://registry.npmjs.org/@types%2fbabel__traverse cache-miss
4107 http cache https://registry.npmjs.org/@types%2fyargs 7ms (cache hit)
4108 silly packumentCache full:https://registry.npmjs.org/@types%2fyargs set size:390540 disposed:false
4109 silly fetch manifest @types/babel__generator@*
4110 silly packumentCache full:https://registry.npmjs.org/@types%2fbabel__generator cache-miss
4111 http cache https://registry.npmjs.org/write-file-atomic 12ms (cache hit)
4112 silly packumentCache full:https://registry.npmjs.org/write-file-atomic set size:82777 disposed:false
4113 silly fetch manifest test-exclude@^6.0.0
4114 silly packumentCache full:https://registry.npmjs.org/test-exclude cache-miss
4115 http cache https://registry.npmjs.org/pirates 14ms (cache hit)
4116 silly packumentCache full:https://registry.npmjs.org/pirates set size:51327 disposed:false
4117 silly fetch manifest @istanbuljs/schema@^0.1.2
4118 silly packumentCache full:https://registry.npmjs.org/@istanbuljs%2fschema cache-miss
4119 http cache https://registry.npmjs.org/@types%2fistanbul-lib-coverage 13ms (cache hit)
4120 silly packumentCache full:https://registry.npmjs.org/@types%2fistanbul-lib-coverage set size:18110 disposed:false
4121 silly fetch manifest istanbul-lib-instrument@^5.0.4
4122 silly packumentCache full:https://registry.npmjs.org/istanbul-lib-instrument cache-miss
4123 http cache https://registry.npmjs.org/@types%2fnode 28ms (cache hit)
4124 silly packumentCache full:https://registry.npmjs.org/@types%2fnode set size:11062724 disposed:false
4125 silly fetch manifest @istanbuljs/load-nyc-config@^1.0.0
4126 silly packumentCache full:https://registry.npmjs.org/@istanbuljs%2fload-nyc-config cache-miss
4127 http cache https://registry.npmjs.org/@types%2fbabel__template 114ms (cache hit)
4128 silly packumentCache full:https://registry.npmjs.org/@types%2fbabel__template set size:22631 disposed:false
4129 silly fetch manifest babel-plugin-jest-hoist@^27.5.1
4130 silly packumentCache full:https://registry.npmjs.org/babel-plugin-jest-hoist cache-miss
4131 http cache https://registry.npmjs.org/@types%2fbabel__generator 113ms (cache hit)
4132 silly packumentCache full:https://registry.npmjs.org/@types%2fbabel__generator set size:31587 disposed:false
4133 silly fetch manifest babel-preset-current-node-syntax@^1.0.0
4134 silly packumentCache full:https://registry.npmjs.org/babel-preset-current-node-syntax cache-miss
4135 http cache https://registry.npmjs.org/@types%2fbabel__traverse 120ms (cache hit)
4136 silly packumentCache full:https://registry.npmjs.org/@types%2fbabel__traverse set size:107819 disposed:false
4137 http cache https://registry.npmjs.org/@istanbuljs%2fload-nyc-config 12ms (cache hit)
4138 silly packumentCache full:https://registry.npmjs.org/@istanbuljs%2fload-nyc-config set size:17425 disposed:false
4139 http cache https://registry.npmjs.org/@istanbuljs%2fschema 116ms (cache hit)
4140 silly packumentCache full:https://registry.npmjs.org/@istanbuljs%2fschema set size:16895 disposed:false
4141 http cache https://registry.npmjs.org/test-exclude 118ms (cache hit)
4142 silly packumentCache full:https://registry.npmjs.org/test-exclude set size:89897 disposed:false
4143 http cache https://registry.npmjs.org/istanbul-lib-instrument 119ms (cache hit)
4144 silly packumentCache full:https://registry.npmjs.org/istanbul-lib-instrument set size:219175 disposed:false
4145 http cache https://registry.npmjs.org/babel-plugin-jest-hoist 20ms (cache hit)
4146 silly packumentCache full:https://registry.npmjs.org/babel-plugin-jest-hoist set size:465804 disposed:false
4147 http cache https://registry.npmjs.org/babel-preset-current-node-syntax 18ms (cache hit)
4148 silly packumentCache full:https://registry.npmjs.org/babel-preset-current-node-syntax set size:33355 disposed:false
4149 silly placeDep node_modules/@jest/transform convert-source-map@1.9.0 OK for: @jest/transform@27.5.1 want: ^1.4.0
4150 silly placeDep ROOT jest-haste-map@27.5.1 OK for: @jest/transform@27.5.1 want: ^27.5.1
4151 silly placeDep ROOT jest-regex-util@27.5.1 OK for: @jest/transform@27.5.1 want: ^27.5.1
4152 silly placeDep ROOT jest-util@27.5.1 OK for: @jest/transform@27.5.1 want: ^27.5.1
4153 silly placeDep ROOT micromatch@4.0.8 OK for: @jest/transform@27.5.1 want: ^4.0.4
4154 silly placeDep ROOT pirates@4.0.7 OK for: @jest/transform@27.5.1 want: ^4.0.4
4155 silly placeDep node_modules/@jest/transform source-map@0.6.1 OK for: @jest/transform@27.5.1 want: ^0.6.1
4156 silly placeDep ROOT write-file-atomic@3.0.3 OK for: @jest/transform@27.5.1 want: ^3.0.0
4157 silly fetch manifest walker@^1.0.7
4158 silly packumentCache full:https://registry.npmjs.org/walker cache-miss
4159 silly fetch manifest anymatch@^3.0.3
4160 silly packumentCache full:https://registry.npmjs.org/anymatch cache-miss
4161 silly fetch manifest fb-watchman@^2.0.0
4162 silly packumentCache full:https://registry.npmjs.org/fb-watchman cache-miss
4163 silly fetch manifest jest-worker@^27.5.1
4164 silly packumentCache full:https://registry.npmjs.org/jest-worker cache-hit
4165 silly fetch manifest jest-serializer@^27.5.1
4166 silly packumentCache full:https://registry.npmjs.org/jest-serializer cache-miss
4167 silly fetch manifest @types/graceful-fs@^4.1.2
4168 silly packumentCache full:https://registry.npmjs.org/@types%2fgraceful-fs cache-miss
4169 silly fetch manifest ci-info@^3.2.0
4170 silly packumentCache full:https://registry.npmjs.org/ci-info cache-miss
4171 silly fetch manifest picomatch@^2.2.3
4172 silly packumentCache full:https://registry.npmjs.org/picomatch cache-miss
4173 http cache https://registry.npmjs.org/fb-watchman 8ms (cache hit)
4174 silly packumentCache full:https://registry.npmjs.org/fb-watchman set size:28064 disposed:false
4175 silly fetch manifest braces@^3.0.3
4176 silly packumentCache full:https://registry.npmjs.org/braces cache-miss
4177 http cache https://registry.npmjs.org/walker 12ms (cache hit)
4178 silly packumentCache full:https://registry.npmjs.org/walker set size:16077 disposed:false
4179 silly fetch manifest picomatch@^2.3.1
4180 silly packumentCache full:https://registry.npmjs.org/picomatch cache-miss
4181 http cache https://registry.npmjs.org/anymatch 14ms (cache hit)
4182 silly packumentCache full:https://registry.npmjs.org/anymatch set size:42974 disposed:false
4183 silly fetch manifest signal-exit@^3.0.2
4184 silly packumentCache full:https://registry.npmjs.org/signal-exit cache-miss
4185 http cache https://registry.npmjs.org/jest-serializer 13ms (cache hit)
4186 silly packumentCache full:https://registry.npmjs.org/jest-serializer set size:225850 disposed:false
4187 silly fetch manifest is-typedarray@^1.0.0
4188 silly packumentCache full:https://registry.npmjs.org/is-typedarray cache-miss
4189 http cache https://registry.npmjs.org/ci-info 16ms (cache hit)
4190 silly packumentCache full:https://registry.npmjs.org/ci-info set size:91363 disposed:false
4191 silly fetch manifest typedarray-to-buffer@^3.1.5
4192 silly packumentCache full:https://registry.npmjs.org/typedarray-to-buffer cache-miss
4193 http cache https://registry.npmjs.org/@types%2fgraceful-fs 19ms (cache hit)
4194 silly packumentCache full:https://registry.npmjs.org/@types%2fgraceful-fs set size:38755 disposed:false
4195 http cache https://registry.npmjs.org/picomatch 20ms (cache hit)
4196 silly packumentCache full:https://registry.npmjs.org/picomatch set size:126376 disposed:false
4197 http cache https://registry.npmjs.org/braces 20ms (cache hit)
4198 silly packumentCache full:https://registry.npmjs.org/braces set size:114529 disposed:false
4199 http cache https://registry.npmjs.org/picomatch 20ms (cache hit)
4200 silly packumentCache full:https://registry.npmjs.org/picomatch set size:126376 disposed:false
4201 silly packumentCache full:https://registry.npmjs.org/picomatch dispose
4202 http cache https://registry.npmjs.org/is-typedarray 16ms (cache hit)
4203 silly packumentCache full:https://registry.npmjs.org/is-typedarray set size:3992 disposed:false
4204 http cache https://registry.npmjs.org/signal-exit 21ms (cache hit)
4205 silly packumentCache full:https://registry.npmjs.org/signal-exit set size:53489 disposed:false
4206 http cache https://registry.npmjs.org/typedarray-to-buffer 16ms (cache hit)
4207 silly packumentCache full:https://registry.npmjs.org/typedarray-to-buffer set size:38803 disposed:false
4208 silly placeDep ROOT @types/istanbul-lib-coverage@2.0.6 OK for: @jest/types@27.5.1 want: ^2.0.0
4209 silly placeDep ROOT @types/istanbul-reports@3.0.4 OK for: @jest/types@27.5.1 want: ^3.0.0
4210 silly placeDep ROOT @types/node@26.0.1 OK for: @jest/types@27.5.1 want: *
4211 silly placeDep ROOT @types/yargs@16.0.11 OK for: @jest/types@27.5.1 want: ^16.0.0
4212 silly fetch manifest @types/istanbul-lib-report@*
4213 silly packumentCache full:https://registry.npmjs.org/@types%2fistanbul-lib-report cache-miss
4214 silly fetch manifest undici-types@~8.3.0
4215 silly packumentCache full:https://registry.npmjs.org/undici-types cache-miss
4216 silly fetch manifest @types/yargs-parser@*
4217 silly packumentCache full:https://registry.npmjs.org/@types%2fyargs-parser cache-miss
4218 http cache https://registry.npmjs.org/@types%2fistanbul-lib-report 4ms (cache hit)
4219 silly packumentCache full:https://registry.npmjs.org/@types%2fistanbul-lib-report set size:12674 disposed:false
4220 http cache https://registry.npmjs.org/undici-types 5ms (cache hit)
4221 silly packumentCache full:https://registry.npmjs.org/undici-types set size:234918 disposed:false
4222 http cache https://registry.npmjs.org/@types%2fyargs-parser 9ms (cache hit)
4223 silly packumentCache full:https://registry.npmjs.org/@types%2fyargs-parser set size:42751 disposed:false
4224 silly placeDep ROOT @types/babel__generator@7.27.0 OK for: @types/babel__core@7.20.5 want: *
4225 silly placeDep ROOT @types/babel__template@7.4.4 OK for: @types/babel__core@7.20.5 want: *
4226 silly placeDep ROOT @types/babel__traverse@7.28.0 OK for: @types/babel__core@7.20.5 want: *
4227 silly placeDep ROOT @types/istanbul-lib-report@3.0.3 OK for: @types/istanbul-reports@3.0.4 want: *
4228 silly placeDep ROOT undici-types@8.3.0 OK for: @types/node@26.0.1 want: ~8.3.0
4229 silly placeDep ROOT @types/yargs-parser@21.0.3 OK for: @types/yargs@16.0.11 want: *
4230 silly placeDep ROOT find-cache-dir@3.3.2 OK for: babel-loader@8.4.1 want: ^3.3.1
4231 silly placeDep ROOT make-dir@3.1.0 OK for: babel-loader@8.4.1 want: ^3.1.0
4232 silly placeDep node_modules/babel-loader schema-utils@2.7.1 OK for: babel-loader@8.4.1 want: ^2.6.5
4233 silly fetch manifest pkg-dir@^4.1.0
4234 silly packumentCache full:https://registry.npmjs.org/pkg-dir cache-miss
4235 silly fetch manifest make-dir@^3.0.2
4236 silly packumentCache full:https://registry.npmjs.org/make-dir cache-hit
4237 silly fetch manifest commondir@^1.0.1
4238 silly packumentCache full:https://registry.npmjs.org/commondir cache-miss
4239 silly fetch manifest ajv-keywords@^3.5.2
4240 silly packumentCache full:https://registry.npmjs.org/ajv-keywords cache-hit
4241 http cache https://registry.npmjs.org/pkg-dir 5ms (cache hit)
4242 silly packumentCache full:https://registry.npmjs.org/pkg-dir set size:30166 disposed:false
4243 http cache https://registry.npmjs.org/commondir 6ms (cache hit)
4244 silly packumentCache full:https://registry.npmjs.org/commondir set size:8375 disposed:false
4245 silly placeDep ROOT @istanbuljs/load-nyc-config@1.1.0 OK for: babel-plugin-istanbul@6.1.1 want: ^1.0.0
4246 silly placeDep ROOT @istanbuljs/schema@0.1.6 OK for: babel-plugin-istanbul@6.1.1 want: ^0.1.2
4247 silly placeDep ROOT istanbul-lib-instrument@5.2.1 OK for: babel-plugin-istanbul@6.1.1 want: ^5.0.4
4248 silly placeDep ROOT test-exclude@6.0.0 OK for: babel-plugin-istanbul@6.1.1 want: ^6.0.0
4249 silly fetch manifest camelcase@^5.3.1
4250 silly packumentCache full:https://registry.npmjs.org/camelcase cache-hit
4251 silly fetch manifest find-up@^4.1.0
4252 silly packumentCache full:https://registry.npmjs.org/find-up cache-hit
4253 silly fetch manifest get-package-type@^0.1.0
4254 silly packumentCache full:https://registry.npmjs.org/get-package-type cache-miss
4255 silly fetch manifest resolve-from@^5.0.0
4256 silly packumentCache full:https://registry.npmjs.org/resolve-from cache-hit
4257 silly fetch manifest istanbul-lib-coverage@^3.2.0
4258 silly packumentCache full:https://registry.npmjs.org/istanbul-lib-coverage cache-miss
4259 silly fetch manifest glob@^7.1.4
4260 silly packumentCache full:https://registry.npmjs.org/glob cache-miss
4261 http cache https://registry.npmjs.org/get-package-type 7ms (cache hit)
4262 silly packumentCache full:https://registry.npmjs.org/get-package-type set size:4414 disposed:false
4263 http cache https://registry.npmjs.org/istanbul-lib-coverage 8ms (cache hit)
4264 silly packumentCache full:https://registry.npmjs.org/istanbul-lib-coverage set size:75651 disposed:false
4265 http cache https://registry.npmjs.org/glob 10ms (cache hit)
4266 silly packumentCache full:https://registry.npmjs.org/glob set size:469465 disposed:false
4267 silly placeDep node_modules/@istanbuljs/load-nyc-config camelcase@5.3.1 OK for: @istanbuljs/load-nyc-config@1.1.0 want: ^5.3.1
4268 silly placeDep node_modules/@istanbuljs/load-nyc-config find-up@4.1.0 OK for: @istanbuljs/load-nyc-config@1.1.0 want: ^4.1.0
4269 silly placeDep ROOT get-package-type@0.1.0 OK for: @istanbuljs/load-nyc-config@1.1.0 want: ^0.1.0
4270 silly placeDep node_modules/@istanbuljs/load-nyc-config js-yaml@3.14.2 OK for: @istanbuljs/load-nyc-config@1.1.0 want: ^3.13.1
4271 silly placeDep node_modules/@istanbuljs/load-nyc-config resolve-from@5.0.0 OK for: @istanbuljs/load-nyc-config@1.1.0 want: ^5.0.0
4272 silly fetch manifest locate-path@^5.0.0
4273 silly packumentCache full:https://registry.npmjs.org/locate-path cache-hit
4274 silly fetch manifest esprima@^4.0.0
4275 silly packumentCache full:https://registry.npmjs.org/esprima cache-miss
4276 silly fetch manifest argparse@^1.0.7
4277 silly packumentCache full:https://registry.npmjs.org/argparse cache-hit
4278 http cache https://registry.npmjs.org/esprima 3ms (cache hit)
4279 silly packumentCache full:https://registry.npmjs.org/esprima set size:118410 disposed:false
4280 silly placeDep ROOT @babel/helper-define-polyfill-provider@0.6.8 OK for: babel-plugin-polyfill-corejs2@0.4.17 want: ^0.6.8
4281 silly fetch manifest resolve@^1.22.11
4282 silly packumentCache full:https://registry.npmjs.org/resolve cache-hit
4283 silly fetch manifest lodash.debounce@^4.0.8
4284 silly packumentCache full:https://registry.npmjs.org/lodash.debounce cache-miss
4285 http cache https://registry.npmjs.org/lodash.debounce 2ms (cache hit)
4286 silly packumentCache full:https://registry.npmjs.org/lodash.debounce set size:44123 disposed:false
4287 silly placeDep ROOT lodash.debounce@4.0.8 OK for: @babel/helper-define-polyfill-provider@0.6.8 want: ^4.0.8
4288 silly placeDep node_modules/@babel/helper-define-polyfill-provider resolve@1.22.12 OK for: @babel/helper-define-polyfill-provider@0.6.8 want: ^1.22.11
4289 silly placeDep ROOT babel-plugin-jest-hoist@27.5.1 OK for: babel-preset-jest@27.5.1 want: ^27.5.1
4290 silly placeDep ROOT babel-preset-current-node-syntax@1.2.0 OK for: babel-preset-jest@27.5.1 want: ^1.0.0
4291 silly fetch manifest @babel/plugin-syntax-async-generators@^7.8.4
4292 silly packumentCache full:https://registry.npmjs.org/@babel%2fplugin-syntax-async-generators cache-miss
4293 silly fetch manifest @babel/plugin-syntax-bigint@^7.8.3
4294 silly packumentCache full:https://registry.npmjs.org/@babel%2fplugin-syntax-bigint cache-miss
4295 silly fetch manifest @babel/plugin-syntax-class-properties@^7.12.13
4296 silly packumentCache full:https://registry.npmjs.org/@babel%2fplugin-syntax-class-properties cache-miss
4297 silly fetch manifest @babel/plugin-syntax-class-static-block@^7.14.5
4298 silly packumentCache full:https://registry.npmjs.org/@babel%2fplugin-syntax-class-static-block cache-miss
4299 silly fetch manifest @babel/plugin-syntax-import-meta@^7.10.4
4300 silly packumentCache full:https://registry.npmjs.org/@babel%2fplugin-syntax-import-meta cache-miss
4301 silly fetch manifest @babel/plugin-syntax-json-strings@^7.8.3
4302 silly packumentCache full:https://registry.npmjs.org/@babel%2fplugin-syntax-json-strings cache-miss
4303 silly fetch manifest @babel/plugin-syntax-logical-assignment-operators@^7.10.4
4304 silly packumentCache full:https://registry.npmjs.org/@babel%2fplugin-syntax-logical-assignment-operators cache-miss
4305 http cache https://registry.npmjs.org/@babel%2fplugin-syntax-bigint 7ms (cache hit)
4306 silly packumentCache full:https://registry.npmjs.org/@babel%2fplugin-syntax-bigint set size:55302 disposed:false
4307 silly fetch manifest @babel/plugin-syntax-nullish-coalescing-operator@^7.8.3
4308 silly packumentCache full:https://registry.npmjs.org/@babel%2fplugin-syntax-nullish-coalescing-operator cache-miss
4309 http cache https://registry.npmjs.org/@babel%2fplugin-syntax-import-meta 7ms (cache hit)
4310 silly packumentCache full:https://registry.npmjs.org/@babel%2fplugin-syntax-import-meta set size:76236 disposed:false
4311 silly fetch manifest @babel/plugin-syntax-numeric-separator@^7.10.4
4312 silly packumentCache full:https://registry.npmjs.org/@babel%2fplugin-syntax-numeric-separator cache-miss
4313 http cache https://registry.npmjs.org/@babel%2fplugin-syntax-class-static-block 10ms (cache hit)
4314 silly packumentCache full:https://registry.npmjs.org/@babel%2fplugin-syntax-class-static-block set size:11519 disposed:false
4315 silly fetch manifest @babel/plugin-syntax-object-rest-spread@^7.8.3
4316 silly packumentCache full:https://registry.npmjs.org/@babel%2fplugin-syntax-object-rest-spread cache-miss
4317 http cache https://registry.npmjs.org/@babel%2fplugin-syntax-class-properties 11ms (cache hit)
4318 silly packumentCache full:https://registry.npmjs.org/@babel%2fplugin-syntax-class-properties set size:92860 disposed:false
4319 silly fetch manifest @babel/plugin-syntax-optional-catch-binding@^7.8.3
4320 silly packumentCache full:https://registry.npmjs.org/@babel%2fplugin-syntax-optional-catch-binding cache-miss
4321 http cache https://registry.npmjs.org/@babel%2fplugin-syntax-async-generators 13ms (cache hit)
4322 silly packumentCache full:https://registry.npmjs.org/@babel%2fplugin-syntax-async-generators set size:82646 disposed:false
4323 silly fetch manifest @babel/plugin-syntax-optional-chaining@^7.8.3
4324 silly packumentCache full:https://registry.npmjs.org/@babel%2fplugin-syntax-optional-chaining cache-miss
4325 http cache https://registry.npmjs.org/@babel%2fplugin-syntax-json-strings 13ms (cache hit)
4326 silly packumentCache full:https://registry.npmjs.org/@babel%2fplugin-syntax-json-strings set size:50036 disposed:false
4327 silly fetch manifest @babel/plugin-syntax-top-level-await@^7.14.5
4328 silly packumentCache full:https://registry.npmjs.org/@babel%2fplugin-syntax-top-level-await cache-miss
4329 http cache https://registry.npmjs.org/@babel%2fplugin-syntax-logical-assignment-operators 14ms (cache hit)
4330 silly packumentCache full:https://registry.npmjs.org/@babel%2fplugin-syntax-logical-assignment-operators set size:72392 disposed:false
4331 http cache https://registry.npmjs.org/@babel%2fplugin-syntax-numeric-separator 10ms (cache hit)
4332 silly packumentCache full:https://registry.npmjs.org/@babel%2fplugin-syntax-numeric-separator set size:91054 disposed:false
4333 http cache https://registry.npmjs.org/@babel%2fplugin-syntax-optional-catch-binding 7ms (cache hit)
4334 silly packumentCache full:https://registry.npmjs.org/@babel%2fplugin-syntax-optional-catch-binding set size:83975 disposed:false
4335 http cache https://registry.npmjs.org/@babel%2fplugin-syntax-object-rest-spread 9ms (cache hit)
4336 silly packumentCache full:https://registry.npmjs.org/@babel%2fplugin-syntax-object-rest-spread set size:82808 disposed:false
4337 http cache https://registry.npmjs.org/@babel%2fplugin-syntax-nullish-coalescing-operator 13ms (cache hit)
4338 silly packumentCache full:https://registry.npmjs.org/@babel%2fplugin-syntax-nullish-coalescing-operator set size:85378 disposed:false
4339 http cache https://registry.npmjs.org/@babel%2fplugin-syntax-top-level-await 7ms (cache hit)
4340 silly packumentCache full:https://registry.npmjs.org/@babel%2fplugin-syntax-top-level-await set size:25370 disposed:false
4341 http cache https://registry.npmjs.org/@babel%2fplugin-syntax-optional-chaining 8ms (cache hit)
4342 silly packumentCache full:https://registry.npmjs.org/@babel%2fplugin-syntax-optional-chaining set size:82606 disposed:false
4343 silly placeDep ROOT @babel/plugin-syntax-async-generators@7.8.4 OK for: babel-preset-current-node-syntax@1.2.0 want: ^7.8.4
4344 silly placeDep ROOT @babel/plugin-syntax-bigint@7.8.3 OK for: babel-preset-current-node-syntax@1.2.0 want: ^7.8.3
4345 silly placeDep ROOT @babel/plugin-syntax-class-properties@7.12.13 OK for: babel-preset-current-node-syntax@1.2.0 want: ^7.12.13
4346 silly placeDep ROOT @babel/plugin-syntax-class-static-block@7.14.5 OK for: babel-preset-current-node-syntax@1.2.0 want: ^7.14.5
4347 silly placeDep ROOT @babel/plugin-syntax-import-meta@7.10.4 OK for: babel-preset-current-node-syntax@1.2.0 want: ^7.10.4
4348 silly placeDep ROOT @babel/plugin-syntax-json-strings@7.8.3 OK for: babel-preset-current-node-syntax@1.2.0 want: ^7.8.3
4349 silly placeDep ROOT @babel/plugin-syntax-logical-assignment-operators@7.10.4 OK for: babel-preset-current-node-syntax@1.2.0 want: ^7.10.4
4350 silly placeDep ROOT @babel/plugin-syntax-nullish-coalescing-operator@7.8.3 OK for: babel-preset-current-node-syntax@1.2.0 want: ^7.8.3
4351 silly placeDep ROOT @babel/plugin-syntax-numeric-separator@7.10.4 OK for: babel-preset-current-node-syntax@1.2.0 want: ^7.10.4
4352 silly placeDep ROOT @babel/plugin-syntax-object-rest-spread@7.8.3 OK for: babel-preset-current-node-syntax@1.2.0 want: ^7.8.3
4353 silly placeDep ROOT @babel/plugin-syntax-optional-catch-binding@7.8.3 OK for: babel-preset-current-node-syntax@1.2.0 want: ^7.8.3
4354 silly placeDep ROOT @babel/plugin-syntax-optional-chaining@7.8.3 OK for: babel-preset-current-node-syntax@1.2.0 want: ^7.8.3
4355 silly placeDep ROOT @babel/plugin-syntax-top-level-await@7.14.5 OK for: babel-preset-current-node-syntax@1.2.0 want: ^7.14.5
4356 silly placeDep ROOT @babel/plugin-proposal-class-properties@7.18.6 OK for: babel-preset-react-app@10.1.0 want: ^7.16.0
4357 silly placeDep ROOT @babel/plugin-proposal-decorators@7.29.7 OK for: babel-preset-react-app@10.1.0 want: ^7.16.4
4358 silly placeDep ROOT @babel/plugin-proposal-nullish-coalescing-operator@7.18.6 OK for: babel-preset-react-app@10.1.0 want: ^7.16.0
4359 silly placeDep ROOT @babel/plugin-proposal-numeric-separator@7.18.6 OK for: babel-preset-react-app@10.1.0 want: ^7.16.0
4360 silly placeDep ROOT @babel/plugin-proposal-optional-chaining@7.21.0 OK for: babel-preset-react-app@10.1.0 want: ^7.16.0
4361 silly placeDep ROOT @babel/plugin-proposal-private-methods@7.18.6 OK for: babel-preset-react-app@10.1.0 want: ^7.16.0
4362 silly placeDep ROOT @babel/plugin-transform-flow-strip-types@7.29.7 OK for: babel-preset-react-app@10.1.0 want: ^7.16.0
4363 silly placeDep ROOT @babel/plugin-transform-runtime@7.29.7 OK for: babel-preset-react-app@10.1.0 want: ^7.16.4
4364 silly placeDep ROOT @babel/preset-typescript@7.29.7 OK for: babel-preset-react-app@10.1.0 want: ^7.16.0
4365 silly placeDep ROOT @babel/runtime@7.29.7 OK for: babel-preset-react-app@10.1.0 want: ^7.16.3
4366 silly placeDep ROOT babel-plugin-macros@3.1.0 OK for: babel-preset-react-app@10.1.0 want: ^3.1.0
4367 silly placeDep ROOT babel-plugin-transform-react-remove-prop-types@0.4.24 OK for: babel-preset-react-app@10.1.0 want: ^0.4.24
4368 silly fetch manifest @babel/plugin-syntax-decorators@^7.29.7
4369 silly packumentCache full:https://registry.npmjs.org/@babel%2fplugin-syntax-decorators cache-miss
4370 silly fetch manifest @babel/plugin-syntax-flow@^7.29.7
4371 silly packumentCache full:https://registry.npmjs.org/@babel%2fplugin-syntax-flow cache-miss
4372 silly fetch manifest babel-plugin-polyfill-corejs3@^0.13.0
4373 silly packumentCache full:https://registry.npmjs.org/babel-plugin-polyfill-corejs3 cache-hit
4374 silly fetch manifest @babel/plugin-transform-typescript@^7.29.7
4375 silly packumentCache full:https://registry.npmjs.org/@babel%2fplugin-transform-typescript cache-miss
4376 silly fetch manifest resolve@^1.19.0
4377 silly packumentCache full:https://registry.npmjs.org/resolve cache-hit
4378 http cache https://registry.npmjs.org/@babel%2fplugin-syntax-flow 4ms (cache hit)
4379 silly packumentCache full:https://registry.npmjs.org/@babel%2fplugin-syntax-flow set size:201006 disposed:false
4380 http cache https://registry.npmjs.org/@babel%2fplugin-syntax-decorators 6ms (cache hit)
4381 silly packumentCache full:https://registry.npmjs.org/@babel%2fplugin-syntax-decorators set size:215890 disposed:false
4382 http cache https://registry.npmjs.org/@babel%2fplugin-transform-typescript 8ms (cache hit)
4383 silly packumentCache full:https://registry.npmjs.org/@babel%2fplugin-transform-typescript set size:402797 disposed:false
4384 silly placeDep ROOT @babel/plugin-syntax-decorators@7.29.7 OK for: @babel/plugin-proposal-decorators@7.29.7 want: ^7.29.7
4385 silly placeDep ROOT @babel/plugin-syntax-flow@7.29.7 OK for: @babel/plugin-transform-flow-strip-types@7.29.7 want: ^7.29.7
4386 silly placeDep node_modules/@babel/plugin-transform-runtime babel-plugin-polyfill-corejs3@0.13.0 OK for: @babel/plugin-transform-runtime@7.29.7 want: ^0.13.0
4387 silly placeDep ROOT @babel/plugin-transform-typescript@7.29.7 OK for: @babel/preset-typescript@7.29.7 want: ^7.29.7
4388 silly fetch manifest @babel/plugin-syntax-typescript@^7.29.7
4389 silly packumentCache full:https://registry.npmjs.org/@babel%2fplugin-syntax-typescript cache-miss
4390 http cache https://registry.npmjs.org/@babel%2fplugin-syntax-typescript 2ms (cache hit)
4391 silly packumentCache full:https://registry.npmjs.org/@babel%2fplugin-syntax-typescript set size:219064 disposed:false
4392 silly placeDep ROOT @babel/plugin-syntax-typescript@7.29.7 OK for: @babel/plugin-transform-typescript@7.29.7 want: ^7.29.7
4393 silly placeDep node_modules/babel-plugin-macros resolve@1.22.12 OK for: babel-plugin-macros@3.1.0 want: ^1.19.0
4394 silly placeDep ROOT bluebird@3.7.2 OK for: bfj@7.1.0 want: ^3.7.2
4395 silly placeDep ROOT check-types@11.2.3 OK for: bfj@7.1.0 want: ^11.2.3
4396 silly placeDep ROOT hoopy@0.1.4 OK for: bfj@7.1.0 want: ^0.1.4
4397 silly placeDep ROOT jsonpath@1.3.0 OK for: bfj@7.1.0 want: ^1.1.1
4398 silly placeDep ROOT tryer@1.0.1 OK for: bfj@7.1.0 want: ^1.0.1
4399 silly fetch manifest esprima@1.2.5
4400 silly packumentCache full:https://registry.npmjs.org/esprima cache-hit
4401 silly fetch manifest static-eval@2.1.1
4402 silly packumentCache full:https://registry.npmjs.org/static-eval cache-miss
4403 silly fetch manifest underscore@1.13.6
4404 silly packumentCache full:https://registry.npmjs.org/underscore cache-miss
4405 http cache https://registry.npmjs.org/static-eval 3ms (cache hit)
4406 silly packumentCache full:https://registry.npmjs.org/static-eval set size:54854 disposed:false
4407 http cache https://registry.npmjs.org/underscore 3ms (cache hit)
4408 silly packumentCache full:https://registry.npmjs.org/underscore set size:160144 disposed:false
4409 silly placeDep ROOT icss-utils@5.1.0 OK for: css-loader@6.11.0 want: ^5.1.0
4410 silly placeDep ROOT postcss-modules-extract-imports@3.1.0 OK for: css-loader@6.11.0 want: ^3.1.0
4411 silly placeDep ROOT postcss-modules-local-by-default@4.2.0 OK for: css-loader@6.11.0 want: ^4.0.5
4412 silly placeDep ROOT postcss-modules-scope@3.2.1 OK for: css-loader@6.11.0 want: ^3.2.0
4413 silly placeDep ROOT postcss-modules-values@4.0.0 OK for: css-loader@6.11.0 want: ^4.0.0
4414 silly placeDep node_modules/css-loader semver@7.8.5 OK for: css-loader@6.11.0 want: ^7.5.4
4415 silly fetch manifest postcss-selector-parser@^7.0.0
4416 silly packumentCache full:https://registry.npmjs.org/postcss-selector-parser cache-hit
4417 silly fetch manifest postcss-selector-parser@^7.0.0
4418 silly packumentCache full:https://registry.npmjs.org/postcss-selector-parser cache-hit
4419 silly placeDep ROOT cssnano@5.1.15 OK for: css-minimizer-webpack-plugin@3.4.1 want: ^5.0.6
4420 silly placeDep ROOT jest-worker@27.5.1 OK for: css-minimizer-webpack-plugin@3.4.1 want: ^27.0.2
4421 silly placeDep ROOT serialize-javascript@6.0.2 OK for: css-minimizer-webpack-plugin@3.4.1 want: ^6.0.0
4422 silly placeDep node_modules/css-minimizer-webpack-plugin source-map@0.6.1 OK for: css-minimizer-webpack-plugin@3.4.1 want: ^0.6.1
4423 silly fetch manifest lilconfig@^2.0.3
4424 silly packumentCache full:https://registry.npmjs.org/lilconfig cache-hit
4425 silly fetch manifest cssnano-preset-default@^5.2.14
4426 silly packumentCache full:https://registry.npmjs.org/cssnano-preset-default cache-miss
4427 silly fetch manifest merge-stream@^2.0.0
4428 silly packumentCache full:https://registry.npmjs.org/merge-stream cache-miss
4429 silly fetch manifest supports-color@^8.0.0
4430 silly packumentCache full:https://registry.npmjs.org/supports-color cache-hit
4431 silly fetch manifest randombytes@^2.1.0
4432 silly packumentCache full:https://registry.npmjs.org/randombytes cache-miss
4433 http cache https://registry.npmjs.org/randombytes 3ms (cache hit)
4434 silly packumentCache full:https://registry.npmjs.org/randombytes set size:17505 disposed:false
4435 http cache https://registry.npmjs.org/merge-stream 3ms (cache hit)
4436 silly packumentCache full:https://registry.npmjs.org/merge-stream set size:22168 disposed:false
4437 http cache https://registry.npmjs.org/cssnano-preset-default 5ms (cache hit)
4438 silly packumentCache full:https://registry.npmjs.org/cssnano-preset-default set size:349964 disposed:false
4439 silly placeDep ROOT cssnano-preset-default@5.2.14 OK for: cssnano@5.1.15 want: ^5.2.14
4440 silly placeDep ROOT lilconfig@2.1.0 OK for: cssnano@5.1.15 want: ^2.0.3
4441 silly fetch manifest postcss-calc@^8.2.3
4442 silly packumentCache full:https://registry.npmjs.org/postcss-calc cache-miss
4443 silly fetch manifest postcss-svgo@^5.1.0
4444 silly packumentCache full:https://registry.npmjs.org/postcss-svgo cache-miss
4445 silly fetch manifest cssnano-utils@^3.1.0
4446 silly packumentCache full:https://registry.npmjs.org/cssnano-utils cache-miss
4447 silly fetch manifest postcss-colormin@^5.3.1
4448 silly packumentCache full:https://registry.npmjs.org/postcss-colormin cache-miss
4449 silly fetch manifest postcss-merge-rules@^5.1.4
4450 silly packumentCache full:https://registry.npmjs.org/postcss-merge-rules cache-miss
4451 silly fetch manifest postcss-discard-empty@^5.1.1
4452 silly packumentCache full:https://registry.npmjs.org/postcss-discard-empty cache-miss
4453 silly fetch manifest postcss-minify-params@^5.1.4
4454 silly packumentCache full:https://registry.npmjs.org/postcss-minify-params cache-miss
4455 http cache https://registry.npmjs.org/postcss-discard-empty 6ms (cache hit)
4456 silly packumentCache full:https://registry.npmjs.org/postcss-discard-empty set size:125149 disposed:false
4457 silly fetch manifest postcss-normalize-url@^5.1.0
4458 silly packumentCache full:https://registry.npmjs.org/postcss-normalize-url cache-miss
4459 http cache https://registry.npmjs.org/postcss-svgo 9ms (cache hit)
4460 silly packumentCache full:https://registry.npmjs.org/postcss-svgo set size:155387 disposed:false
4461 silly fetch manifest css-declaration-sorter@^6.3.1
4462 silly packumentCache full:https://registry.npmjs.org/css-declaration-sorter cache-miss
4463 http cache https://registry.npmjs.org/cssnano-utils 11ms (cache hit)
4464 silly packumentCache full:https://registry.npmjs.org/cssnano-utils set size:97663 disposed:false
4465 silly fetch manifest postcss-convert-values@^5.1.3
4466 silly packumentCache full:https://registry.npmjs.org/postcss-convert-values cache-miss
4467 http cache https://registry.npmjs.org/postcss-merge-rules 12ms (cache hit)
4468 silly packumentCache full:https://registry.npmjs.org/postcss-merge-rules set size:222275 disposed:false
4469 silly fetch manifest postcss-merge-longhand@^5.1.7
4470 silly packumentCache full:https://registry.npmjs.org/postcss-merge-longhand cache-miss
4471 http cache https://registry.npmjs.org/postcss-minify-params 14ms (cache hit)
4472 silly packumentCache full:https://registry.npmjs.org/postcss-minify-params set size:172663 disposed:false
4473 silly fetch manifest postcss-ordered-values@^5.1.3
4474 silly packumentCache full:https://registry.npmjs.org/postcss-ordered-values cache-miss
4475 http cache https://registry.npmjs.org/postcss-colormin 17ms (cache hit)
4476 silly packumentCache full:https://registry.npmjs.org/postcss-colormin set size:200038 disposed:false
4477 silly fetch manifest postcss-reduce-initial@^5.1.2
4478 silly packumentCache full:https://registry.npmjs.org/postcss-reduce-initial cache-miss
4479 http cache https://registry.npmjs.org/postcss-calc 20ms (cache hit)
4480 silly packumentCache full:https://registry.npmjs.org/postcss-calc set size:96481 disposed:false
4481 silly fetch manifest postcss-discard-comments@^5.1.2
4482 silly packumentCache full:https://registry.npmjs.org/postcss-discard-comments cache-miss
4483 http cache https://registry.npmjs.org/postcss-normalize-url 15ms (cache hit)
4484 silly packumentCache full:https://registry.npmjs.org/postcss-normalize-url set size:157143 disposed:false
4485 silly fetch manifest postcss-minify-gradients@^5.1.1
4486 silly packumentCache full:https://registry.npmjs.org/postcss-minify-gradients cache-miss
4487 http cache https://registry.npmjs.org/postcss-convert-values 14ms (cache hit)
4488 silly packumentCache full:https://registry.npmjs.org/postcss-convert-values set size:209355 disposed:false
4489 silly fetch manifest postcss-minify-selectors@^5.2.1
4490 silly packumentCache full:https://registry.npmjs.org/postcss-minify-selectors cache-miss
4491 http cache https://registry.npmjs.org/css-declaration-sorter 18ms (cache hit)
4492 silly packumentCache full:https://registry.npmjs.org/css-declaration-sorter set size:129273 disposed:false
4493 silly fetch manifest postcss-normalize-string@^5.1.0
4494 silly packumentCache full:https://registry.npmjs.org/postcss-normalize-string cache-miss
4495 http cache https://registry.npmjs.org/postcss-merge-longhand 16ms (cache hit)
4496 silly packumentCache full:https://registry.npmjs.org/postcss-merge-longhand set size:192466 disposed:false
4497 silly fetch manifest postcss-unique-selectors@^5.1.1
4498 silly packumentCache full:https://registry.npmjs.org/postcss-unique-selectors cache-miss
4499 http cache https://registry.npmjs.org/postcss-reduce-initial 14ms (cache hit)
4500 silly packumentCache full:https://registry.npmjs.org/postcss-reduce-initial set size:146739 disposed:false
4501 silly fetch manifest postcss-normalize-charset@^5.1.0
4502 silly packumentCache full:https://registry.npmjs.org/postcss-normalize-charset cache-miss
4503 http cache https://registry.npmjs.org/postcss-ordered-values 18ms (cache hit)
4504 silly packumentCache full:https://registry.npmjs.org/postcss-ordered-values set size:158011 disposed:false
4505 silly fetch manifest postcss-normalize-unicode@^5.1.1
4506 silly packumentCache full:https://registry.npmjs.org/postcss-normalize-unicode cache-miss
4507 http cache https://registry.npmjs.org/postcss-discard-comments 15ms (cache hit)
4508 silly packumentCache full:https://registry.npmjs.org/postcss-discard-comments set size:157571 disposed:false
4509 silly fetch manifest postcss-reduce-transforms@^5.1.0
4510 silly packumentCache full:https://registry.npmjs.org/postcss-reduce-transforms cache-miss
4511 http cache https://registry.npmjs.org/postcss-minify-gradients 16ms (cache hit)
4512 silly packumentCache full:https://registry.npmjs.org/postcss-minify-gradients set size:141939 disposed:false
4513 silly fetch manifest postcss-discard-duplicates@^5.1.0
4514 silly packumentCache full:https://registry.npmjs.org/postcss-discard-duplicates cache-miss
4515 http cache https://registry.npmjs.org/postcss-normalize-string 13ms (cache hit)
4516 silly packumentCache full:https://registry.npmjs.org/postcss-normalize-string set size:112649 disposed:false
4517 silly fetch manifest postcss-discard-overridden@^5.1.0
4518 silly packumentCache full:https://registry.npmjs.org/postcss-discard-overridden cache-miss
4519 http cache https://registry.npmjs.org/postcss-minify-selectors 18ms (cache hit)
4520 silly packumentCache full:https://registry.npmjs.org/postcss-minify-selectors set size:190117 disposed:false
4521 silly fetch manifest postcss-minify-font-values@^5.1.0
4522 silly packumentCache full:https://registry.npmjs.org/postcss-minify-font-values cache-miss
4523 http cache https://registry.npmjs.org/postcss-normalize-charset 15ms (cache hit)
4524 silly packumentCache full:https://registry.npmjs.org/postcss-normalize-charset set size:110388 disposed:false
4525 silly fetch manifest postcss-normalize-positions@^5.1.1
4526 silly packumentCache full:https://registry.npmjs.org/postcss-normalize-positions cache-miss
4527 http cache https://registry.npmjs.org/postcss-normalize-unicode 14ms (cache hit)
4528 silly packumentCache full:https://registry.npmjs.org/postcss-normalize-unicode set size:133254 disposed:false
4529 silly fetch manifest postcss-normalize-whitespace@^5.1.1
4530 silly packumentCache full:https://registry.npmjs.org/postcss-normalize-whitespace cache-miss
4531 http cache https://registry.npmjs.org/postcss-reduce-transforms 14ms (cache hit)
4532 silly packumentCache full:https://registry.npmjs.org/postcss-reduce-transforms set size:120206 disposed:false
4533 silly fetch manifest postcss-normalize-repeat-style@^5.1.1
4534 silly packumentCache full:https://registry.npmjs.org/postcss-normalize-repeat-style cache-miss
4535 http cache https://registry.npmjs.org/postcss-unique-selectors 21ms (cache hit)
4536 silly packumentCache full:https://registry.npmjs.org/postcss-unique-selectors set size:136884 disposed:false
4537 silly fetch manifest postcss-normalize-display-values@^5.1.0
4538 silly packumentCache full:https://registry.npmjs.org/postcss-normalize-display-values cache-miss
4539 http cache https://registry.npmjs.org/postcss-discard-overridden 14ms (cache hit)
4540 silly packumentCache full:https://registry.npmjs.org/postcss-discard-overridden set size:118552 disposed:false
4541 silly fetch manifest postcss-normalize-timing-functions@^5.1.0
4542 silly packumentCache full:https://registry.npmjs.org/postcss-normalize-timing-functions cache-miss
4543 http cache https://registry.npmjs.org/postcss-normalize-positions 12ms (cache hit)
4544 silly packumentCache full:https://registry.npmjs.org/postcss-normalize-positions set size:116671 disposed:false
4545 http cache https://registry.npmjs.org/postcss-normalize-repeat-style 11ms (cache hit)
4546 silly packumentCache full:https://registry.npmjs.org/postcss-normalize-repeat-style set size:115956 disposed:false
4547 http cache https://registry.npmjs.org/postcss-minify-font-values 17ms (cache hit)
4548 silly packumentCache full:https://registry.npmjs.org/postcss-minify-font-values set size:131907 disposed:false
4549 http cache https://registry.npmjs.org/postcss-discard-duplicates 23ms (cache hit)
4550 silly packumentCache full:https://registry.npmjs.org/postcss-discard-duplicates set size:140568 disposed:false
4551 http cache https://registry.npmjs.org/postcss-normalize-whitespace 17ms (cache hit)
4552 silly packumentCache full:https://registry.npmjs.org/postcss-normalize-whitespace set size:116494 disposed:false
4553 http cache https://registry.npmjs.org/postcss-normalize-display-values 14ms (cache hit)
4554 silly packumentCache full:https://registry.npmjs.org/postcss-normalize-display-values set size:110006 disposed:false
4555 http cache https://registry.npmjs.org/postcss-normalize-timing-functions 10ms (cache hit)
4556 silly packumentCache full:https://registry.npmjs.org/postcss-normalize-timing-functions set size:110120 disposed:false
4557 silly placeDep ROOT css-declaration-sorter@6.4.1 OK for: cssnano-preset-default@5.2.14 want: ^6.3.1
4558 silly placeDep ROOT cssnano-utils@3.1.0 OK for: cssnano-preset-default@5.2.14 want: ^3.1.0
4559 silly placeDep ROOT postcss-calc@8.2.4 OK for: cssnano-preset-default@5.2.14 want: ^8.2.3
4560 silly placeDep ROOT postcss-colormin@5.3.1 OK for: cssnano-preset-default@5.2.14 want: ^5.3.1
4561 silly placeDep ROOT postcss-convert-values@5.1.3 OK for: cssnano-preset-default@5.2.14 want: ^5.1.3
4562 silly placeDep ROOT postcss-discard-comments@5.1.2 OK for: cssnano-preset-default@5.2.14 want: ^5.1.2
4563 silly placeDep ROOT postcss-discard-duplicates@5.1.0 OK for: cssnano-preset-default@5.2.14 want: ^5.1.0
4564 silly placeDep ROOT postcss-discard-empty@5.1.1 OK for: cssnano-preset-default@5.2.14 want: ^5.1.1
4565 silly placeDep ROOT postcss-discard-overridden@5.1.0 OK for: cssnano-preset-default@5.2.14 want: ^5.1.0
4566 silly placeDep ROOT postcss-merge-longhand@5.1.7 OK for: cssnano-preset-default@5.2.14 want: ^5.1.7
4567 silly placeDep ROOT postcss-merge-rules@5.1.4 OK for: cssnano-preset-default@5.2.14 want: ^5.1.4
4568 silly placeDep ROOT postcss-minify-font-values@5.1.0 OK for: cssnano-preset-default@5.2.14 want: ^5.1.0
4569 silly placeDep ROOT postcss-minify-gradients@5.1.1 OK for: cssnano-preset-default@5.2.14 want: ^5.1.1
4570 silly placeDep ROOT postcss-minify-params@5.1.4 OK for: cssnano-preset-default@5.2.14 want: ^5.1.4
4571 silly placeDep ROOT postcss-minify-selectors@5.2.1 OK for: cssnano-preset-default@5.2.14 want: ^5.2.1
4572 silly placeDep ROOT postcss-normalize-charset@5.1.0 OK for: cssnano-preset-default@5.2.14 want: ^5.1.0
4573 silly placeDep ROOT postcss-normalize-display-values@5.1.0 OK for: cssnano-preset-default@5.2.14 want: ^5.1.0
4574 silly placeDep ROOT postcss-normalize-positions@5.1.1 OK for: cssnano-preset-default@5.2.14 want: ^5.1.1
4575 silly placeDep ROOT postcss-normalize-repeat-style@5.1.1 OK for: cssnano-preset-default@5.2.14 want: ^5.1.1
4576 silly placeDep ROOT postcss-normalize-string@5.1.0 OK for: cssnano-preset-default@5.2.14 want: ^5.1.0
4577 silly placeDep ROOT postcss-normalize-timing-functions@5.1.0 OK for: cssnano-preset-default@5.2.14 want: ^5.1.0
4578 silly placeDep ROOT postcss-normalize-unicode@5.1.1 OK for: cssnano-preset-default@5.2.14 want: ^5.1.1
4579 silly placeDep ROOT postcss-normalize-url@5.1.0 OK for: cssnano-preset-default@5.2.14 want: ^5.1.0
4580 silly placeDep ROOT postcss-normalize-whitespace@5.1.1 OK for: cssnano-preset-default@5.2.14 want: ^5.1.1
4581 silly placeDep ROOT postcss-ordered-values@5.1.3 OK for: cssnano-preset-default@5.2.14 want: ^5.1.3
4582 silly placeDep ROOT postcss-reduce-initial@5.1.2 OK for: cssnano-preset-default@5.2.14 want: ^5.1.2
4583 silly placeDep ROOT postcss-reduce-transforms@5.1.0 OK for: cssnano-preset-default@5.2.14 want: ^5.1.0
4584 silly placeDep ROOT postcss-svgo@5.1.0 OK for: cssnano-preset-default@5.2.14 want: ^5.1.0
4585 silly placeDep ROOT postcss-unique-selectors@5.1.1 OK for: cssnano-preset-default@5.2.14 want: ^5.1.1
4586 silly fetch manifest postcss-selector-parser@^6.0.9
4587 silly packumentCache full:https://registry.npmjs.org/postcss-selector-parser cache-hit
4588 silly fetch manifest colord@^2.9.1
4589 silly packumentCache full:https://registry.npmjs.org/colord cache-miss
4590 silly fetch manifest caniuse-api@^3.0.0
4591 silly packumentCache full:https://registry.npmjs.org/caniuse-api cache-miss
4592 silly fetch manifest stylehacks@^5.1.1
4593 silly packumentCache full:https://registry.npmjs.org/stylehacks cache-miss
4594 silly fetch manifest caniuse-api@^3.0.0
4595 silly packumentCache full:https://registry.npmjs.org/caniuse-api cache-miss
4596 silly fetch manifest postcss-selector-parser@^6.0.5
4597 silly packumentCache full:https://registry.npmjs.org/postcss-selector-parser cache-hit
4598 silly fetch manifest colord@^2.9.1
4599 silly packumentCache full:https://registry.npmjs.org/colord cache-miss
4600 silly fetch manifest normalize-url@^6.0.1
4601 silly packumentCache full:https://registry.npmjs.org/normalize-url cache-miss
4602 silly fetch manifest caniuse-api@^3.0.0
4603 silly packumentCache full:https://registry.npmjs.org/caniuse-api cache-miss
4604 http cache https://registry.npmjs.org/normalize-url 7ms (cache hit)
4605 silly packumentCache full:https://registry.npmjs.org/normalize-url set size:139311 disposed:false
4606 silly fetch manifest svgo@^2.7.0
4607 silly packumentCache full:https://registry.npmjs.org/svgo cache-hit
4608 http cache https://registry.npmjs.org/colord 11ms (cache hit)
4609 silly packumentCache full:https://registry.npmjs.org/colord set size:256634 disposed:false
4610 http cache https://registry.npmjs.org/caniuse-api 13ms (cache hit)
4611 silly packumentCache full:https://registry.npmjs.org/caniuse-api set size:40506 disposed:false
4612 http cache https://registry.npmjs.org/stylehacks 14ms (cache hit)
4613 silly packumentCache full:https://registry.npmjs.org/stylehacks set size:155022 disposed:false
4614 http cache https://registry.npmjs.org/colord 16ms (cache hit)
4615 silly packumentCache full:https://registry.npmjs.org/colord set size:256634 disposed:false
4616 silly packumentCache full:https://registry.npmjs.org/colord dispose
4617 http cache https://registry.npmjs.org/caniuse-api 15ms (cache hit)
4618 silly packumentCache full:https://registry.npmjs.org/caniuse-api set size:40506 disposed:false
4619 silly packumentCache full:https://registry.npmjs.org/caniuse-api dispose
4620 http cache https://registry.npmjs.org/caniuse-api 18ms (cache hit)
4621 silly packumentCache full:https://registry.npmjs.org/caniuse-api set size:40506 disposed:true
4622 silly packumentCache full:https://registry.npmjs.org/caniuse-api dispose
4623 silly placeDep ROOT stackframe@1.3.4 OK for: error-stack-parser@2.1.4 want: ^1.3.4
4624 silly placeDep ROOT @babel/eslint-parser@7.29.7 OK for: eslint-config-react-app@7.0.1 want: ^7.16.3
4625 silly placeDep ROOT @rushstack/eslint-patch@1.16.1 OK for: eslint-config-react-app@7.0.1 want: ^1.1.0
4626 silly placeDep ROOT @typescript-eslint/eslint-plugin@5.62.0 OK for: eslint-config-react-app@7.0.1 want: ^5.5.0
4627 silly placeDep ROOT @typescript-eslint/parser@5.62.0 OK for: eslint-config-react-app@7.0.1 want: ^5.5.0
4628 silly placeDep ROOT confusing-browser-globals@1.0.11 OK for: eslint-config-react-app@7.0.1 want: ^1.0.11
4629 silly placeDep ROOT eslint-plugin-flowtype@8.0.3 OK for: eslint-config-react-app@7.0.1 want: ^8.0.3
4630 silly placeDep ROOT eslint-plugin-jest@25.7.0 OK for: eslint-config-react-app@7.0.1 want: ^25.3.0
4631 silly placeDep node_modules/eslint-config-react-app eslint-plugin-react-hooks@4.6.2 OK for: eslint-config-react-app@7.0.1 want: ^4.3.0
4632 silly placeDep ROOT eslint-plugin-testing-library@5.11.1 OK for: eslint-config-react-app@7.0.1 want: ^5.0.1
4633 silly fetch manifest eslint-visitor-keys@^2.1.0
4634 silly packumentCache full:https://registry.npmjs.org/eslint-visitor-keys cache-hit
4635 silly fetch manifest @nicolo-ribaudo/eslint-scope-5-internals@5.1.1-v1
4636 silly packumentCache full:https://registry.npmjs.org/@nicolo-ribaudo%2feslint-scope-5-internals cache-miss
4637 silly fetch manifest tsutils@^3.21.0
4638 silly packumentCache full:https://registry.npmjs.org/tsutils cache-miss
4639 silly fetch manifest natural-compare-lite@^1.4.0
4640 silly packumentCache full:https://registry.npmjs.org/natural-compare-lite cache-miss
4641 silly fetch manifest @typescript-eslint/utils@5.62.0
4642 silly packumentCache full:https://registry.npmjs.org/@typescript-eslint%2futils cache-miss
4643 silly fetch manifest @typescript-eslint/type-utils@5.62.0
4644 silly packumentCache full:https://registry.npmjs.org/@typescript-eslint%2ftype-utils cache-miss
4645 silly fetch manifest @typescript-eslint/scope-manager@5.62.0
4646 silly packumentCache full:https://registry.npmjs.org/@typescript-eslint%2fscope-manager cache-miss
4647 silly fetch manifest @typescript-eslint/types@5.62.0
4648 silly packumentCache full:https://registry.npmjs.org/@typescript-eslint%2ftypes cache-miss
4649 http cache https://registry.npmjs.org/@nicolo-ribaudo%2feslint-scope-5-internals 6ms (cache hit)
4650 silly packumentCache full:https://registry.npmjs.org/@nicolo-ribaudo%2feslint-scope-5-internals set size:5122 disposed:false
4651 silly fetch manifest @typescript-eslint/scope-manager@5.62.0
4652 silly packumentCache full:https://registry.npmjs.org/@typescript-eslint%2fscope-manager cache-miss
4653 http cache https://registry.npmjs.org/natural-compare-lite 7ms (cache hit)
4654 silly packumentCache full:https://registry.npmjs.org/natural-compare-lite set size:39830 disposed:false
4655 silly fetch manifest @typescript-eslint/typescript-estree@5.62.0
4656 silly packumentCache full:https://registry.npmjs.org/@typescript-eslint%2ftypescript-estree cache-miss
4657 http cache https://registry.npmjs.org/tsutils 8ms (cache hit)
4658 silly packumentCache full:https://registry.npmjs.org/tsutils set size:248868 disposed:false
4659 silly fetch manifest string-natural-compare@^3.0.1
4660 silly packumentCache full:https://registry.npmjs.org/string-natural-compare cache-miss
4661 http cache https://registry.npmjs.org/@typescript-eslint%2futils 24ms (cache hit)
4662 silly packumentCache full:https://registry.npmjs.org/@typescript-eslint%2futils set size:10300275 disposed:false
4663 silly fetch manifest @typescript-eslint/experimental-utils@^5.0.0
4664 silly packumentCache full:https://registry.npmjs.org/@typescript-eslint%2fexperimental-utils cache-miss
4665 http cache https://registry.npmjs.org/@typescript-eslint%2ftype-utils 100ms (cache hit)
4666 silly packumentCache full:https://registry.npmjs.org/@typescript-eslint%2ftype-utils set size:9446987 disposed:false
4667 silly fetch manifest @typescript-eslint/utils@^5.58.0
4668 silly packumentCache full:https://registry.npmjs.org/@typescript-eslint%2futils cache-miss
4669 http cache https://registry.npmjs.org/@typescript-eslint%2fscope-manager 195ms (cache hit)
4670 silly packumentCache full:https://registry.npmjs.org/@typescript-eslint%2fscope-manager set size:12572055 disposed:false
4671 http cache https://registry.npmjs.org/@typescript-eslint%2ftypes 294ms (cache hit)
4672 silly packumentCache full:https://registry.npmjs.org/@typescript-eslint%2ftypes set size:12387194 disposed:false
4673 http cache https://registry.npmjs.org/string-natural-compare 379ms (cache hit)
4674 silly packumentCache full:https://registry.npmjs.org/string-natural-compare set size:27902 disposed:false
4675 http cache https://registry.npmjs.org/@typescript-eslint%2futils 239ms (cache hit)
4676 silly packumentCache full:https://registry.npmjs.org/@typescript-eslint%2futils set size:10300275 disposed:false
4677 http cache https://registry.npmjs.org/@typescript-eslint%2ftypescript-estree 536ms (cache hit)
4678 silly packumentCache full:https://registry.npmjs.org/@typescript-eslint%2ftypescript-estree set size:16538844 disposed:false
4679 http cache https://registry.npmjs.org/@typescript-eslint%2fscope-manager 647ms (cache hit)
4680 silly packumentCache full:https://registry.npmjs.org/@typescript-eslint%2fscope-manager set size:12572055 disposed:false
4681 http cache https://registry.npmjs.org/@typescript-eslint%2fexperimental-utils 662ms (cache hit)
4682 silly packumentCache full:https://registry.npmjs.org/@typescript-eslint%2fexperimental-utils set size:15007115 disposed:false
4683 silly placeDep ROOT @nicolo-ribaudo/eslint-scope-5-internals@5.1.1-v1 OK for: @babel/eslint-parser@7.29.7 want: 5.1.1-v1
4684 silly placeDep node_modules/@babel/eslint-parser eslint-visitor-keys@2.1.0 OK for: @babel/eslint-parser@7.29.7 want: ^2.1.0
4685 silly placeDep node_modules/@nicolo-ribaudo/eslint-scope-5-internals eslint-scope@5.1.1 OK for: @nicolo-ribaudo/eslint-scope-5-internals@5.1.1-v1 want: 5.1.1
4686 silly fetch manifest estraverse@^4.1.1
4687 silly packumentCache full:https://registry.npmjs.org/estraverse cache-hit
4688 silly placeDep ROOT @typescript-eslint/scope-manager@5.62.0 OK for: @typescript-eslint/eslint-plugin@5.62.0 want: 5.62.0
4689 silly placeDep ROOT @typescript-eslint/type-utils@5.62.0 OK for: @typescript-eslint/eslint-plugin@5.62.0 want: 5.62.0
4690 silly placeDep ROOT @typescript-eslint/utils@5.62.0 OK for: @typescript-eslint/eslint-plugin@5.62.0 want: 5.62.0
4691 silly placeDep ROOT graphemer@1.4.0 OK for: @typescript-eslint/eslint-plugin@5.62.0 want: ^1.4.0
4692 silly placeDep ROOT natural-compare-lite@1.4.0 OK for: @typescript-eslint/eslint-plugin@5.62.0 want: ^1.4.0
4693 silly placeDep node_modules/@typescript-eslint/eslint-plugin semver@7.8.5 OK for: @typescript-eslint/eslint-plugin@5.62.0 want: ^7.3.7
4694 silly placeDep ROOT tsutils@3.21.0 OK for: @typescript-eslint/eslint-plugin@5.62.0 want: ^3.21.0
4695 silly fetch manifest @typescript-eslint/visitor-keys@5.62.0
4696 silly packumentCache full:https://registry.npmjs.org/@typescript-eslint%2fvisitor-keys cache-miss
4697 silly fetch manifest eslint-scope@^5.1.1
4698 silly packumentCache full:https://registry.npmjs.org/eslint-scope cache-hit
4699 silly fetch manifest @types/semver@^7.3.12
4700 silly packumentCache full:https://registry.npmjs.org/@types%2fsemver cache-miss
4701 silly fetch manifest tslib@^1.8.1
4702 silly packumentCache full:https://registry.npmjs.org/tslib cache-hit
4703 http cache https://registry.npmjs.org/@types%2fsemver 6ms (cache hit)
4704 silly packumentCache full:https://registry.npmjs.org/@types%2fsemver set size:117689 disposed:false
4705 http cache https://registry.npmjs.org/@typescript-eslint%2fvisitor-keys 33ms (cache hit)
4706 silly packumentCache full:https://registry.npmjs.org/@typescript-eslint%2fvisitor-keys set size:11963345 disposed:false
4707 silly placeDep ROOT @typescript-eslint/types@5.62.0 OK for: @typescript-eslint/parser@5.62.0 want: 5.62.0
4708 silly placeDep ROOT @typescript-eslint/typescript-estree@5.62.0 OK for: @typescript-eslint/parser@5.62.0 want: 5.62.0
4709 silly fetch manifest globby@^11.1.0
4710 silly packumentCache full:https://registry.npmjs.org/globby cache-hit
4711 silly placeDep ROOT @typescript-eslint/visitor-keys@5.62.0 OK for: @typescript-eslint/scope-manager@5.62.0 want: 5.62.0
4712 silly fetch manifest eslint-visitor-keys@^3.3.0
4713 silly packumentCache full:https://registry.npmjs.org/eslint-visitor-keys cache-hit
4714 silly placeDep ROOT globby@11.1.0 OK for: @typescript-eslint/typescript-estree@5.62.0 want: ^11.1.0
4715 silly placeDep node_modules/@typescript-eslint/typescript-estree semver@7.8.5 OK for: @typescript-eslint/typescript-estree@5.62.0 want: ^7.3.7
4716 silly fetch manifest merge2@^1.4.1
4717 silly packumentCache full:https://registry.npmjs.org/merge2 cache-miss
4718 silly fetch manifest dir-glob@^3.0.1
4719 silly packumentCache full:https://registry.npmjs.org/dir-glob cache-miss
4720 silly fetch manifest fast-glob@^3.2.9
4721 silly packumentCache full:https://registry.npmjs.org/fast-glob cache-hit
4722 silly fetch manifest array-union@^2.1.0
4723 silly packumentCache full:https://registry.npmjs.org/array-union cache-miss
4724 http cache https://registry.npmjs.org/dir-glob 4ms (cache hit)
4725 silly packumentCache full:https://registry.npmjs.org/dir-glob set size:22205 disposed:false
4726 http cache https://registry.npmjs.org/merge2 5ms (cache hit)
4727 silly packumentCache full:https://registry.npmjs.org/merge2 set size:46159 disposed:false
4728 http cache https://registry.npmjs.org/array-union 6ms (cache hit)
4729 silly packumentCache full:https://registry.npmjs.org/array-union set size:18386 disposed:false
4730 silly placeDep ROOT @types/semver@7.7.1 OK for: @typescript-eslint/utils@5.62.0 want: ^7.3.12
4731 silly placeDep node_modules/@typescript-eslint/utils eslint-scope@5.1.1 OK for: @typescript-eslint/utils@5.62.0 want: ^5.1.1
4732 silly placeDep node_modules/@typescript-eslint/utils semver@7.8.5 OK for: @typescript-eslint/utils@5.62.0 want: ^7.3.7
4733 silly placeDep node_modules/@typescript-eslint/visitor-keys eslint-visitor-keys@3.4.3 OK for: @typescript-eslint/visitor-keys@5.62.0 want: ^3.3.0
4734 silly placeDep ROOT string-natural-compare@3.0.1 OK for: eslint-plugin-flowtype@8.0.3 want: ^3.0.1
4735 silly placeDep ROOT @typescript-eslint/experimental-utils@5.62.0 OK for: eslint-plugin-jest@25.7.0 want: ^5.0.0
4736 silly placeDep ROOT @types/eslint@8.56.12 OK for: eslint-webpack-plugin@3.2.0 want: ^7.29.0 || ^8.4.1
4737 silly placeDep node_modules/eslint-webpack-plugin jest-worker@28.1.3 OK for: eslint-webpack-plugin@3.2.0 want: ^28.0.2
4738 silly placeDep ROOT normalize-path@3.0.0 OK for: eslint-webpack-plugin@3.2.0 want: ^3.0.0
4739 silly placeDep node_modules/file-loader schema-utils@3.3.0 OK for: file-loader@6.2.0 want: ^3.0.0
4740 silly placeDep ROOT commondir@1.0.1 OK for: find-cache-dir@3.3.2 want: ^1.0.1
4741 silly placeDep ROOT pkg-dir@4.2.0 OK for: find-cache-dir@3.3.2 want: ^4.1.0
4742 silly fetch manifest find-up@^4.0.0
4743 silly packumentCache full:https://registry.npmjs.org/find-up cache-hit
4744 silly placeDep ROOT jsonfile@6.2.1 OK for: fs-extra@10.1.0 want: ^6.0.1
4745 silly placeDep ROOT universalify@2.0.1 OK for: fs-extra@10.1.0 want: ^2.0.0
4746 silly placeDep ROOT array-union@2.1.0 OK for: globby@11.1.0 want: ^2.1.0
4747 silly placeDep ROOT dir-glob@3.0.1 OK for: globby@11.1.0 want: ^3.0.1
4748 silly placeDep ROOT fast-glob@3.3.3 OK for: globby@11.1.0 want: ^3.2.9
4749 silly placeDep ROOT merge2@1.4.1 OK for: globby@11.1.0 want: ^1.4.1
4750 silly fetch manifest @nodelib/fs.stat@^2.0.2
4751 silly packumentCache full:https://registry.npmjs.org/@nodelib%2ffs.stat cache-miss
4752 silly fetch manifest @nodelib/fs.walk@^1.2.3
4753 silly packumentCache full:https://registry.npmjs.org/@nodelib%2ffs.walk cache-hit
4754 silly fetch manifest glob-parent@^5.1.2
4755 silly packumentCache full:https://registry.npmjs.org/glob-parent cache-hit
4756 silly fetch manifest merge2@^1.3.0
4757 silly packumentCache full:https://registry.npmjs.org/merge2 cache-hit
4758 http cache https://registry.npmjs.org/@nodelib%2ffs.stat 3ms (cache hit)
4759 silly packumentCache full:https://registry.npmjs.org/@nodelib%2ffs.stat set size:36993 disposed:false
4760 silly placeDep ROOT @nodelib/fs.stat@2.0.5 OK for: fast-glob@3.3.3 want: ^2.0.2
4761 silly placeDep ROOT @nodelib/fs.walk@1.2.8 OK for: fast-glob@3.3.3 want: ^1.2.3
4762 silly placeDep node_modules/fast-glob glob-parent@5.1.2 OK for: fast-glob@3.3.3 want: ^5.1.2
4763 silly fetch manifest fastq@^1.6.0
4764 silly packumentCache full:https://registry.npmjs.org/fastq cache-miss
4765 silly fetch manifest @nodelib/fs.scandir@2.1.5
4766 silly packumentCache full:https://registry.npmjs.org/@nodelib%2ffs.scandir cache-miss
4767 http cache https://registry.npmjs.org/fastq 3ms (cache hit)
4768 silly packumentCache full:https://registry.npmjs.org/fastq set size:78301 disposed:false
4769 http cache https://registry.npmjs.org/@nodelib%2ffs.scandir 4ms (cache hit)
4770 silly packumentCache full:https://registry.npmjs.org/@nodelib%2ffs.scandir set size:49256 disposed:false
4771 silly placeDep ROOT @nodelib/fs.scandir@2.1.5 OK for: @nodelib/fs.walk@1.2.8 want: 2.1.5
4772 silly placeDep ROOT fastq@1.20.1 OK for: @nodelib/fs.walk@1.2.8 want: ^1.6.0
4773 silly fetch manifest run-parallel@^1.1.9
4774 silly packumentCache full:https://registry.npmjs.org/run-parallel cache-miss
4775 silly fetch manifest reusify@^1.0.4
4776 silly packumentCache full:https://registry.npmjs.org/reusify cache-miss
4777 http cache https://registry.npmjs.org/run-parallel 3ms (cache hit)
4778 silly packumentCache full:https://registry.npmjs.org/run-parallel set size:35172 disposed:false
4779 http cache https://registry.npmjs.org/reusify 2ms (cache hit)
4780 silly packumentCache full:https://registry.npmjs.org/reusify set size:14249 disposed:false
4781 silly placeDep ROOT run-parallel@1.2.0 OK for: @nodelib/fs.scandir@2.1.5 want: ^1.1.9
4782 silly fetch manifest queue-microtask@^1.2.2
4783 silly packumentCache full:https://registry.npmjs.org/queue-microtask cache-miss
4784 http cache https://registry.npmjs.org/queue-microtask 2ms (cache hit)
4785 silly packumentCache full:https://registry.npmjs.org/queue-microtask set size:36088 disposed:false
4786 silly placeDep ROOT reusify@1.1.0 OK for: fastq@1.20.1 want: ^1.0.4
4787 silly placeDep ROOT @types/html-minifier-terser@6.1.0 OK for: html-webpack-plugin@5.6.7 want: ^6.0.0
4788 silly placeDep ROOT html-minifier-terser@6.1.0 OK for: html-webpack-plugin@5.6.7 want: ^6.0.2
4789 silly placeDep ROOT pretty-error@4.0.0 OK for: html-webpack-plugin@5.6.7 want: ^4.0.0
4790 silly placeDep ROOT tapable@2.3.3 OK for: html-webpack-plugin@5.6.7 want: ^2.0.0
4791 silly fetch manifest camel-case@^4.1.2
4792 silly packumentCache full:https://registry.npmjs.org/camel-case cache-miss
4793 silly fetch manifest clean-css@^5.2.2
4794 silly packumentCache full:https://registry.npmjs.org/clean-css cache-miss
4795 silly fetch manifest commander@^8.3.0
4796 silly packumentCache full:https://registry.npmjs.org/commander cache-miss
4797 silly fetch manifest he@^1.2.0
4798 silly packumentCache full:https://registry.npmjs.org/he cache-miss
4799 silly fetch manifest param-case@^3.0.4
4800 silly packumentCache full:https://registry.npmjs.org/param-case cache-miss
4801 silly fetch manifest relateurl@^0.2.7
4802 silly packumentCache full:https://registry.npmjs.org/relateurl cache-miss
4803 silly fetch manifest terser@^5.10.0
4804 silly packumentCache full:https://registry.npmjs.org/terser cache-hit
4805 silly fetch manifest renderkid@^3.0.0
4806 silly packumentCache full:https://registry.npmjs.org/renderkid cache-miss
4807 http cache https://registry.npmjs.org/relateurl 6ms (cache hit)
4808 silly packumentCache full:https://registry.npmjs.org/relateurl set size:21687 disposed:false
4809 http cache https://registry.npmjs.org/commander 8ms (cache hit)
4810 silly packumentCache full:https://registry.npmjs.org/commander set size:353115 disposed:false
4811 http cache https://registry.npmjs.org/param-case 13ms (cache hit)
4812 silly packumentCache full:https://registry.npmjs.org/param-case set size:37003 disposed:false
4813 http cache https://registry.npmjs.org/he 14ms (cache hit)
4814 silly packumentCache full:https://registry.npmjs.org/he set size:58773 disposed:false
4815 http cache https://registry.npmjs.org/clean-css 17ms (cache hit)
4816 silly packumentCache full:https://registry.npmjs.org/clean-css set size:427319 disposed:false
4817 http cache https://registry.npmjs.org/camel-case 22ms (cache hit)
4818 silly packumentCache full:https://registry.npmjs.org/camel-case set size:44673 disposed:false
4819 http cache https://registry.npmjs.org/renderkid 21ms (cache hit)
4820 silly packumentCache full:https://registry.npmjs.org/renderkid set size:64761 disposed:false
4821 silly placeDep ROOT camel-case@4.1.2 OK for: html-minifier-terser@6.1.0 want: ^4.1.2
4822 silly placeDep ROOT clean-css@5.3.3 OK for: html-minifier-terser@6.1.0 want: ^5.2.2
4823 silly placeDep ROOT commander@8.3.0 OK for: html-minifier-terser@6.1.0 want: ^8.3.0
4824 silly placeDep ROOT he@1.2.0 OK for: html-minifier-terser@6.1.0 want: ^1.2.0
4825 silly placeDep ROOT param-case@3.0.4 OK for: html-minifier-terser@6.1.0 want: ^3.0.4
4826 silly placeDep ROOT relateurl@0.2.7 OK for: html-minifier-terser@6.1.0 want: ^0.2.7
4827 silly placeDep ROOT terser@5.48.0 OK for: html-minifier-terser@6.1.0 want: ^5.10.0
4828 silly fetch manifest pascal-case@^3.1.2
4829 silly packumentCache full:https://registry.npmjs.org/pascal-case cache-miss
4830 silly fetch manifest source-map@~0.6.0
4831 silly packumentCache full:https://registry.npmjs.org/source-map cache-hit
4832 silly fetch manifest dot-case@^3.0.4
4833 silly packumentCache full:https://registry.npmjs.org/dot-case cache-miss
4834 silly fetch manifest @jridgewell/source-map@^0.3.3
4835 silly packumentCache full:https://registry.npmjs.org/@jridgewell%2fsource-map cache-miss
4836 silly fetch manifest commander@^2.20.0
4837 silly packumentCache full:https://registry.npmjs.org/commander cache-hit
4838 silly fetch manifest source-map-support@~0.5.20
4839 silly packumentCache full:https://registry.npmjs.org/source-map-support cache-miss
4840 http cache https://registry.npmjs.org/source-map-support 4ms (cache hit)
4841 silly packumentCache full:https://registry.npmjs.org/source-map-support set size:125488 disposed:false
4842 http cache https://registry.npmjs.org/pascal-case 7ms (cache hit)
4843 silly packumentCache full:https://registry.npmjs.org/pascal-case set size:35718 disposed:false
4844 http cache https://registry.npmjs.org/@jridgewell%2fsource-map 8ms (cache hit)
4845 silly packumentCache full:https://registry.npmjs.org/@jridgewell%2fsource-map set size:45204 disposed:false
4846 http cache https://registry.npmjs.org/dot-case 9ms (cache hit)
4847 silly packumentCache full:https://registry.npmjs.org/dot-case set size:36351 disposed:false
4848 silly placeDep ROOT pascal-case@3.1.2 OK for: camel-case@4.1.2 want: ^3.1.2
4849 silly fetch manifest no-case@^3.0.4
4850 silly packumentCache full:https://registry.npmjs.org/no-case cache-miss
4851 http cache https://registry.npmjs.org/no-case 2ms (cache hit)
4852 silly packumentCache full:https://registry.npmjs.org/no-case set size:31252 disposed:false
4853 silly placeDep node_modules/clean-css source-map@0.6.1 OK for: clean-css@5.3.3 want: ~0.6.0
4854 silly placeDep ROOT harmony-reflect@1.6.2 OK for: identity-obj-proxy@3.0.0 want: ^1.4.6
4855 silly placeDep ROOT istanbul-lib-coverage@3.2.2 OK for: istanbul-lib-instrument@5.2.1 want: ^3.2.0
4856 silly placeDep ROOT @jest/core@27.5.1 OK for: jest@27.5.1 want: ^27.5.1
4857 silly placeDep ROOT import-local@3.2.0 OK for: jest@27.5.1 want: ^3.0.2
4858 silly placeDep ROOT jest-cli@27.5.1 OK for: jest@27.5.1 want: ^27.5.1
4859 silly fetch manifest exit@^0.1.2
4860 silly packumentCache full:https://registry.npmjs.org/exit cache-miss
4861 silly fetch manifest rimraf@^3.0.0
4862 silly packumentCache full:https://registry.npmjs.org/rimraf cache-hit
4863 silly fetch manifest emittery@^0.8.1
4864 silly packumentCache full:https://registry.npmjs.org/emittery cache-miss
4865 silly fetch manifest strip-ansi@^6.0.0
4866 silly packumentCache full:https://registry.npmjs.org/strip-ansi cache-hit
4867 silly fetch manifest jest-config@^27.5.1
4868 silly packumentCache full:https://registry.npmjs.org/jest-config cache-miss
4869 silly fetch manifest jest-runner@^27.5.1
4870 silly packumentCache full:https://registry.npmjs.org/jest-runner cache-miss
4871 silly fetch manifest ansi-escapes@^4.2.1
4872 silly packumentCache full:https://registry.npmjs.org/ansi-escapes cache-hit
4873 silly fetch manifest jest-runtime@^27.5.1
4874 silly packumentCache full:https://registry.npmjs.org/jest-runtime cache-miss
4875 silly fetch manifest jest-watcher@^27.5.1
4876 silly packumentCache full:https://registry.npmjs.org/jest-watcher cache-hit
4877 silly fetch manifest @jest/console@^27.5.1
4878 silly packumentCache full:https://registry.npmjs.org/@jest%2fconsole cache-miss
4879 silly fetch manifest jest-snapshot@^27.5.1
4880 silly packumentCache full:https://registry.npmjs.org/jest-snapshot cache-miss
4881 http cache https://registry.npmjs.org/exit 12ms (cache hit)
4882 silly packumentCache full:https://registry.npmjs.org/exit set size:14769 disposed:false
4883 silly fetch manifest @jest/reporters@^27.5.1
4884 silly packumentCache full:https://registry.npmjs.org/@jest%2freporters cache-miss
4885 http cache https://registry.npmjs.org/jest-runtime 13ms (cache hit)
4886 silly packumentCache full:https://registry.npmjs.org/jest-runtime set size:903623 disposed:false
4887 silly fetch manifest @jest/test-result@^27.5.1
4888 silly packumentCache full:https://registry.npmjs.org/@jest%2ftest-result cache-miss
4889 http cache https://registry.npmjs.org/jest-runner 24ms (cache hit)
4890 silly packumentCache full:https://registry.npmjs.org/jest-runner set size:722298 disposed:false
4891 silly fetch manifest jest-message-util@^27.5.1
4892 silly packumentCache full:https://registry.npmjs.org/jest-message-util cache-miss
4893 http cache https://registry.npmjs.org/emittery 32ms (cache hit)
4894 silly packumentCache full:https://registry.npmjs.org/emittery set size:112859 disposed:false
4895 silly fetch manifest jest-changed-files@^27.5.1
4896 silly packumentCache full:https://registry.npmjs.org/jest-changed-files cache-miss
4897 http cache https://registry.npmjs.org/jest-snapshot 31ms (cache hit)
4898 silly packumentCache full:https://registry.npmjs.org/jest-snapshot set size:780481 disposed:false
4899 silly fetch manifest jest-resolve-dependencies@^27.5.1
4900 silly packumentCache full:https://registry.npmjs.org/jest-resolve-dependencies cache-miss
4901 http cache https://registry.npmjs.org/jest-config 42ms (cache hit)
4902 silly packumentCache full:https://registry.npmjs.org/jest-config set size:862937 disposed:false
4903 silly fetch manifest resolve-cwd@^3.0.0
4904 silly packumentCache full:https://registry.npmjs.org/resolve-cwd cache-miss
4905 http cache https://registry.npmjs.org/@jest%2fconsole 51ms (cache hit)
4906 silly packumentCache full:https://registry.npmjs.org/@jest%2fconsole set size:335941 disposed:false
4907 silly fetch manifest yargs@^16.2.0
4908 silly packumentCache full:https://registry.npmjs.org/yargs cache-miss
4909 http cache https://registry.npmjs.org/@jest%2ftest-result 41ms (cache hit)
4910 silly packumentCache full:https://registry.npmjs.org/@jest%2ftest-result set size:346835 disposed:false
4911 http cache https://registry.npmjs.org/@jest%2freporters 56ms (cache hit)
4912 silly packumentCache full:https://registry.npmjs.org/@jest%2freporters set size:565939 disposed:false
4913 http cache https://registry.npmjs.org/jest-changed-files 42ms (cache hit)
4914 silly packumentCache full:https://registry.npmjs.org/jest-changed-files set size:407498 disposed:false
4915 http cache https://registry.npmjs.org/jest-message-util 48ms (cache hit)
4916 silly packumentCache full:https://registry.npmjs.org/jest-message-util set size:518776 disposed:false
4917 http cache https://registry.npmjs.org/jest-resolve-dependencies 42ms (cache hit)
4918 silly packumentCache full:https://registry.npmjs.org/jest-resolve-dependencies set size:635085 disposed:false
4919 http cache https://registry.npmjs.org/resolve-cwd 37ms (cache hit)
4920 silly packumentCache full:https://registry.npmjs.org/resolve-cwd set size:8449 disposed:false
4921 http cache https://registry.npmjs.org/yargs 34ms (cache hit)
4922 silly packumentCache full:https://registry.npmjs.org/yargs set size:751093 disposed:false
4923 silly placeDep ROOT @jest/console@27.5.1 OK for: @jest/core@27.5.1 want: ^27.5.1
4924 silly placeDep ROOT @jest/reporters@27.5.1 OK for: @jest/core@27.5.1 want: ^27.5.1
4925 silly placeDep ROOT @jest/test-result@27.5.1 OK for: @jest/core@27.5.1 want: ^27.5.1
4926 silly placeDep ROOT ansi-escapes@4.3.2 OK for: @jest/core@27.5.1 want: ^4.2.1
4927 silly placeDep ROOT emittery@0.8.1 OK for: @jest/core@27.5.1 want: ^0.8.1
4928 silly placeDep ROOT exit@0.1.2 OK for: @jest/core@27.5.1 want: ^0.1.2
4929 silly placeDep ROOT jest-changed-files@27.5.1 OK for: @jest/core@27.5.1 want: ^27.5.1
4930 silly placeDep ROOT jest-config@27.5.1 OK for: @jest/core@27.5.1 want: ^27.5.1
4931 silly placeDep ROOT jest-message-util@27.5.1 OK for: @jest/core@27.5.1 want: ^27.5.1
4932 silly placeDep ROOT jest-resolve-dependencies@27.5.1 OK for: @jest/core@27.5.1 want: ^27.5.1
4933 silly placeDep ROOT jest-runner@27.5.1 OK for: @jest/core@27.5.1 want: ^27.5.1
4934 silly placeDep ROOT jest-runtime@27.5.1 OK for: @jest/core@27.5.1 want: ^27.5.1
4935 silly placeDep ROOT jest-snapshot@27.5.1 OK for: @jest/core@27.5.1 want: ^27.5.1
4936 silly placeDep ROOT jest-validate@27.5.1 OK for: @jest/core@27.5.1 want: ^27.5.1
4937 silly placeDep ROOT jest-watcher@27.5.1 OK for: @jest/core@27.5.1 want: ^27.5.1
4938 silly placeDep ROOT rimraf@3.0.2 OK for: @jest/core@27.5.1 want: ^3.0.0
4939 silly placeDep ROOT strip-ansi@6.0.1 OK for: @jest/core@27.5.1 want: ^6.0.0
4940 silly fetch manifest glob@^7.1.2
4941 silly packumentCache full:https://registry.npmjs.org/glob cache-hit
4942 silly fetch manifest source-map@^0.6.0
4943 silly packumentCache full:https://registry.npmjs.org/source-map cache-hit
4944 silly fetch manifest string-length@^4.0.1
4945 silly packumentCache full:https://registry.npmjs.org/string-length cache-hit
4946 silly fetch manifest terminal-link@^2.0.0
4947 silly packumentCache full:https://registry.npmjs.org/terminal-link cache-miss
4948 silly fetch manifest v8-to-istanbul@^8.1.0
4949 silly packumentCache full:https://registry.npmjs.org/v8-to-istanbul cache-miss
4950 silly fetch manifest istanbul-reports@^3.1.3
4951 silly packumentCache full:https://registry.npmjs.org/istanbul-reports cache-miss
4952 silly fetch manifest @bcoe/v8-coverage@^0.2.3
4953 silly packumentCache full:https://registry.npmjs.org/@bcoe%2fv8-coverage cache-miss
4954 silly fetch manifest collect-v8-coverage@^1.0.0
4955 silly packumentCache full:https://registry.npmjs.org/collect-v8-coverage cache-miss
4956 silly fetch manifest istanbul-lib-report@^3.0.0
4957 silly packumentCache full:https://registry.npmjs.org/istanbul-lib-report cache-miss
4958 silly fetch manifest istanbul-lib-source-maps@^4.0.0
4959 silly packumentCache full:https://registry.npmjs.org/istanbul-lib-source-maps cache-miss
4960 http cache https://registry.npmjs.org/v8-to-istanbul 8ms (cache hit)
4961 silly packumentCache full:https://registry.npmjs.org/v8-to-istanbul set size:167645 disposed:false
4962 silly fetch manifest collect-v8-coverage@^1.0.0
4963 silly packumentCache full:https://registry.npmjs.org/collect-v8-coverage cache-miss
4964 http cache https://registry.npmjs.org/istanbul-reports 10ms (cache hit)
4965 silly packumentCache full:https://registry.npmjs.org/istanbul-reports set size:148926 disposed:false
4966 silly fetch manifest type-fest@^0.21.3
4967 silly packumentCache full:https://registry.npmjs.org/type-fest cache-miss
4968 http cache https://registry.npmjs.org/@bcoe%2fv8-coverage 11ms (cache hit)
4969 silly packumentCache full:https://registry.npmjs.org/@bcoe%2fv8-coverage set size:20438 disposed:false
4970 silly fetch manifest execa@^5.0.0
4971 silly packumentCache full:https://registry.npmjs.org/execa cache-miss
4972 http cache https://registry.npmjs.org/terminal-link 14ms (cache hit)
4973 silly packumentCache full:https://registry.npmjs.org/terminal-link set size:26728 disposed:false
4974 silly fetch manifest throat@^6.0.1
4975 silly packumentCache full:https://registry.npmjs.org/throat cache-miss
4976 http cache https://registry.npmjs.org/collect-v8-coverage 12ms (cache hit)
4977 silly packumentCache full:https://registry.npmjs.org/collect-v8-coverage set size:11157 disposed:false
4978 silly fetch manifest glob@^7.1.1
4979 silly packumentCache full:https://registry.npmjs.org/glob cache-hit
4980 silly fetch manifest jest-circus@^27.5.1
4981 silly packumentCache full:https://registry.npmjs.org/jest-circus cache-miss
4982 http cache https://registry.npmjs.org/istanbul-lib-source-maps 13ms (cache hit)
4983 silly packumentCache full:https://registry.npmjs.org/istanbul-lib-source-maps set size:104683 disposed:false
4984 silly fetch manifest jest-get-type@^27.5.1
4985 silly packumentCache full:https://registry.npmjs.org/jest-get-type cache-miss
4986 http cache https://registry.npmjs.org/istanbul-lib-report 14ms (cache hit)
4987 silly packumentCache full:https://registry.npmjs.org/istanbul-lib-report set size:66223 disposed:false
4988 silly fetch manifest jest-jasmine2@^27.5.1
4989 silly packumentCache full:https://registry.npmjs.org/jest-jasmine2 cache-miss
4990 http cache https://registry.npmjs.org/collect-v8-coverage 10ms (cache hit)
4991 silly packumentCache full:https://registry.npmjs.org/collect-v8-coverage set size:11157 disposed:false
4992 silly packumentCache full:https://registry.npmjs.org/collect-v8-coverage dispose
4993 silly fetch manifest pretty-format@^27.5.1
4994 silly packumentCache full:https://registry.npmjs.org/pretty-format cache-miss
4995 http cache https://registry.npmjs.org/type-fest 10ms (cache hit)
4996 silly packumentCache full:https://registry.npmjs.org/type-fest set size:563278 disposed:false
4997 silly fetch manifest @jest/test-sequencer@^27.5.1
4998 silly packumentCache full:https://registry.npmjs.org/@jest%2ftest-sequencer cache-miss
4999 http cache https://registry.npmjs.org/execa 13ms (cache hit)
5000 silly packumentCache full:https://registry.npmjs.org/execa set size:181234 disposed:false
5001 silly fetch manifest jest-environment-node@^27.5.1
5002 silly packumentCache full:https://registry.npmjs.org/jest-environment-node cache-miss
5003 http cache https://registry.npmjs.org/jest-jasmine2 13ms (cache hit)
5004 silly packumentCache full:https://registry.npmjs.org/jest-jasmine2 set size:803381 disposed:false
5005 silly fetch manifest jest-environment-jsdom@^27.5.1
5006 silly packumentCache full:https://registry.npmjs.org/jest-environment-jsdom cache-miss
5007 http cache https://registry.npmjs.org/throat 25ms (cache hit)
5008 silly packumentCache full:https://registry.npmjs.org/throat set size:31052 disposed:false
5009 silly fetch manifest stack-utils@^2.0.3
5010 silly packumentCache full:https://registry.npmjs.org/stack-utils cache-miss
5011 http cache https://registry.npmjs.org/jest-get-type 23ms (cache hit)
5012 silly packumentCache full:https://registry.npmjs.org/jest-get-type set size:201170 disposed:false
5013 silly fetch manifest pretty-format@^27.5.1
5014 silly packumentCache full:https://registry.npmjs.org/pretty-format cache-miss
5015 http cache https://registry.npmjs.org/jest-circus 28ms (cache hit)
5016 silly packumentCache full:https://registry.npmjs.org/jest-circus set size:767757 disposed:false
5017 silly fetch manifest @types/stack-utils@^2.0.0
5018 silly packumentCache full:https://registry.npmjs.org/@types%2fstack-utils cache-miss
5019 http cache https://registry.npmjs.org/jest-environment-jsdom 14ms (cache hit)
5020 silly packumentCache full:https://registry.npmjs.org/jest-environment-jsdom set size:649380 disposed:false
5021 silly fetch manifest jest-docblock@^27.5.1
5022 silly packumentCache full:https://registry.npmjs.org/jest-docblock cache-miss
5023 http cache https://registry.npmjs.org/pretty-format 37ms (cache hit)
5024 silly packumentCache full:https://registry.npmjs.org/pretty-format set size:598313 disposed:false
5025 silly fetch manifest @jest/environment@^27.5.1
5026 silly packumentCache full:https://registry.npmjs.org/@jest%2fenvironment cache-miss
5027 http cache https://registry.npmjs.org/stack-utils 25ms (cache hit)
5028 silly packumentCache full:https://registry.npmjs.org/stack-utils set size:60586 disposed:false
5029 silly fetch manifest jest-leak-detector@^27.5.1
5030 silly packumentCache full:https://registry.npmjs.org/jest-leak-detector cache-miss
5031 http cache https://registry.npmjs.org/jest-environment-node 37ms (cache hit)
5032 silly packumentCache full:https://registry.npmjs.org/jest-environment-node set size:648735 disposed:false
5033 silly fetch manifest source-map-support@^0.5.6
5034 silly packumentCache full:https://registry.npmjs.org/source-map-support cache-hit
5035 silly fetch manifest glob@^7.1.3
5036 silly packumentCache full:https://registry.npmjs.org/glob cache-hit
5037 silly fetch manifest jest-mock@^27.5.1
5038 silly packumentCache full:https://registry.npmjs.org/jest-mock cache-miss
5039 http cache https://registry.npmjs.org/pretty-format 36ms (cache hit)
5040 silly packumentCache full:https://registry.npmjs.org/pretty-format set size:598313 disposed:false
5041 silly packumentCache full:https://registry.npmjs.org/pretty-format dispose
5042 silly fetch manifest strip-bom@^4.0.0
5043 silly packumentCache full:https://registry.npmjs.org/strip-bom cache-hit
5044 silly fetch manifest @jest/globals@^27.5.1
5045 silly packumentCache full:https://registry.npmjs.org/@jest%2fglobals cache-miss
5046 http cache https://registry.npmjs.org/@jest%2ftest-sequencer 57ms (cache hit)
5047 silly packumentCache full:https://registry.npmjs.org/@jest%2ftest-sequencer set size:412639 disposed:false
5048 silly fetch manifest @jest/source-map@^27.5.1
5049 silly packumentCache full:https://registry.npmjs.org/@jest%2fsource-map cache-miss
5050 http cache https://registry.npmjs.org/@types%2fstack-utils 39ms (cache hit)
5051 silly packumentCache full:https://registry.npmjs.org/@types%2fstack-utils set size:11605 disposed:false
5052 silly fetch manifest cjs-module-lexer@^1.0.0
5053 silly packumentCache full:https://registry.npmjs.org/cjs-module-lexer cache-miss
5054 http cache https://registry.npmjs.org/jest-docblock 33ms (cache hit)
5055 silly packumentCache full:https://registry.npmjs.org/jest-docblock set size:259024 disposed:false
5056 silly fetch manifest @jest/environment@^27.5.1
5057 silly packumentCache full:https://registry.npmjs.org/@jest%2fenvironment cache-miss
5058 http cache https://registry.npmjs.org/@jest%2fglobals 11ms (cache hit)
5059 silly packumentCache full:https://registry.npmjs.org/@jest%2fglobals set size:327781 disposed:false
5060 silly fetch manifest @jest/fake-timers@^27.5.1
5061 silly packumentCache full:https://registry.npmjs.org/@jest%2ffake-timers cache-miss
5062 http cache https://registry.npmjs.org/@jest%2fenvironment 33ms (cache hit)
5063 silly packumentCache full:https://registry.npmjs.org/@jest%2fenvironment set size:366609 disposed:false
5064 silly fetch manifest expect@^27.5.1
5065 silly packumentCache full:https://registry.npmjs.org/expect cache-miss
5066 http cache https://registry.npmjs.org/jest-mock 27ms (cache hit)
5067 silly packumentCache full:https://registry.npmjs.org/jest-mock set size:523133 disposed:false
5068 silly fetch manifest semver@^7.3.2
5069 silly packumentCache full:https://registry.npmjs.org/semver cache-hit
5070 silly fetch manifest jest-diff@^27.5.1
5071 silly packumentCache full:https://registry.npmjs.org/jest-diff cache-miss
5072 http cache https://registry.npmjs.org/jest-leak-detector 41ms (cache hit)
5073 silly packumentCache full:https://registry.npmjs.org/jest-leak-detector set size:445110 disposed:false
5074 silly fetch manifest @types/prettier@^2.1.5
5075 silly packumentCache full:https://registry.npmjs.org/@types%2fprettier cache-miss
5076 http cache https://registry.npmjs.org/@jest%2fsource-map 24ms (cache hit)
5077 silly packumentCache full:https://registry.npmjs.org/@jest%2fsource-map set size:163061 disposed:false
5078 silly fetch manifest jest-matcher-utils@^27.5.1
5079 silly packumentCache full:https://registry.npmjs.org/jest-matcher-utils cache-miss
5080 http cache https://registry.npmjs.org/cjs-module-lexer 26ms (cache hit)
5081 silly packumentCache full:https://registry.npmjs.org/cjs-module-lexer set size:147092 disposed:false
5082 silly fetch manifest leven@^3.1.0
5083 silly packumentCache full:https://registry.npmjs.org/leven cache-miss
5084 http cache https://registry.npmjs.org/@jest%2fenvironment 24ms (cache hit)
5085 silly packumentCache full:https://registry.npmjs.org/@jest%2fenvironment set size:366609 disposed:false
5086 silly packumentCache full:https://registry.npmjs.org/@jest%2fenvironment dispose
5087 silly fetch manifest ansi-regex@^5.0.1
5088 silly packumentCache full:https://registry.npmjs.org/ansi-regex cache-miss
5089 http cache https://registry.npmjs.org/expect 22ms (cache hit)
5090 silly packumentCache full:https://registry.npmjs.org/expect set size:648172 disposed:false
5091 http cache https://registry.npmjs.org/jest-diff 21ms (cache hit)
5092 silly packumentCache full:https://registry.npmjs.org/jest-diff set size:556698 disposed:false
5093 http cache https://registry.npmjs.org/@jest%2ffake-timers 37ms (cache hit)
5094 silly packumentCache full:https://registry.npmjs.org/@jest%2ffake-timers set size:371447 disposed:false
5095 http cache https://registry.npmjs.org/leven 22ms (cache hit)
5096 silly packumentCache full:https://registry.npmjs.org/leven set size:23210 disposed:false
5097 http cache https://registry.npmjs.org/@types%2fprettier 27ms (cache hit)
5098 silly packumentCache full:https://registry.npmjs.org/@types%2fprettier set size:152382 disposed:false
5099 http cache https://registry.npmjs.org/jest-matcher-utils 27ms (cache hit)
5100 silly packumentCache full:https://registry.npmjs.org/jest-matcher-utils set size:580701 disposed:false
5101 http cache https://registry.npmjs.org/ansi-regex 26ms (cache hit)
5102 silly packumentCache full:https://registry.npmjs.org/ansi-regex set size:43572 disposed:false
5103 silly placeDep ROOT @bcoe/v8-coverage@0.2.3 OK for: @jest/reporters@27.5.1 want: ^0.2.3
5104 silly placeDep ROOT collect-v8-coverage@1.0.3 OK for: @jest/reporters@27.5.1 want: ^1.0.0
5105 silly placeDep ROOT glob@7.2.3 OK for: @jest/reporters@27.5.1 want: ^7.1.2
5106 silly placeDep ROOT istanbul-lib-report@3.0.1 OK for: @jest/reporters@27.5.1 want: ^3.0.0
5107 silly placeDep ROOT istanbul-lib-source-maps@4.0.1 OK for: @jest/reporters@27.5.1 want: ^4.0.0
5108 silly placeDep ROOT istanbul-reports@3.2.0 OK for: @jest/reporters@27.5.1 want: ^3.1.3
5109 silly placeDep node_modules/@jest/reporters source-map@0.6.1 OK for: @jest/reporters@27.5.1 want: ^0.6.0
5110 silly placeDep ROOT string-length@4.0.2 OK for: @jest/reporters@27.5.1 want: ^4.0.1
5111 silly placeDep ROOT terminal-link@2.1.1 OK for: @jest/reporters@27.5.1 want: ^2.0.0
5112 silly placeDep ROOT v8-to-istanbul@8.1.1 OK for: @jest/reporters@27.5.1 want: ^8.1.0
5113 silly fetch manifest once@^1.3.0
5114 silly packumentCache full:https://registry.npmjs.org/once cache-miss
5115 silly fetch manifest inflight@^1.0.4
5116 silly packumentCache full:https://registry.npmjs.org/inflight cache-miss
5117 silly fetch manifest inherits@2
5118 silly packumentCache full:https://registry.npmjs.org/inherits cache-miss
5119 silly fetch manifest fs.realpath@^1.0.0
5120 silly packumentCache full:https://registry.npmjs.org/fs.realpath cache-miss
5121 silly fetch manifest path-is-absolute@^1.0.0
5122 silly packumentCache full:https://registry.npmjs.org/path-is-absolute cache-miss
5123 silly fetch manifest make-dir@^4.0.0
5124 silly packumentCache full:https://registry.npmjs.org/make-dir cache-hit
5125 silly fetch manifest html-escaper@^2.0.0
5126 silly packumentCache full:https://registry.npmjs.org/html-escaper cache-miss
5127 silly fetch manifest char-regex@^1.0.2
5128 silly packumentCache full:https://registry.npmjs.org/char-regex cache-miss
5129 http cache https://registry.npmjs.org/inflight 8ms (cache hit)
5130 silly packumentCache full:https://registry.npmjs.org/inflight set size:13140 disposed:false
5131 silly fetch manifest supports-hyperlinks@^2.0.0
5132 silly packumentCache full:https://registry.npmjs.org/supports-hyperlinks cache-miss
5133 http cache https://registry.npmjs.org/once 9ms (cache hit)
5134 silly packumentCache full:https://registry.npmjs.org/once set size:11752 disposed:false
5135 silly fetch manifest convert-source-map@^1.6.0
5136 silly packumentCache full:https://registry.npmjs.org/convert-source-map cache-hit
5137 http cache https://registry.npmjs.org/fs.realpath 8ms (cache hit)
5138 silly packumentCache full:https://registry.npmjs.org/fs.realpath set size:4806 disposed:false
5139 http cache https://registry.npmjs.org/path-is-absolute 9ms (cache hit)
5140 silly packumentCache full:https://registry.npmjs.org/path-is-absolute set size:8253 disposed:false
5141 http cache https://registry.npmjs.org/inherits 10ms (cache hit)
5142 silly packumentCache full:https://registry.npmjs.org/inherits set size:12925 disposed:false
5143 http cache https://registry.npmjs.org/html-escaper 10ms (cache hit)
5144 silly packumentCache full:https://registry.npmjs.org/html-escaper set size:29853 disposed:false
5145 http cache https://registry.npmjs.org/char-regex 10ms (cache hit)
5146 silly packumentCache full:https://registry.npmjs.org/char-regex set size:20509 disposed:false
5147 http cache https://registry.npmjs.org/supports-hyperlinks 5ms (cache hit)
5148 silly packumentCache full:https://registry.npmjs.org/supports-hyperlinks set size:38477 disposed:false
5149 silly placeDep ROOT type-fest@0.21.3 OK for: ansi-escapes@4.3.2 want: ^0.21.3
5150 silly placeDep ROOT fs.realpath@1.0.0 OK for: glob@7.2.3 want: ^1.0.0
5151 silly placeDep ROOT inflight@1.0.6 OK for: glob@7.2.3 want: ^1.0.4
5152 silly placeDep ROOT inherits@2.0.4 OK for: glob@7.2.3 want: 2
5153 silly placeDep ROOT once@1.4.0 OK for: glob@7.2.3 want: ^1.3.0
5154 silly placeDep ROOT path-is-absolute@1.0.1 OK for: glob@7.2.3 want: ^1.0.0
5155 silly fetch manifest wrappy@1
5156 silly packumentCache full:https://registry.npmjs.org/wrappy cache-miss
5157 silly fetch manifest wrappy@1
5158 silly packumentCache full:https://registry.npmjs.org/wrappy cache-miss
5159 http cache https://registry.npmjs.org/wrappy 2ms (cache hit)
5160 silly packumentCache full:https://registry.npmjs.org/wrappy set size:7682 disposed:false
5161 http cache https://registry.npmjs.org/wrappy 3ms (cache hit)
5162 silly packumentCache full:https://registry.npmjs.org/wrappy set size:7682 disposed:false
5163 silly packumentCache full:https://registry.npmjs.org/wrappy dispose
5164 silly placeDep ROOT resolve-cwd@3.0.0 OK for: import-local@3.2.0 want: ^3.0.0
5165 silly placeDep ROOT wrappy@1.0.2 OK for: inflight@1.0.6 want: 1
5166 silly placeDep node_modules/istanbul-lib-report make-dir@4.0.0 OK for: istanbul-lib-report@3.0.1 want: ^4.0.0
5167 silly fetch manifest semver@^7.5.3
5168 silly packumentCache full:https://registry.npmjs.org/semver cache-hit
5169 silly placeDep node_modules/istanbul-lib-source-maps source-map@0.6.1 OK for: istanbul-lib-source-maps@4.0.1 want: ^0.6.1
5170 silly placeDep ROOT html-escaper@2.0.2 OK for: istanbul-reports@3.2.0 want: ^2.0.0
5171 silly placeDep ROOT execa@5.1.1 OK for: jest-changed-files@27.5.1 want: ^5.0.0
5172 silly placeDep ROOT throat@6.0.2 OK for: jest-changed-files@27.5.1 want: ^6.0.1
5173 silly fetch manifest onetime@^5.1.2
5174 silly packumentCache full:https://registry.npmjs.org/onetime cache-miss
5175 silly fetch manifest is-stream@^2.0.0
5176 silly packumentCache full:https://registry.npmjs.org/is-stream cache-miss
5177 silly fetch manifest get-stream@^6.0.0
5178 silly packumentCache full:https://registry.npmjs.org/get-stream cache-miss
5179 silly fetch manifest signal-exit@^3.0.3
5180 silly packumentCache full:https://registry.npmjs.org/signal-exit cache-hit
5181 silly fetch manifest npm-run-path@^4.0.1
5182 silly packumentCache full:https://registry.npmjs.org/npm-run-path cache-miss
5183 silly fetch manifest human-signals@^2.1.0
5184 silly packumentCache full:https://registry.npmjs.org/human-signals cache-miss
5185 silly fetch manifest strip-final-newline@^2.0.0
5186 silly packumentCache full:https://registry.npmjs.org/strip-final-newline cache-miss
5187 http cache https://registry.npmjs.org/onetime 5ms (cache hit)
5188 silly packumentCache full:https://registry.npmjs.org/onetime set size:32314 disposed:false
5189 http cache https://registry.npmjs.org/is-stream 4ms (cache hit)
5190 silly packumentCache full:https://registry.npmjs.org/is-stream set size:18582 disposed:false
5191 http cache https://registry.npmjs.org/human-signals 5ms (cache hit)
5192 silly packumentCache full:https://registry.npmjs.org/human-signals set size:47322 disposed:false
5193 http cache https://registry.npmjs.org/strip-final-newline 5ms (cache hit)
5194 silly packumentCache full:https://registry.npmjs.org/strip-final-newline set size:9328 disposed:false
5195 http cache https://registry.npmjs.org/npm-run-path 6ms (cache hit)
5196 silly packumentCache full:https://registry.npmjs.org/npm-run-path set size:33596 disposed:false
5197 http cache https://registry.npmjs.org/get-stream 7ms (cache hit)
5198 silly packumentCache full:https://registry.npmjs.org/get-stream set size:57536 disposed:false
5199 silly placeDep ROOT get-stream@6.0.1 OK for: execa@5.1.1 want: ^6.0.0
5200 silly placeDep ROOT human-signals@2.1.0 OK for: execa@5.1.1 want: ^2.1.0
5201 silly placeDep ROOT is-stream@2.0.1 OK for: execa@5.1.1 want: ^2.0.0
5202 silly placeDep ROOT merge-stream@2.0.0 OK for: execa@5.1.1 want: ^2.0.0
5203 silly placeDep ROOT npm-run-path@4.0.1 OK for: execa@5.1.1 want: ^4.0.1
5204 silly placeDep ROOT onetime@5.1.2 OK for: execa@5.1.1 want: ^5.1.2
5205 silly placeDep ROOT signal-exit@3.0.7 OK for: execa@5.1.1 want: ^3.0.3
5206 silly placeDep ROOT strip-final-newline@2.0.0 OK for: execa@5.1.1 want: ^2.0.0
5207 silly fetch manifest mimic-fn@^2.1.0
5208 silly packumentCache full:https://registry.npmjs.org/mimic-fn cache-miss
5209 http cache https://registry.npmjs.org/mimic-fn 2ms (cache hit)
5210 silly packumentCache full:https://registry.npmjs.org/mimic-fn set size:22257 disposed:false
5211 silly placeDep ROOT yargs@16.2.2 OK for: jest-cli@27.5.1 want: ^16.2.0
5212 silly fetch manifest y18n@^5.0.5
5213 silly packumentCache full:https://registry.npmjs.org/y18n cache-miss
5214 silly fetch manifest cliui@^7.0.2
5215 silly packumentCache full:https://registry.npmjs.org/cliui cache-miss
5216 silly fetch manifest escalade@^3.1.1
5217 silly packumentCache full:https://registry.npmjs.org/escalade cache-hit
5218 silly fetch manifest string-width@^4.2.0
5219 silly packumentCache full:https://registry.npmjs.org/string-width cache-miss
5220 silly fetch manifest yargs-parser@^20.2.2
5221 silly packumentCache full:https://registry.npmjs.org/yargs-parser cache-miss
5222 silly fetch manifest get-caller-file@^2.0.5
5223 silly packumentCache full:https://registry.npmjs.org/get-caller-file cache-miss
5224 silly fetch manifest require-directory@^2.1.1
5225 silly packumentCache full:https://registry.npmjs.org/require-directory cache-miss
5226 http cache https://registry.npmjs.org/y18n 4ms (cache hit)
5227 silly packumentCache full:https://registry.npmjs.org/y18n set size:76155 disposed:false
5228 http cache https://registry.npmjs.org/cliui 5ms (cache hit)
5229 silly packumentCache full:https://registry.npmjs.org/cliui set size:69089 disposed:false
5230 http cache https://registry.npmjs.org/yargs-parser 7ms (cache hit)
5231 silly packumentCache full:https://registry.npmjs.org/yargs-parser set size:238630 disposed:false
5232 http cache https://registry.npmjs.org/require-directory 8ms (cache hit)
5233 silly packumentCache full:https://registry.npmjs.org/require-directory set size:26866 disposed:false
5234 http cache https://registry.npmjs.org/string-width 9ms (cache hit)
5235 silly packumentCache full:https://registry.npmjs.org/string-width set size:70381 disposed:false
5236 http cache https://registry.npmjs.org/get-caller-file 9ms (cache hit)
5237 silly packumentCache full:https://registry.npmjs.org/get-caller-file set size:26456 disposed:false
5238 silly placeDep ROOT @jest/test-sequencer@27.5.1 OK for: jest-config@27.5.1 want: ^27.5.1
5239 silly placeDep ROOT ci-info@3.9.0 OK for: jest-config@27.5.1 want: ^3.2.0
5240 silly placeDep ROOT jest-circus@27.5.1 OK for: jest-config@27.5.1 want: ^27.5.1
5241 silly placeDep ROOT jest-environment-jsdom@27.5.1 OK for: jest-config@27.5.1 want: ^27.5.1
5242 silly placeDep ROOT jest-environment-node@27.5.1 OK for: jest-config@27.5.1 want: ^27.5.1
5243 silly placeDep ROOT jest-get-type@27.5.1 OK for: jest-config@27.5.1 want: ^27.5.1
5244 silly placeDep ROOT jest-jasmine2@27.5.1 OK for: jest-config@27.5.1 want: ^27.5.1
5245 silly placeDep ROOT pretty-format@27.5.1 OK for: jest-config@27.5.1 want: ^27.5.1
5246 silly fetch manifest co@^4.6.0
5247 silly packumentCache full:https://registry.npmjs.org/co cache-miss
5248 silly fetch manifest dedent@^0.7.0
5249 silly packumentCache full:https://registry.npmjs.org/dedent cache-miss
5250 silly fetch manifest jest-each@^27.5.1
5251 silly packumentCache full:https://registry.npmjs.org/jest-each cache-miss
5252 silly fetch manifest is-generator-fn@^2.0.0
5253 silly packumentCache full:https://registry.npmjs.org/is-generator-fn cache-miss
5254 silly fetch manifest jsdom@^16.6.0
5255 silly packumentCache full:https://registry.npmjs.org/jsdom cache-miss
5256 silly fetch manifest co@^4.6.0
5257 silly packumentCache full:https://registry.npmjs.org/co cache-miss
5258 silly fetch manifest jest-each@^27.5.1
5259 silly packumentCache full:https://registry.npmjs.org/jest-each cache-miss
5260 http cache https://registry.npmjs.org/is-generator-fn 5ms (cache hit)
5261 silly packumentCache full:https://registry.npmjs.org/is-generator-fn set size:10518 disposed:false
5262 silly fetch manifest react-is@^17.0.1
5263 silly packumentCache full:https://registry.npmjs.org/react-is cache-miss
5264 http cache https://registry.npmjs.org/co 7ms (cache hit)
5265 silly packumentCache full:https://registry.npmjs.org/co set size:53621 disposed:false
5266 silly fetch manifest ansi-styles@^5.0.0
5267 silly packumentCache full:https://registry.npmjs.org/ansi-styles cache-hit
5268 http cache https://registry.npmjs.org/co 10ms (cache hit)
5269 silly packumentCache full:https://registry.npmjs.org/co set size:53621 disposed:false
5270 silly packumentCache full:https://registry.npmjs.org/co dispose
5271 http cache https://registry.npmjs.org/jest-each 12ms (cache hit)
5272 silly packumentCache full:https://registry.npmjs.org/jest-each set size:423322 disposed:false
5273 http cache https://registry.npmjs.org/jest-each 18ms (cache hit)
5274 silly packumentCache full:https://registry.npmjs.org/jest-each set size:423322 disposed:false
5275 silly packumentCache full:https://registry.npmjs.org/jest-each dispose
5276 http cache https://registry.npmjs.org/dedent 22ms (cache hit)
5277 silly packumentCache full:https://registry.npmjs.org/dedent set size:77148 disposed:false
5278 http cache https://registry.npmjs.org/jsdom 23ms (cache hit)
5279 silly packumentCache full:https://registry.npmjs.org/jsdom set size:1064917 disposed:false
5280 http cache https://registry.npmjs.org/react-is 36ms (cache hit)
5281 silly packumentCache full:https://registry.npmjs.org/react-is set size:5448003 disposed:false
5282 silly placeDep ROOT @jest/environment@27.5.1 OK for: jest-circus@27.5.1 want: ^27.5.1
5283 silly placeDep ROOT co@4.6.0 OK for: jest-circus@27.5.1 want: ^4.6.0
5284 silly placeDep ROOT dedent@0.7.0 OK for: jest-circus@27.5.1 want: ^0.7.0
5285 silly placeDep ROOT expect@27.5.1 OK for: jest-circus@27.5.1 want: ^27.5.1
5286 silly placeDep ROOT is-generator-fn@2.1.0 OK for: jest-circus@27.5.1 want: ^2.0.0
5287 silly placeDep ROOT jest-each@27.5.1 OK for: jest-circus@27.5.1 want: ^27.5.1
5288 silly placeDep ROOT jest-matcher-utils@27.5.1 OK for: jest-circus@27.5.1 want: ^27.5.1
5289 silly placeDep ROOT stack-utils@2.0.6 OK for: jest-circus@27.5.1 want: ^2.0.3
5290 silly fetch manifest escape-string-regexp@^2.0.0
5291 silly packumentCache full:https://registry.npmjs.org/escape-string-regexp cache-hit
5292 silly placeDep ROOT @jest/fake-timers@27.5.1 OK for: @jest/environment@27.5.1 want: ^27.5.1
5293 silly placeDep ROOT jest-mock@27.5.1 OK for: @jest/environment@27.5.1 want: ^27.5.1
5294 silly fetch manifest @sinonjs/fake-timers@^8.0.1
5295 silly packumentCache full:https://registry.npmjs.org/@sinonjs%2ffake-timers cache-miss
5296 http cache https://registry.npmjs.org/@sinonjs%2ffake-timers 9ms (cache hit)
5297 silly packumentCache full:https://registry.npmjs.org/@sinonjs%2ffake-timers set size:407378 disposed:false
5298 silly placeDep ROOT @sinonjs/fake-timers@8.1.0 OK for: @jest/fake-timers@27.5.1 want: ^8.0.1
5299 silly fetch manifest @sinonjs/commons@^1.7.0
5300 silly packumentCache full:https://registry.npmjs.org/@sinonjs%2fcommons cache-miss
5301 http cache https://registry.npmjs.org/@sinonjs%2fcommons 3ms (cache hit)
5302 silly packumentCache full:https://registry.npmjs.org/@sinonjs%2fcommons set size:84818 disposed:false
5303 silly placeDep ROOT @sinonjs/commons@1.8.6 OK for: @sinonjs/fake-timers@8.1.0 want: ^1.7.0
5304 silly fetch manifest type-detect@4.0.8
5305 silly packumentCache full:https://registry.npmjs.org/type-detect cache-miss
5306 http cache https://registry.npmjs.org/type-detect 2ms (cache hit)
5307 silly packumentCache full:https://registry.npmjs.org/type-detect set size:58804 disposed:false
5308 silly placeDep ROOT type-detect@4.0.8 OK for: @sinonjs/commons@1.8.6 want: 4.0.8
5309 silly placeDep ROOT jsdom@16.7.0 OK for: jest-environment-jsdom@27.5.1 want: ^16.6.0
5310 silly fetch manifest ws@^7.4.6
5311 silly packumentCache full:https://registry.npmjs.org/ws cache-hit
5312 silly fetch manifest cssom@^0.4.4
5313 silly packumentCache full:https://registry.npmjs.org/cssom cache-miss
5314 silly fetch manifest saxes@^5.0.1
5315 silly packumentCache full:https://registry.npmjs.org/saxes cache-miss
5316 silly fetch manifest nwsapi@^2.2.0
5317 silly packumentCache full:https://registry.npmjs.org/nwsapi cache-miss
5318 silly fetch manifest parse5@6.0.1
5319 silly packumentCache full:https://registry.npmjs.org/parse5 cache-miss
5320 silly fetch manifest cssstyle@^2.3.0
5321 silly packumentCache full:https://registry.npmjs.org/cssstyle cache-miss
5322 silly fetch manifest data-urls@^2.0.0
5323 silly packumentCache full:https://registry.npmjs.org/data-urls cache-miss
5324 silly fetch manifest escodegen@^2.0.0
5325 silly packumentCache full:https://registry.npmjs.org/escodegen cache-miss
5326 http cache https://registry.npmjs.org/saxes 7ms (cache hit)
5327 silly packumentCache full:https://registry.npmjs.org/saxes set size:228593 disposed:false
5328 silly fetch manifest form-data@^3.0.0
5329 silly packumentCache full:https://registry.npmjs.org/form-data cache-hit
5330 silly fetch manifest decimal.js@^10.2.1
5331 silly packumentCache full:https://registry.npmjs.org/decimal.js cache-miss
5332 http cache https://registry.npmjs.org/data-urls 8ms (cache hit)
5333 silly packumentCache full:https://registry.npmjs.org/data-urls set size:37311 disposed:false
5334 silly fetch manifest whatwg-url@^8.5.0
5335 silly packumentCache full:https://registry.npmjs.org/whatwg-url cache-miss
5336 http cache https://registry.npmjs.org/cssom 12ms (cache hit)
5337 silly packumentCache full:https://registry.npmjs.org/cssom set size:42138 disposed:false
5338 silly fetch manifest symbol-tree@^3.2.4
5339 silly packumentCache full:https://registry.npmjs.org/symbol-tree cache-miss
5340 http cache https://registry.npmjs.org/cssstyle 13ms (cache hit)
5341 silly packumentCache full:https://registry.npmjs.org/cssstyle set size:165320 disposed:false
5342 silly fetch manifest w3c-hr-time@^1.0.2
5343 silly packumentCache full:https://registry.npmjs.org/w3c-hr-time cache-miss
5344 http cache https://registry.npmjs.org/escodegen 14ms (cache hit)
5345 silly packumentCache full:https://registry.npmjs.org/escodegen set size:119723 disposed:false
5346 silly fetch manifest domexception@^2.0.1
5347 silly packumentCache full:https://registry.npmjs.org/domexception cache-miss
5348 http cache https://registry.npmjs.org/nwsapi 19ms (cache hit)
5349 silly packumentCache full:https://registry.npmjs.org/nwsapi set size:92042 disposed:false
5350 silly fetch manifest tough-cookie@^4.0.0
5351 silly packumentCache full:https://registry.npmjs.org/tough-cookie cache-miss
5352 http cache https://registry.npmjs.org/parse5 20ms (cache hit)
5353 silly packumentCache full:https://registry.npmjs.org/parse5 set size:123116 disposed:false
5354 silly fetch manifest acorn-globals@^6.0.0
5355 silly packumentCache full:https://registry.npmjs.org/acorn-globals cache-miss
5356 http cache https://registry.npmjs.org/decimal.js 15ms (cache hit)
5357 silly packumentCache full:https://registry.npmjs.org/decimal.js set size:107790 disposed:false
5358 silly fetch manifest whatwg-encoding@^1.0.5
5359 silly packumentCache full:https://registry.npmjs.org/whatwg-encoding cache-miss
5360 http cache https://registry.npmjs.org/domexception 9ms (cache hit)
5361 silly packumentCache full:https://registry.npmjs.org/domexception set size:16884 disposed:false
5362 silly fetch manifest whatwg-mimetype@^2.3.0
5363 silly packumentCache full:https://registry.npmjs.org/whatwg-mimetype cache-miss
5364 http cache https://registry.npmjs.org/symbol-tree 15ms (cache hit)
5365 silly packumentCache full:https://registry.npmjs.org/symbol-tree set size:60614 disposed:false
5366 silly fetch manifest http-proxy-agent@^4.0.1
5367 silly packumentCache full:https://registry.npmjs.org/http-proxy-agent cache-miss
5368 http cache https://registry.npmjs.org/whatwg-url 19ms (cache hit)
5369 silly packumentCache full:https://registry.npmjs.org/whatwg-url set size:170765 disposed:false
5370 silly fetch manifest https-proxy-agent@^5.0.0
5371 silly packumentCache full:https://registry.npmjs.org/https-proxy-agent cache-miss
5372 http cache https://registry.npmjs.org/w3c-hr-time 17ms (cache hit)
5373 silly packumentCache full:https://registry.npmjs.org/w3c-hr-time set size:16565 disposed:false
5374 silly fetch manifest w3c-xmlserializer@^2.0.0
5375 silly packumentCache full:https://registry.npmjs.org/w3c-xmlserializer cache-miss
5376 http cache https://registry.npmjs.org/tough-cookie 15ms (cache hit)
5377 silly packumentCache full:https://registry.npmjs.org/tough-cookie set size:149007 disposed:false
5378 silly fetch manifest webidl-conversions@^6.1.0
5379 silly packumentCache full:https://registry.npmjs.org/webidl-conversions cache-miss
5380 http cache https://registry.npmjs.org/acorn-globals 17ms (cache hit)
5381 silly packumentCache full:https://registry.npmjs.org/acorn-globals set size:62159 disposed:false
5382 silly fetch manifest xml-name-validator@^3.0.0
5383 silly packumentCache full:https://registry.npmjs.org/xml-name-validator cache-miss
5384 http cache https://registry.npmjs.org/whatwg-encoding 18ms (cache hit)
5385 silly packumentCache full:https://registry.npmjs.org/whatwg-encoding set size:25704 disposed:false
5386 silly fetch manifest html-encoding-sniffer@^2.0.1
5387 silly packumentCache full:https://registry.npmjs.org/html-encoding-sniffer cache-miss
5388 http cache https://registry.npmjs.org/http-proxy-agent 18ms (cache hit)
5389 silly packumentCache full:https://registry.npmjs.org/http-proxy-agent set size:57253 disposed:false
5390 silly fetch manifest is-potential-custom-element-name@^1.0.1
5391 silly packumentCache full:https://registry.npmjs.org/is-potential-custom-element-name cache-miss
5392 http cache https://registry.npmjs.org/whatwg-mimetype 20ms (cache hit)
5393 silly packumentCache full:https://registry.npmjs.org/whatwg-mimetype set size:28179 disposed:false
5394 http cache https://registry.npmjs.org/https-proxy-agent 17ms (cache hit)
5395 silly packumentCache full:https://registry.npmjs.org/https-proxy-agent set size:83792 disposed:false
5396 http cache https://registry.npmjs.org/xml-name-validator 11ms (cache hit)
5397 silly packumentCache full:https://registry.npmjs.org/xml-name-validator set size:11085 disposed:false
5398 http cache https://registry.npmjs.org/webidl-conversions 13ms (cache hit)
5399 silly packumentCache full:https://registry.npmjs.org/webidl-conversions set size:46073 disposed:false
5400 http cache https://registry.npmjs.org/w3c-xmlserializer 20ms (cache hit)
5401 silly packumentCache full:https://registry.npmjs.org/w3c-xmlserializer set size:36375 disposed:false
5402 http cache https://registry.npmjs.org/is-potential-custom-element-name 9ms (cache hit)
5403 silly packumentCache full:https://registry.npmjs.org/is-potential-custom-element-name set size:6810 disposed:false
5404 http cache https://registry.npmjs.org/html-encoding-sniffer 12ms (cache hit)
5405 silly packumentCache full:https://registry.npmjs.org/html-encoding-sniffer set size:23370 disposed:false
5406 silly placeDep ROOT @types/graceful-fs@4.1.9 OK for: jest-haste-map@27.5.1 want: ^4.1.2
5407 silly placeDep ROOT anymatch@3.1.3 OK for: jest-haste-map@27.5.1 want: ^3.0.3
5408 silly placeDep ROOT fb-watchman@2.0.2 OK for: jest-haste-map@27.5.1 want: ^2.0.0
5409 silly placeDep ROOT jest-serializer@27.5.1 OK for: jest-haste-map@27.5.1 want: ^27.5.1
5410 silly placeDep ROOT walker@1.0.8 OK for: jest-haste-map@27.5.1 want: ^1.0.7
5411 silly fetch manifest picomatch@^2.0.4
5412 silly packumentCache full:https://registry.npmjs.org/picomatch cache-hit
5413 silly fetch manifest bser@2.1.1
5414 silly packumentCache full:https://registry.npmjs.org/bser cache-miss
5415 silly fetch manifest makeerror@1.0.12
5416 silly packumentCache full:https://registry.npmjs.org/makeerror cache-miss
5417 http cache https://registry.npmjs.org/makeerror 5ms (cache hit)
5418 silly packumentCache full:https://registry.npmjs.org/makeerror set size:16681 disposed:false
5419 http cache https://registry.npmjs.org/bser 6ms (cache hit)
5420 silly packumentCache full:https://registry.npmjs.org/bser set size:14158 disposed:false
5421 silly placeDep ROOT picomatch@2.3.2 OK for: anymatch@3.1.3 want: ^2.0.4
5422 silly placeDep ROOT bser@2.1.1 OK for: fb-watchman@2.0.2 want: 2.1.1
5423 silly fetch manifest node-int64@^0.4.0
5424 silly packumentCache full:https://registry.npmjs.org/node-int64 cache-miss
5425 http cache https://registry.npmjs.org/node-int64 3ms (cache hit)
5426 silly packumentCache full:https://registry.npmjs.org/node-int64 set size:11660 disposed:false
5427 silly placeDep ROOT node-int64@0.4.0 OK for: bser@2.1.1 want: ^0.4.0
5428 silly placeDep ROOT @jest/source-map@27.5.1 OK for: jest-jasmine2@27.5.1 want: ^27.5.1
5429 silly placeDep node_modules/@jest/source-map source-map@0.6.1 OK for: @jest/source-map@27.5.1 want: ^0.6.0
5430 silly placeDep ROOT jest-diff@27.5.1 OK for: jest-matcher-utils@27.5.1 want: ^27.5.1
5431 silly fetch manifest diff-sequences@^27.5.1
5432 silly packumentCache full:https://registry.npmjs.org/diff-sequences cache-miss
5433 http cache https://registry.npmjs.org/diff-sequences 4ms (cache hit)
5434 silly packumentCache full:https://registry.npmjs.org/diff-sequences set size:180764 disposed:false
5435 silly placeDep ROOT diff-sequences@27.5.1 OK for: jest-diff@27.5.1 want: ^27.5.1
5436 silly placeDep ROOT @types/stack-utils@2.0.3 OK for: jest-message-util@27.5.1 want: ^2.0.0
5437 silly placeDep ROOT jest-pnp-resolver@1.2.3 OK for: jest-resolve@27.5.1 want: ^1.2.2
5438 silly placeDep node_modules/jest-resolve resolve@1.22.12 OK for: jest-resolve@27.5.1 want: ^1.20.0
5439 silly placeDep ROOT resolve.exports@1.1.1 OK for: jest-resolve@27.5.1 want: ^1.1.0
5440 silly placeDep ROOT jest-docblock@27.5.1 OK for: jest-runner@27.5.1 want: ^27.5.1
5441 silly placeDep ROOT jest-leak-detector@27.5.1 OK for: jest-runner@27.5.1 want: ^27.5.1
5442 silly placeDep ROOT source-map-support@0.5.21 OK for: jest-runner@27.5.1 want: ^0.5.6
5443 silly fetch manifest detect-newline@^3.0.0
5444 silly packumentCache full:https://registry.npmjs.org/detect-newline cache-miss
5445 silly fetch manifest buffer-from@^1.0.0
5446 silly packumentCache full:https://registry.npmjs.org/buffer-from cache-miss
5447 http cache https://registry.npmjs.org/buffer-from 3ms (cache hit)
5448 silly packumentCache full:https://registry.npmjs.org/buffer-from set size:15463 disposed:false
5449 http cache https://registry.npmjs.org/detect-newline 4ms (cache hit)
5450 silly packumentCache full:https://registry.npmjs.org/detect-newline set size:25512 disposed:false
5451 silly placeDep ROOT detect-newline@3.1.0 OK for: jest-docblock@27.5.1 want: ^3.0.0
5452 silly placeDep ROOT @jest/globals@27.5.1 OK for: jest-runtime@27.5.1 want: ^27.5.1
5453 silly placeDep ROOT cjs-module-lexer@1.4.3 OK for: jest-runtime@27.5.1 want: ^1.0.0
5454 silly placeDep ROOT strip-bom@4.0.0 OK for: jest-runtime@27.5.1 want: ^4.0.0
5455 silly placeDep ROOT @types/prettier@2.7.3 OK for: jest-snapshot@27.5.1 want: ^2.1.5
5456 silly placeDep node_modules/jest-snapshot semver@7.8.5 OK for: jest-snapshot@27.5.1 want: ^7.3.2
5457 silly placeDep ROOT leven@3.1.0 OK for: jest-validate@27.5.1 want: ^3.1.0
5458 silly placeDep node_modules/jest-watch-typeahead jest-regex-util@28.0.2 OK for: jest-watch-typeahead@1.1.0 want: ^28.0.0
5459 silly placeDep node_modules/jest-watch-typeahead jest-watcher@28.1.3 OK for: jest-watch-typeahead@1.1.0 want: ^28.0.0
5460 silly placeDep node_modules/jest-watch-typeahead slash@4.0.0 OK for: jest-watch-typeahead@1.1.0 want: ^4.0.0
5461 silly placeDep node_modules/jest-watch-typeahead string-length@5.0.1 OK for: jest-watch-typeahead@1.1.0 want: ^5.0.1
5462 silly placeDep node_modules/jest-watch-typeahead strip-ansi@7.2.0 OK for: jest-watch-typeahead@1.1.0 want: ^7.0.1
5463 silly fetch manifest emittery@^0.10.2
5464 silly packumentCache full:https://registry.npmjs.org/emittery cache-hit
5465 silly fetch manifest jest-util@^28.1.3
5466 silly packumentCache full:https://registry.npmjs.org/jest-util cache-hit
5467 silly fetch manifest @jest/types@^28.1.3
5468 silly packumentCache full:https://registry.npmjs.org/@jest%2ftypes cache-hit
5469 silly fetch manifest @jest/test-result@^28.1.3
5470 silly packumentCache full:https://registry.npmjs.org/@jest%2ftest-result cache-hit
5471 silly fetch manifest char-regex@^2.0.0
5472 silly packumentCache full:https://registry.npmjs.org/char-regex cache-hit
5473 silly fetch manifest ansi-regex@^6.2.2
5474 silly packumentCache full:https://registry.npmjs.org/ansi-regex cache-hit
5475 silly placeDep node_modules/jest-worker supports-color@8.1.1 OK for: jest-worker@27.5.1 want: ^8.0.0
5476 silly placeDep ROOT abab@2.0.6 OK for: jsdom@16.7.0 want: ^2.0.5
5477 silly placeDep ROOT acorn-globals@6.0.0 OK for: jsdom@16.7.0 want: ^6.0.0
5478 silly placeDep ROOT cssom@0.4.4 OK for: jsdom@16.7.0 want: ^0.4.4
5479 silly placeDep ROOT cssstyle@2.3.0 OK for: jsdom@16.7.0 want: ^2.3.0
5480 silly placeDep ROOT data-urls@2.0.0 OK for: jsdom@16.7.0 want: ^2.0.0
5481 silly placeDep ROOT decimal.js@10.6.0 OK for: jsdom@16.7.0 want: ^10.2.1
5482 silly placeDep ROOT domexception@2.0.1 OK for: jsdom@16.7.0 want: ^2.0.1
5483 silly placeDep ROOT escodegen@2.1.0 OK for: jsdom@16.7.0 want: ^2.0.0
5484 silly placeDep node_modules/jsdom form-data@3.0.5 OK for: jsdom@16.7.0 want: ^3.0.0
5485 silly placeDep ROOT html-encoding-sniffer@2.0.1 OK for: jsdom@16.7.0 want: ^2.0.1
5486 silly placeDep ROOT http-proxy-agent@4.0.1 OK for: jsdom@16.7.0 want: ^4.0.1
5487 silly placeDep ROOT https-proxy-agent@5.0.1 OK for: jsdom@16.7.0 want: ^5.0.0
5488 silly placeDep ROOT is-potential-custom-element-name@1.0.1 OK for: jsdom@16.7.0 want: ^1.0.1
5489 silly placeDep ROOT nwsapi@2.2.24 OK for: jsdom@16.7.0 want: ^2.2.0
5490 silly placeDep ROOT parse5@6.0.1 OK for: jsdom@16.7.0 want: 6.0.1
5491 silly placeDep ROOT saxes@5.0.1 OK for: jsdom@16.7.0 want: ^5.0.1
5492 silly placeDep ROOT symbol-tree@3.2.4 OK for: jsdom@16.7.0 want: ^3.2.4
5493 silly placeDep ROOT tough-cookie@4.1.4 OK for: jsdom@16.7.0 want: ^4.0.0
5494 silly placeDep ROOT w3c-hr-time@1.0.2 OK for: jsdom@16.7.0 want: ^1.0.2
5495 silly placeDep ROOT w3c-xmlserializer@2.0.0 OK for: jsdom@16.7.0 want: ^2.0.0
5496 silly placeDep ROOT webidl-conversions@6.1.0 OK for: jsdom@16.7.0 want: ^6.1.0
5497 silly placeDep ROOT whatwg-encoding@1.0.5 OK for: jsdom@16.7.0 want: ^1.0.5
5498 silly placeDep ROOT whatwg-mimetype@2.3.0 OK for: jsdom@16.7.0 want: ^2.3.0
5499 silly placeDep ROOT whatwg-url@8.7.0 OK for: jsdom@16.7.0 want: ^8.5.0
5500 silly placeDep ROOT ws@7.5.11 OK for: jsdom@16.7.0 want: ^7.4.6
5501 silly placeDep ROOT xml-name-validator@3.0.0 OK for: jsdom@16.7.0 want: ^3.0.0
5502 silly fetch manifest acorn@^7.1.1
5503 silly packumentCache full:https://registry.npmjs.org/acorn cache-hit
5504 silly fetch manifest acorn-walk@^7.1.1
5505 silly packumentCache full:https://registry.npmjs.org/acorn-walk cache-hit
5506 silly fetch manifest cssom@~0.3.6
5507 silly packumentCache full:https://registry.npmjs.org/cssom cache-hit
5508 silly fetch manifest whatwg-url@^8.0.0
5509 silly packumentCache full:https://registry.npmjs.org/whatwg-url cache-hit
5510 silly fetch manifest webidl-conversions@^5.0.0
5511 silly packumentCache full:https://registry.npmjs.org/webidl-conversions cache-hit
5512 silly fetch manifest esprima@^4.0.1
5513 silly packumentCache full:https://registry.npmjs.org/esprima cache-hit
5514 silly fetch manifest source-map@~0.6.1
5515 silly packumentCache full:https://registry.npmjs.org/source-map cache-hit
5516 silly fetch manifest agent-base@6
5517 silly packumentCache full:https://registry.npmjs.org/agent-base cache-miss
5518 silly fetch manifest @tootallnate/once@1
5519 silly packumentCache full:https://registry.npmjs.org/@tootallnate%2fonce cache-miss
5520 silly fetch manifest agent-base@6
5521 silly packumentCache full:https://registry.npmjs.org/agent-base cache-miss
5522 silly fetch manifest xmlchars@^2.2.0
5523 silly packumentCache full:https://registry.npmjs.org/xmlchars cache-miss
5524 silly fetch manifest psl@^1.1.33
5525 silly packumentCache full:https://registry.npmjs.org/psl cache-miss
5526 silly fetch manifest punycode@^2.1.1
5527 silly packumentCache full:https://registry.npmjs.org/punycode cache-hit
5528 silly fetch manifest url-parse@^1.5.3
5529 silly packumentCache full:https://registry.npmjs.org/url-parse cache-miss
5530 silly fetch manifest universalify@^0.2.0
5531 silly packumentCache full:https://registry.npmjs.org/universalify cache-hit
5532 silly fetch manifest browser-process-hrtime@^1.0.0
5533 silly packumentCache full:https://registry.npmjs.org/browser-process-hrtime cache-miss
5534 http cache https://registry.npmjs.org/agent-base 8ms (cache hit)
5535 silly packumentCache full:https://registry.npmjs.org/agent-base set size:72085 disposed:false
5536 silly fetch manifest iconv-lite@0.4.24
5537 silly packumentCache full:https://registry.npmjs.org/iconv-lite cache-hit
5538 silly fetch manifest tr46@^2.1.0
5539 silly packumentCache full:https://registry.npmjs.org/tr46 cache-miss
5540 http cache https://registry.npmjs.org/xmlchars 10ms (cache hit)
5541 silly packumentCache full:https://registry.npmjs.org/xmlchars set size:33578 disposed:false
5542 http cache https://registry.npmjs.org/url-parse 10ms (cache hit)
5543 silly packumentCache full:https://registry.npmjs.org/url-parse set size:131789 disposed:false
5544 http cache https://registry.npmjs.org/agent-base 13ms (cache hit)
5545 silly packumentCache full:https://registry.npmjs.org/agent-base set size:72085 disposed:false
5546 silly packumentCache full:https://registry.npmjs.org/agent-base dispose
5547 http cache https://registry.npmjs.org/@tootallnate%2fonce 15ms (cache hit)
5548 silly packumentCache full:https://registry.npmjs.org/@tootallnate%2fonce set size:21927 disposed:false
5549 http cache https://registry.npmjs.org/browser-process-hrtime 13ms (cache hit)
5550 silly packumentCache full:https://registry.npmjs.org/browser-process-hrtime set size:13214 disposed:false
5551 http cache https://registry.npmjs.org/psl 15ms (cache hit)
5552 silly packumentCache full:https://registry.npmjs.org/psl set size:129526 disposed:false
5553 http cache https://registry.npmjs.org/tr46 9ms (cache hit)
5554 silly packumentCache full:https://registry.npmjs.org/tr46 set size:47377 disposed:false
5555 silly placeDep node_modules/acorn-globals acorn@7.4.1 OK for: acorn-globals@6.0.0 want: ^7.1.1
5556 silly placeDep ROOT acorn-walk@7.2.0 OK for: acorn-globals@6.0.0 want: ^7.1.1
5557 silly placeDep node_modules/cssstyle cssom@0.3.8 OK for: cssstyle@2.3.0 want: ~0.3.6
5558 silly placeDep node_modules/domexception webidl-conversions@5.0.0 OK for: domexception@2.0.1 want: ^5.0.0
5559 silly placeDep ROOT esprima@4.0.1 OK for: escodegen@2.1.0 want: ^4.0.1
5560 silly placeDep node_modules/escodegen source-map@0.6.1 OK for: escodegen@2.1.0 want: ~0.6.1
5561 silly placeDep ROOT @tootallnate/once@1.1.2 OK for: http-proxy-agent@4.0.1 want: 1
5562 silly placeDep ROOT agent-base@6.0.2 OK for: http-proxy-agent@4.0.1 want: 6
5563 silly placeDep node_modules/jsonpath esprima@1.2.5 OK for: jsonpath@1.3.0 want: 1.2.5
5564 silly placeDep ROOT static-eval@2.1.1 OK for: jsonpath@1.3.0 want: 2.1.1
5565 silly placeDep ROOT underscore@1.13.6 OK for: jsonpath@1.3.0 want: 1.13.6
5566 silly placeDep ROOT big.js@5.2.2 OK for: loader-utils@2.0.4 want: ^5.2.2
5567 silly placeDep ROOT emojis-list@3.0.0 OK for: loader-utils@2.0.4 want: ^3.0.0
5568 silly placeDep ROOT yallist@3.1.1 OK for: lru-cache@5.1.1 want: ^3.0.2
5569 silly placeDep ROOT braces@3.0.3 OK for: micromatch@4.0.8 want: ^3.0.3
5570 silly fetch manifest fill-range@^7.1.1
5571 silly packumentCache full:https://registry.npmjs.org/fill-range cache-miss
5572 http cache https://registry.npmjs.org/fill-range 2ms (cache hit)
5573 silly packumentCache full:https://registry.npmjs.org/fill-range set size:90162 disposed:false
5574 silly placeDep ROOT fill-range@7.1.1 OK for: braces@3.0.3 want: ^7.1.1
5575 silly fetch manifest to-regex-range@^5.0.1
5576 silly packumentCache full:https://registry.npmjs.org/to-regex-range cache-miss
5577 http cache https://registry.npmjs.org/to-regex-range 2ms (cache hit)
5578 silly packumentCache full:https://registry.npmjs.org/to-regex-range set size:61569 disposed:false
5579 silly placeDep ROOT to-regex-range@5.0.1 OK for: fill-range@7.1.1 want: ^5.0.1
5580 silly fetch manifest is-number@^7.0.0
5581 silly packumentCache full:https://registry.npmjs.org/is-number cache-miss
5582 http cache https://registry.npmjs.org/is-number 3ms (cache hit)
5583 silly packumentCache full:https://registry.npmjs.org/is-number set size:36183 disposed:false
5584 silly placeDep ROOT mimic-fn@2.1.0 OK for: onetime@5.1.2 want: ^2.1.0
5585 silly placeDep ROOT dot-case@3.0.4 OK for: param-case@3.0.4 want: ^3.0.4
5586 silly placeDep ROOT no-case@3.0.4 OK for: dot-case@3.0.4 want: ^3.0.4
5587 silly fetch manifest lower-case@^2.0.2
5588 silly packumentCache full:https://registry.npmjs.org/lower-case cache-miss
5589 http cache https://registry.npmjs.org/lower-case 2ms (cache hit)
5590 silly packumentCache full:https://registry.npmjs.org/lower-case set size:27690 disposed:false
5591 silly placeDep ROOT lower-case@2.0.2 OK for: no-case@3.0.4 want: ^2.0.2
5592 silly placeDep node_modules/pkg-dir find-up@4.1.0 OK for: pkg-dir@4.2.0 want: ^4.0.0
5593 silly placeDep ROOT postcss-selector-parser@6.1.4 OK for: postcss-calc@8.2.4 want: ^6.0.9
5594 silly fetch manifest cssesc@^3.0.0
5595 silly packumentCache full:https://registry.npmjs.org/cssesc cache-miss
5596 silly fetch manifest util-deprecate@^1.0.2
5597 silly packumentCache full:https://registry.npmjs.org/util-deprecate cache-miss
5598 http cache https://registry.npmjs.org/cssesc 2ms (cache hit)
5599 silly packumentCache full:https://registry.npmjs.org/cssesc set size:18815 disposed:false
5600 http cache https://registry.npmjs.org/util-deprecate 3ms (cache hit)
5601 silly packumentCache full:https://registry.npmjs.org/util-deprecate set size:6674 disposed:false
5602 silly placeDep ROOT caniuse-api@3.0.0 OK for: postcss-colormin@5.3.1 want: ^3.0.0
5603 silly placeDep ROOT colord@2.9.3 OK for: postcss-colormin@5.3.1 want: ^2.9.1
5604 silly fetch manifest lodash.uniq@^4.5.0
5605 silly packumentCache full:https://registry.npmjs.org/lodash.uniq cache-miss
5606 silly fetch manifest lodash.memoize@^4.1.2
5607 silly packumentCache full:https://registry.npmjs.org/lodash.memoize cache-miss
5608 http cache https://registry.npmjs.org/lodash.uniq 2ms (cache hit)
5609 silly packumentCache full:https://registry.npmjs.org/lodash.uniq set size:44173 disposed:false
5610 http cache https://registry.npmjs.org/lodash.memoize 3ms (cache hit)
5611 silly packumentCache full:https://registry.npmjs.org/lodash.memoize set size:41190 disposed:false
5612 silly placeDep ROOT lodash.memoize@4.1.2 OK for: caniuse-api@3.0.0 want: ^4.1.2
5613 silly placeDep ROOT lodash.uniq@4.5.0 OK for: caniuse-api@3.0.0 want: ^4.5.0
5614 silly placeDep ROOT klona@2.0.6 OK for: postcss-loader@6.2.1 want: ^2.0.5
5615 silly placeDep node_modules/postcss-loader semver@7.8.5 OK for: postcss-loader@6.2.1 want: ^7.3.5
5616 silly placeDep ROOT stylehacks@5.1.1 OK for: postcss-merge-longhand@5.1.7 want: ^5.1.1
5617 silly placeDep node_modules/postcss-modules-local-by-default postcss-selector-parser@7.1.4 OK for: postcss-modules-local-by-default@4.2.0 want: ^7.0.0
5618 silly placeDep node_modules/postcss-modules-scope postcss-selector-parser@7.1.4 OK for: postcss-modules-scope@3.2.1 want: ^7.0.0
5619 silly placeDep ROOT @csstools/normalize.css@12.1.1 OK for: postcss-normalize@10.0.1 want: *
5620 silly placeDep ROOT postcss-browser-comments@4.0.0 OK for: postcss-normalize@10.0.1 want: ^4
5621 silly placeDep ROOT sanitize.css@13.0.0 OK for: postcss-normalize@10.0.1 want: *
5622 silly placeDep ROOT normalize-url@6.1.0 OK for: postcss-normalize-url@5.1.0 want: ^6.0.1
5623 silly placeDep ROOT @csstools/postcss-cascade-layers@1.1.1 OK for: postcss-preset-env@7.8.3 want: ^1.1.1
5624 silly placeDep ROOT @csstools/postcss-color-function@1.1.1 OK for: postcss-preset-env@7.8.3 want: ^1.1.1
5625 silly placeDep ROOT @csstools/postcss-font-format-keywords@1.0.1 OK for: postcss-preset-env@7.8.3 want: ^1.0.1
5626 silly placeDep ROOT @csstools/postcss-hwb-function@1.0.2 OK for: postcss-preset-env@7.8.3 want: ^1.0.2
5627 silly placeDep ROOT @csstools/postcss-ic-unit@1.0.1 OK for: postcss-preset-env@7.8.3 want: ^1.0.1
5628 silly placeDep ROOT @csstools/postcss-is-pseudo-class@2.0.7 OK for: postcss-preset-env@7.8.3 want: ^2.0.7
5629 silly placeDep ROOT @csstools/postcss-nested-calc@1.0.0 OK for: postcss-preset-env@7.8.3 want: ^1.0.0
5630 silly placeDep ROOT @csstools/postcss-normalize-display-values@1.0.1 OK for: postcss-preset-env@7.8.3 want: ^1.0.1
5631 silly placeDep ROOT @csstools/postcss-oklab-function@1.1.1 OK for: postcss-preset-env@7.8.3 want: ^1.1.1
5632 silly placeDep ROOT @csstools/postcss-progressive-custom-properties@1.3.0 OK for: postcss-preset-env@7.8.3 want: ^1.3.0
5633 silly placeDep ROOT @csstools/postcss-stepped-value-functions@1.0.1 OK for: postcss-preset-env@7.8.3 want: ^1.0.1
5634 silly placeDep ROOT @csstools/postcss-text-decoration-shorthand@1.0.0 OK for: postcss-preset-env@7.8.3 want: ^1.0.0
5635 silly placeDep ROOT @csstools/postcss-trigonometric-functions@1.0.2 OK for: postcss-preset-env@7.8.3 want: ^1.0.2
5636 silly placeDep ROOT @csstools/postcss-unset-value@1.0.2 OK for: postcss-preset-env@7.8.3 want: ^1.0.2
5637 silly placeDep ROOT css-blank-pseudo@3.0.3 OK for: postcss-preset-env@7.8.3 want: ^3.0.3
5638 silly placeDep ROOT css-has-pseudo@3.0.4 OK for: postcss-preset-env@7.8.3 want: ^3.0.4
5639 silly placeDep ROOT css-prefers-color-scheme@6.0.3 OK for: postcss-preset-env@7.8.3 want: ^6.0.3
5640 silly placeDep ROOT cssdb@7.11.2 OK for: postcss-preset-env@7.8.3 want: ^7.1.0
5641 silly placeDep ROOT postcss-attribute-case-insensitive@5.0.2 OK for: postcss-preset-env@7.8.3 want: ^5.0.2
5642 silly placeDep ROOT postcss-clamp@4.1.0 OK for: postcss-preset-env@7.8.3 want: ^4.1.0
5643 silly placeDep ROOT postcss-color-functional-notation@4.2.4 OK for: postcss-preset-env@7.8.3 want: ^4.2.4
5644 silly placeDep ROOT postcss-color-hex-alpha@8.0.4 OK for: postcss-preset-env@7.8.3 want: ^8.0.4
5645 silly placeDep ROOT postcss-color-rebeccapurple@7.1.1 OK for: postcss-preset-env@7.8.3 want: ^7.1.1
5646 silly placeDep ROOT postcss-custom-media@8.0.2 OK for: postcss-preset-env@7.8.3 want: ^8.0.2
5647 silly placeDep ROOT postcss-custom-properties@12.1.11 OK for: postcss-preset-env@7.8.3 want: ^12.1.10
5648 silly placeDep ROOT postcss-custom-selectors@6.0.3 OK for: postcss-preset-env@7.8.3 want: ^6.0.3
5649 silly placeDep ROOT postcss-dir-pseudo-class@6.0.5 OK for: postcss-preset-env@7.8.3 want: ^6.0.5
5650 silly placeDep ROOT postcss-double-position-gradients@3.1.2 OK for: postcss-preset-env@7.8.3 want: ^3.1.2
5651 silly placeDep ROOT postcss-env-function@4.0.6 OK for: postcss-preset-env@7.8.3 want: ^4.0.6
5652 silly placeDep ROOT postcss-focus-visible@6.0.4 OK for: postcss-preset-env@7.8.3 want: ^6.0.4
5653 silly placeDep ROOT postcss-focus-within@5.0.4 OK for: postcss-preset-env@7.8.3 want: ^5.0.4
5654 silly placeDep ROOT postcss-font-variant@5.0.0 OK for: postcss-preset-env@7.8.3 want: ^5.0.0
5655 silly placeDep ROOT postcss-gap-properties@3.0.5 OK for: postcss-preset-env@7.8.3 want: ^3.0.5
5656 silly placeDep ROOT postcss-image-set-function@4.0.7 OK for: postcss-preset-env@7.8.3 want: ^4.0.7
5657 silly placeDep ROOT postcss-initial@4.0.1 OK for: postcss-preset-env@7.8.3 want: ^4.0.1
5658 silly placeDep ROOT postcss-lab-function@4.2.1 OK for: postcss-preset-env@7.8.3 want: ^4.2.1
5659 silly placeDep ROOT postcss-logical@5.0.4 OK for: postcss-preset-env@7.8.3 want: ^5.0.4
5660 silly placeDep ROOT postcss-media-minmax@5.0.0 OK for: postcss-preset-env@7.8.3 want: ^5.0.0
5661 silly placeDep ROOT postcss-nesting@10.2.0 OK for: postcss-preset-env@7.8.3 want: ^10.2.0
5662 silly placeDep ROOT postcss-opacity-percentage@1.1.3 OK for: postcss-preset-env@7.8.3 want: ^1.1.2
5663 silly placeDep ROOT postcss-overflow-shorthand@3.0.4 OK for: postcss-preset-env@7.8.3 want: ^3.0.4
5664 silly placeDep ROOT postcss-page-break@3.0.4 OK for: postcss-preset-env@7.8.3 want: ^3.0.4
5665 silly placeDep ROOT postcss-place@7.0.5 OK for: postcss-preset-env@7.8.3 want: ^7.0.5
5666 silly placeDep ROOT postcss-pseudo-class-any-link@7.1.6 OK for: postcss-preset-env@7.8.3 want: ^7.1.6
5667 silly placeDep ROOT postcss-replace-overflow-wrap@4.0.0 OK for: postcss-preset-env@7.8.3 want: ^4.0.0
5668 silly placeDep ROOT postcss-selector-not@6.0.1 OK for: postcss-preset-env@7.8.3 want: ^6.0.1
5669 silly fetch manifest @csstools/selector-specificity@^2.0.2
5670 silly packumentCache full:https://registry.npmjs.org/@csstools%2fselector-specificity cache-miss
5671 silly fetch manifest @csstools/postcss-progressive-custom-properties@^1.1.0
5672 silly packumentCache full:https://registry.npmjs.org/@csstools%2fpostcss-progressive-custom-properties cache-hit
5673 silly fetch manifest @csstools/postcss-progressive-custom-properties@^1.1.0
5674 silly packumentCache full:https://registry.npmjs.org/@csstools%2fpostcss-progressive-custom-properties cache-hit
5675 silly fetch manifest @csstools/selector-specificity@^2.0.0
5676 silly packumentCache full:https://registry.npmjs.org/@csstools%2fselector-specificity cache-miss
5677 silly fetch manifest @csstools/postcss-progressive-custom-properties@^1.1.0
5678 silly packumentCache full:https://registry.npmjs.org/@csstools%2fpostcss-progressive-custom-properties cache-hit
5679 silly fetch manifest @csstools/selector-specificity@^2.0.0
5680 silly packumentCache full:https://registry.npmjs.org/@csstools%2fselector-specificity cache-miss
5681 http cache https://registry.npmjs.org/@csstools%2fselector-specificity 6ms (cache hit)
5682 silly packumentCache full:https://registry.npmjs.org/@csstools%2fselector-specificity set size:51031 disposed:false
5683 http cache https://registry.npmjs.org/@csstools%2fselector-specificity 7ms (cache hit)
5684 silly packumentCache full:https://registry.npmjs.org/@csstools%2fselector-specificity set size:51031 disposed:false
5685 silly packumentCache full:https://registry.npmjs.org/@csstools%2fselector-specificity dispose
5686 http cache https://registry.npmjs.org/@csstools%2fselector-specificity 8ms (cache hit)
5687 silly packumentCache full:https://registry.npmjs.org/@csstools%2fselector-specificity set size:51031 disposed:true
5688 silly packumentCache full:https://registry.npmjs.org/@csstools%2fselector-specificity dispose
5689 silly placeDep ROOT @csstools/selector-specificity@2.2.0 OK for: @csstools/postcss-cascade-layers@1.1.1 want: ^2.0.2
5690 silly placeDep ROOT cssesc@3.0.0 OK for: postcss-selector-parser@6.1.4 want: ^3.0.0
5691 silly placeDep ROOT util-deprecate@1.0.2 OK for: postcss-selector-parser@6.1.4 want: ^1.0.2
5692 silly placeDep node_modules/postcss-svgo svgo@2.8.2 OK for: postcss-svgo@5.1.0 want: ^2.7.0
5693 silly fetch manifest sax@^1.5.0
5694 silly packumentCache full:https://registry.npmjs.org/sax cache-hit
5695 silly fetch manifest csso@^4.2.0
5696 silly packumentCache full:https://registry.npmjs.org/csso cache-hit
5697 silly fetch manifest css-tree@^1.1.3
5698 silly packumentCache full:https://registry.npmjs.org/css-tree cache-hit
5699 silly fetch manifest commander@^7.2.0
5700 silly packumentCache full:https://registry.npmjs.org/commander cache-hit
5701 silly fetch manifest css-select@^4.1.3
5702 silly packumentCache full:https://registry.npmjs.org/css-select cache-hit
5703 silly placeDep ROOT renderkid@3.0.0 OK for: pretty-error@4.0.0 want: ^3.0.0
5704 silly fetch manifest dom-converter@^0.2.0
5705 silly packumentCache full:https://registry.npmjs.org/dom-converter cache-miss
5706 silly fetch manifest htmlparser2@^6.1.0
5707 silly packumentCache full:https://registry.npmjs.org/htmlparser2 cache-miss
5708 http cache https://registry.npmjs.org/dom-converter 2ms (cache hit)
5709 silly packumentCache full:https://registry.npmjs.org/dom-converter set size:9521 disposed:false
5710 http cache https://registry.npmjs.org/htmlparser2 3ms (cache hit)
5711 silly packumentCache full:https://registry.npmjs.org/htmlparser2 set size:176911 disposed:false
5712 silly placeDep ROOT ansi-regex@5.0.1 OK for: pretty-format@27.5.1 want: ^5.0.1
5713 silly placeDep node_modules/pretty-format ansi-styles@5.2.0 OK for: pretty-format@27.5.1 want: ^5.0.0
5714 silly placeDep node_modules/pretty-format react-is@17.0.2 OK for: pretty-format@27.5.1 want: ^17.0.1
5715 silly placeDep ROOT kleur@3.0.3 OK for: prompts@2.4.2 want: ^3.0.3
5716 silly placeDep ROOT sisteransi@1.0.5 OK for: prompts@2.4.2 want: ^1.0.5
5717 silly placeDep ROOT core-js@3.49.0 OK for: react-app-polyfill@3.0.0 want: ^3.19.2
5718 silly placeDep ROOT promise@8.3.0 OK for: react-app-polyfill@3.0.0 want: ^8.1.0
5719 silly placeDep ROOT raf@3.4.1 OK for: react-app-polyfill@3.0.0 want: ^3.4.1
5720 silly placeDep ROOT regenerator-runtime@0.13.11 OK for: react-app-polyfill@3.0.0 want: ^0.13.9
5721 silly placeDep ROOT whatwg-fetch@3.6.20 OK for: react-app-polyfill@3.0.0 want: ^3.6.2
5722 silly fetch manifest asap@~2.0.6
5723 silly packumentCache full:https://registry.npmjs.org/asap cache-miss
5724 silly fetch manifest performance-now@^2.1.0
5725 silly packumentCache full:https://registry.npmjs.org/performance-now cache-miss
5726 http cache https://registry.npmjs.org/performance-now 2ms (cache hit)
5727 silly packumentCache full:https://registry.npmjs.org/performance-now set size:19893 disposed:false
5728 http cache https://registry.npmjs.org/asap 3ms (cache hit)
5729 silly packumentCache full:https://registry.npmjs.org/asap set size:30968 disposed:false
5730 silly placeDep ROOT asap@2.0.6 OK for: promise@8.3.0 want: ~2.0.6
5731 silly placeDep ROOT performance-now@2.1.0 OK for: raf@3.4.1 want: ^2.1.0
5732 silly placeDep ROOT address@1.2.2 OK for: react-dev-utils@12.0.1 want: ^1.1.2
5733 silly placeDep ROOT detect-port-alt@1.1.6 OK for: react-dev-utils@12.0.1 want: ^1.1.6
5734 silly placeDep ROOT filesize@8.0.7 OK for: react-dev-utils@12.0.1 want: ^8.0.6
5735 silly placeDep ROOT fork-ts-checker-webpack-plugin@6.5.3 OK for: react-dev-utils@12.0.1 want: ^6.5.0
5736 silly placeDep ROOT global-modules@2.0.0 OK for: react-dev-utils@12.0.1 want: ^2.0.0
5737 silly placeDep ROOT gzip-size@6.0.0 OK for: react-dev-utils@12.0.1 want: ^6.0.0
5738 silly placeDep ROOT immer@9.0.21 OK for: react-dev-utils@12.0.1 want: ^9.0.7
5739 silly placeDep ROOT is-root@2.1.0 OK for: react-dev-utils@12.0.1 want: ^2.1.0
5740 silly placeDep node_modules/react-dev-utils loader-utils@3.3.1 OK for: react-dev-utils@12.0.1 want: ^3.2.0
5741 silly placeDep ROOT open@8.4.2 OK for: react-dev-utils@12.0.1 want: ^8.4.0
5742 silly placeDep ROOT pkg-up@3.1.0 OK for: react-dev-utils@12.0.1 want: ^3.1.0
5743 silly placeDep ROOT react-error-overlay@6.1.0 OK for: react-dev-utils@12.0.1 want: ^6.0.11
5744 silly placeDep ROOT recursive-readdir@2.2.3 OK for: react-dev-utils@12.0.1 want: ^2.2.2
5745 silly placeDep ROOT shell-quote@1.9.0 OK for: react-dev-utils@12.0.1 want: ^1.7.3
5746 silly placeDep ROOT text-table@0.2.0 OK for: react-dev-utils@12.0.1 want: ^0.2.0
5747 silly fetch manifest debug@^2.6.0
5748 silly packumentCache full:https://registry.npmjs.org/debug cache-hit
5749 silly fetch manifest memfs@^3.1.2
5750 silly packumentCache full:https://registry.npmjs.org/memfs cache-miss
5751 silly fetch manifest tapable@^1.0.0
5752 silly packumentCache full:https://registry.npmjs.org/tapable cache-hit
5753 silly fetch manifest chokidar@^3.4.2
5754 silly packumentCache full:https://registry.npmjs.org/chokidar cache-hit
5755 silly fetch manifest fs-extra@^9.0.0
5756 silly packumentCache full:https://registry.npmjs.org/fs-extra cache-hit
5757 silly fetch manifest cosmiconfig@^6.0.0
5758 silly packumentCache full:https://registry.npmjs.org/cosmiconfig cache-hit
5759 silly fetch manifest schema-utils@2.7.0
5760 silly packumentCache full:https://registry.npmjs.org/schema-utils cache-hit
5761 silly fetch manifest global-prefix@^3.0.0
5762 silly packumentCache full:https://registry.npmjs.org/global-prefix cache-miss
5763 silly fetch manifest duplexer@^0.1.2
5764 silly packumentCache full:https://registry.npmjs.org/duplexer cache-miss
5765 silly fetch manifest is-wsl@^2.2.0
5766 silly packumentCache full:https://registry.npmjs.org/is-wsl cache-miss
5767 silly fetch manifest is-docker@^2.1.1
5768 silly packumentCache full:https://registry.npmjs.org/is-docker cache-miss
5769 silly fetch manifest define-lazy-prop@^2.0.0
5770 silly packumentCache full:https://registry.npmjs.org/define-lazy-prop cache-miss
5771 silly fetch manifest find-up@^3.0.0
5772 silly packumentCache full:https://registry.npmjs.org/find-up cache-hit
5773 http cache https://registry.npmjs.org/global-prefix 4ms (cache hit)
5774 silly packumentCache full:https://registry.npmjs.org/global-prefix set size:28947 disposed:false
5775 http cache https://registry.npmjs.org/memfs 8ms (cache hit)
5776 silly packumentCache full:https://registry.npmjs.org/memfs set size:874175 disposed:false
5777 http cache https://registry.npmjs.org/is-wsl 12ms (cache hit)
5778 silly packumentCache full:https://registry.npmjs.org/is-wsl set size:20683 disposed:false
5779 http cache https://registry.npmjs.org/duplexer 13ms (cache hit)
5780 silly packumentCache full:https://registry.npmjs.org/duplexer set size:17171 disposed:false
5781 http cache https://registry.npmjs.org/is-docker 14ms (cache hit)
5782 silly packumentCache full:https://registry.npmjs.org/is-docker set size:23690 disposed:false
5783 http cache https://registry.npmjs.org/define-lazy-prop 13ms (cache hit)
5784 silly packumentCache full:https://registry.npmjs.org/define-lazy-prop set size:9337 disposed:false
5785 silly placeDep node_modules/detect-port-alt debug@2.6.9 OK for: detect-port-alt@1.1.6 want: ^2.6.0
5786 silly fetch manifest ms@2.0.0
5787 silly packumentCache full:https://registry.npmjs.org/ms cache-hit
5788 silly placeDep ROOT chokidar@3.6.0 OK for: fork-ts-checker-webpack-plugin@6.5.3 want: ^3.4.2
5789 silly placeDep node_modules/fork-ts-checker-webpack-plugin cosmiconfig@6.0.0 OK for: fork-ts-checker-webpack-plugin@6.5.3 want: ^6.0.0
5790 silly placeDep node_modules/fork-ts-checker-webpack-plugin fs-extra@9.1.0 OK for: fork-ts-checker-webpack-plugin@6.5.3 want: ^9.0.0
5791 silly placeDep ROOT memfs@3.5.3 OK for: fork-ts-checker-webpack-plugin@6.5.3 want: ^3.1.2
5792 silly placeDep node_modules/fork-ts-checker-webpack-plugin schema-utils@2.7.0 OK for: fork-ts-checker-webpack-plugin@6.5.3 want: 2.7.0
5793 silly placeDep node_modules/fork-ts-checker-webpack-plugin semver@7.8.5 OK for: fork-ts-checker-webpack-plugin@6.5.3 want: ^7.3.2
5794 silly placeDep node_modules/fork-ts-checker-webpack-plugin tapable@1.1.3 OK for: fork-ts-checker-webpack-plugin@6.5.3 want: ^1.0.0
5795 silly fetch manifest readdirp@~3.6.0
5796 silly packumentCache full:https://registry.npmjs.org/readdirp cache-miss
5797 silly fetch manifest glob-parent@~5.1.2
5798 silly packumentCache full:https://registry.npmjs.org/glob-parent cache-hit
5799 silly fetch manifest is-binary-path@~2.1.0
5800 silly packumentCache full:https://registry.npmjs.org/is-binary-path cache-miss
5801 silly fetch manifest at-least-node@^1.0.0
5802 silly packumentCache full:https://registry.npmjs.org/at-least-node cache-miss
5803 silly fetch manifest fs-monkey@^1.0.4
5804 silly packumentCache full:https://registry.npmjs.org/fs-monkey cache-miss
5805 silly fetch manifest ajv-keywords@^3.4.1
5806 silly packumentCache full:https://registry.npmjs.org/ajv-keywords cache-hit
5807 http cache https://registry.npmjs.org/is-binary-path 5ms (cache hit)
5808 silly packumentCache full:https://registry.npmjs.org/is-binary-path set size:13475 disposed:false
5809 http cache https://registry.npmjs.org/fs-monkey 5ms (cache hit)
5810 silly packumentCache full:https://registry.npmjs.org/fs-monkey set size:50154 disposed:false
5811 http cache https://registry.npmjs.org/readdirp 7ms (cache hit)
5812 silly packumentCache full:https://registry.npmjs.org/readdirp set size:107589 disposed:false
5813 http cache https://registry.npmjs.org/at-least-node 7ms (cache hit)
5814 silly packumentCache full:https://registry.npmjs.org/at-least-node set size:4075 disposed:false
5815 silly placeDep node_modules/chokidar glob-parent@5.1.2 OK for: chokidar@3.6.0 want: ~5.1.2
5816 silly placeDep ROOT is-binary-path@2.1.0 OK for: chokidar@3.6.0 want: ~2.1.0
5817 silly placeDep ROOT readdirp@3.6.0 OK for: chokidar@3.6.0 want: ~3.6.0
5818 silly fetch manifest binary-extensions@^2.0.0
5819 silly packumentCache full:https://registry.npmjs.org/binary-extensions cache-miss
5820 http cache https://registry.npmjs.org/binary-extensions 2ms (cache hit)
5821 silly packumentCache full:https://registry.npmjs.org/binary-extensions set size:51551 disposed:false
5822 silly placeDep ROOT global-prefix@3.0.0 OK for: global-modules@2.0.0 want: ^3.0.0
5823 silly fetch manifest ini@^1.3.5
5824 silly packumentCache full:https://registry.npmjs.org/ini cache-miss
5825 silly fetch manifest which@^1.3.1
5826 silly packumentCache full:https://registry.npmjs.org/which cache-hit
5827 silly fetch manifest kind-of@^6.0.2
5828 silly packumentCache full:https://registry.npmjs.org/kind-of cache-miss
5829 http cache https://registry.npmjs.org/ini 4ms (cache hit)
5830 silly packumentCache full:https://registry.npmjs.org/ini set size:59180 disposed:false
5831 http cache https://registry.npmjs.org/kind-of 5ms (cache hit)
5832 silly packumentCache full:https://registry.npmjs.org/kind-of set size:70901 disposed:false
5833 silly placeDep ROOT ini@1.3.8 OK for: global-prefix@3.0.0 want: ^1.3.5
5834 silly placeDep ROOT kind-of@6.0.3 OK for: global-prefix@3.0.0 want: ^6.0.2
5835 silly placeDep node_modules/global-prefix which@1.3.1 OK for: global-prefix@3.0.0 want: ^1.3.1
5836 silly placeDep ROOT duplexer@0.1.2 OK for: gzip-size@6.0.0 want: ^0.1.2
5837 silly placeDep ROOT binary-extensions@2.3.0 OK for: is-binary-path@2.1.0 want: ^2.0.0
5838 silly placeDep ROOT fs-monkey@1.1.0 OK for: memfs@3.5.3 want: ^1.0.4
5839 silly placeDep ROOT define-lazy-prop@2.0.0 OK for: open@8.4.2 want: ^2.0.0
5840 silly placeDep ROOT is-docker@2.2.1 OK for: open@8.4.2 want: ^2.1.1
5841 silly placeDep ROOT is-wsl@2.2.0 OK for: open@8.4.2 want: ^2.2.0
5842 silly placeDep node_modules/pkg-up find-up@3.0.0 OK for: pkg-up@3.1.0 want: ^3.0.0
5843 silly fetch manifest locate-path@^3.0.0
5844 silly packumentCache full:https://registry.npmjs.org/locate-path cache-hit
5845 silly placeDep ROOT get-nonce@1.0.1 OK for: react-style-singleton@2.2.3 want: ^1.0.0
5846 silly placeDep ROOT @reduxjs/toolkit@2.12.0 OK for: recharts@3.6.0 want: 1.x.x || 2.x.x
5847 silly placeDep ROOT decimal.js-light@2.5.1 OK for: recharts@3.6.0 want: ^2.5.1
5848 silly placeDep ROOT es-toolkit@1.48.1 OK for: recharts@3.6.0 want: ^1.39.3
5849 silly placeDep ROOT eventemitter3@5.0.4 OK for: recharts@3.6.0 want: ^5.0.1
5850 silly placeDep node_modules/recharts immer@10.2.0 OK for: recharts@3.6.0 want: ^10.1.1
5851 silly placeDep ROOT react-redux@9.3.0 OK for: recharts@3.6.0 want: 8.x.x || 9.x.x
5852 silly placeDep ROOT reselect@5.1.1 OK for: recharts@3.6.0 want: 5.1.1
5853 silly placeDep ROOT tiny-invariant@1.3.3 OK for: recharts@3.6.0 want: ^1.3.3
5854 silly placeDep ROOT victory-vendor@37.3.6 OK for: recharts@3.6.0 want: ^37.0.2
5855 silly fetch manifest @standard-schema/spec@^1.0.0
5856 silly packumentCache full:https://registry.npmjs.org/@standard-schema%2fspec cache-miss
5857 silly fetch manifest immer@^11.0.0
5858 silly packumentCache full:https://registry.npmjs.org/immer cache-hit
5859 silly fetch manifest redux@^5.0.1
5860 silly packumentCache full:https://registry.npmjs.org/redux cache-miss
5861 silly fetch manifest redux-thunk@^3.1.0
5862 silly packumentCache full:https://registry.npmjs.org/redux-thunk cache-miss
5863 silly fetch manifest reselect@^5.1.0
5864 silly packumentCache full:https://registry.npmjs.org/reselect cache-hit
5865 silly fetch manifest @types/use-sync-external-store@^0.0.6
5866 silly packumentCache full:https://registry.npmjs.org/@types%2fuse-sync-external-store cache-miss
5867 silly fetch manifest d3-ease@^3.0.1
5868 silly packumentCache full:https://registry.npmjs.org/d3-ease cache-miss
5869 silly fetch manifest d3-time@^3.0.0
5870 silly packumentCache full:https://registry.npmjs.org/d3-time cache-miss
5871 silly fetch manifest d3-array@^3.1.6
5872 silly packumentCache full:https://registry.npmjs.org/d3-array cache-miss
5873 http cache https://registry.npmjs.org/@standard-schema%2fspec 6ms (cache hit)
5874 silly packumentCache full:https://registry.npmjs.org/@standard-schema%2fspec set size:27284 disposed:false
5875 silly fetch manifest d3-scale@^4.0.2
5876 silly packumentCache full:https://registry.npmjs.org/d3-scale cache-miss
5877 http cache https://registry.npmjs.org/redux-thunk 8ms (cache hit)
5878 silly packumentCache full:https://registry.npmjs.org/redux-thunk set size:172344 disposed:false
5879 silly fetch manifest d3-shape@^3.1.0
5880 silly packumentCache full:https://registry.npmjs.org/d3-shape cache-miss
5881 http cache https://registry.npmjs.org/d3-ease 8ms (cache hit)
5882 silly packumentCache full:https://registry.npmjs.org/d3-ease set size:109490 disposed:false
5883 silly fetch manifest d3-timer@^3.0.1
5884 silly packumentCache full:https://registry.npmjs.org/d3-timer cache-miss
5885 http cache https://registry.npmjs.org/redux 11ms (cache hit)
5886 silly packumentCache full:https://registry.npmjs.org/redux set size:553833 disposed:false
5887 silly fetch manifest @types/d3-ease@^3.0.0
5888 silly packumentCache full:https://registry.npmjs.org/@types%2fd3-ease cache-miss
5889 http cache https://registry.npmjs.org/@types%2fuse-sync-external-store 15ms (cache hit)
5890 silly packumentCache full:https://registry.npmjs.org/@types%2fuse-sync-external-store set size:14540 disposed:false
5891 silly fetch manifest @types/d3-time@^3.0.0
5892 silly packumentCache full:https://registry.npmjs.org/@types%2fd3-time cache-miss
5893 http cache https://registry.npmjs.org/d3-time 16ms (cache hit)
5894 silly packumentCache full:https://registry.npmjs.org/d3-time set size:150406 disposed:false
5895 silly fetch manifest d3-interpolate@^3.0.1
5896 silly packumentCache full:https://registry.npmjs.org/d3-interpolate cache-miss
5897 http cache https://registry.npmjs.org/d3-array 16ms (cache hit)
5898 silly packumentCache full:https://registry.npmjs.org/d3-array set size:246308 disposed:false
5899 silly fetch manifest @types/d3-array@^3.0.3
5900 silly packumentCache full:https://registry.npmjs.org/@types%2fd3-array cache-miss
5901 http cache https://registry.npmjs.org/d3-scale 16ms (cache hit)
5902 silly packumentCache full:https://registry.npmjs.org/d3-scale set size:514172 disposed:false
5903 silly fetch manifest @types/d3-scale@^4.0.2
5904 silly packumentCache full:https://registry.npmjs.org/@types%2fd3-scale cache-miss
5905 http cache https://registry.npmjs.org/d3-timer 15ms (cache hit)
5906 silly packumentCache full:https://registry.npmjs.org/d3-timer set size:101516 disposed:false
5907 silly fetch manifest @types/d3-shape@^3.1.0
5908 silly packumentCache full:https://registry.npmjs.org/@types%2fd3-shape cache-miss
5909 http cache https://registry.npmjs.org/@types%2fd3-ease 13ms (cache hit)
5910 silly packumentCache full:https://registry.npmjs.org/@types%2fd3-ease set size:41281 disposed:false
5911 silly fetch manifest @types/d3-timer@^3.0.0
5912 silly packumentCache full:https://registry.npmjs.org/@types%2fd3-timer cache-miss
5913 http cache https://registry.npmjs.org/d3-shape 20ms (cache hit)
5914 silly packumentCache full:https://registry.npmjs.org/d3-shape set size:275657 disposed:false
5915 silly fetch manifest @types/d3-interpolate@^3.0.1
5916 silly packumentCache full:https://registry.npmjs.org/@types%2fd3-interpolate cache-miss
5917 http cache https://registry.npmjs.org/@types%2fd3-time 15ms (cache hit)
5918 silly packumentCache full:https://registry.npmjs.org/@types%2fd3-time set size:52652 disposed:false
5919 http cache https://registry.npmjs.org/d3-interpolate 14ms (cache hit)
5920 silly packumentCache full:https://registry.npmjs.org/d3-interpolate set size:162337 disposed:false
5921 http cache https://registry.npmjs.org/@types%2fd3-array 13ms (cache hit)
5922 silly packumentCache full:https://registry.npmjs.org/@types%2fd3-array set size:130543 disposed:false
5923 http cache https://registry.npmjs.org/@types%2fd3-scale 11ms (cache hit)
5924 silly packumentCache full:https://registry.npmjs.org/@types%2fd3-scale set size:131176 disposed:false
5925 http cache https://registry.npmjs.org/@types%2fd3-timer 9ms (cache hit)
5926 silly packumentCache full:https://registry.npmjs.org/@types%2fd3-timer set size:38776 disposed:false
5927 http cache https://registry.npmjs.org/@types%2fd3-interpolate 7ms (cache hit)
5928 silly packumentCache full:https://registry.npmjs.org/@types%2fd3-interpolate set size:56692 disposed:false
5929 http cache https://registry.npmjs.org/@types%2fd3-shape 11ms (cache hit)
5930 silly packumentCache full:https://registry.npmjs.org/@types%2fd3-shape set size:115816 disposed:false
5931 silly placeDep ROOT @standard-schema/spec@1.1.0 OK for: @reduxjs/toolkit@2.12.0 want: ^1.0.0
5932 silly placeDep node_modules/@reduxjs/toolkit immer@11.1.8 OK for: @reduxjs/toolkit@2.12.0 want: ^11.0.0
5933 silly placeDep ROOT redux@5.0.1 OK for: @reduxjs/toolkit@2.12.0 want: ^5.0.1
5934 silly placeDep ROOT redux-thunk@3.1.0 OK for: @reduxjs/toolkit@2.12.0 want: ^3.1.0
5935 silly placeDep ROOT @types/use-sync-external-store@0.0.6 OK for: react-redux@9.3.0 want: ^0.0.6
5936 silly placeDep ROOT regenerate@1.4.2 OK for: regexpu-core@6.4.0 want: ^1.4.2
5937 silly placeDep ROOT regenerate-unicode-properties@10.2.2 OK for: regexpu-core@6.4.0 want: ^10.2.2
5938 silly placeDep ROOT regjsgen@0.8.0 OK for: regexpu-core@6.4.0 want: ^0.8.0
5939 silly placeDep ROOT regjsparser@0.13.2 OK for: regexpu-core@6.4.0 want: ^0.13.0
5940 silly placeDep ROOT unicode-match-property-ecmascript@2.0.0 OK for: regexpu-core@6.4.0 want: ^2.0.0
5941 silly placeDep ROOT unicode-match-property-value-ecmascript@2.2.1 OK for: regexpu-core@6.4.0 want: ^2.2.1
5942 silly fetch manifest unicode-canonical-property-names-ecmascript@^2.0.0
5943 silly packumentCache full:https://registry.npmjs.org/unicode-canonical-property-names-ecmascript cache-miss
5944 silly fetch manifest unicode-property-aliases-ecmascript@^2.0.0
5945 silly packumentCache full:https://registry.npmjs.org/unicode-property-aliases-ecmascript cache-miss
5946 http cache https://registry.npmjs.org/unicode-canonical-property-names-ecmascript 2ms (cache hit)
5947 silly packumentCache full:https://registry.npmjs.org/unicode-canonical-property-names-ecmascript set size:17227 disposed:false
5948 http cache https://registry.npmjs.org/unicode-property-aliases-ecmascript 3ms (cache hit)
5949 silly packumentCache full:https://registry.npmjs.org/unicode-property-aliases-ecmascript set size:28095 disposed:false
5950 silly placeDep ROOT css-select@4.3.0 OK for: renderkid@3.0.0 want: ^4.1.3
5951 silly placeDep ROOT dom-converter@0.2.0 OK for: renderkid@3.0.0 want: ^0.2.0
5952 silly placeDep ROOT htmlparser2@6.1.0 OK for: renderkid@3.0.0 want: ^6.1.0
5953 silly fetch manifest boolbase@^1.0.0
5954 silly packumentCache full:https://registry.npmjs.org/boolbase cache-miss
5955 silly fetch manifest css-what@^6.0.1
5956 silly packumentCache full:https://registry.npmjs.org/css-what cache-miss
5957 silly fetch manifest domutils@^2.8.0
5958 silly packumentCache full:https://registry.npmjs.org/domutils cache-miss
5959 silly fetch manifest nth-check@^2.0.1
5960 silly packumentCache full:https://registry.npmjs.org/nth-check cache-miss
5961 silly fetch manifest domhandler@^4.3.1
5962 silly packumentCache full:https://registry.npmjs.org/domhandler cache-miss
5963 silly fetch manifest utila@~0.4
5964 silly packumentCache full:https://registry.npmjs.org/utila cache-miss
5965 silly fetch manifest domutils@^2.5.2
5966 silly packumentCache full:https://registry.npmjs.org/domutils cache-miss
5967 http cache https://registry.npmjs.org/boolbase 6ms (cache hit)
5968 silly packumentCache full:https://registry.npmjs.org/boolbase set size:4438 disposed:false
5969 silly fetch manifest entities@^2.0.0
5970 silly packumentCache full:https://registry.npmjs.org/entities cache-miss
5971 http cache https://registry.npmjs.org/utila 7ms (cache hit)
5972 silly packumentCache full:https://registry.npmjs.org/utila set size:12722 disposed:false
5973 silly fetch manifest domhandler@^4.0.0
5974 silly packumentCache full:https://registry.npmjs.org/domhandler cache-miss
5975 http cache https://registry.npmjs.org/nth-check 7ms (cache hit)
5976 silly packumentCache full:https://registry.npmjs.org/nth-check set size:27445 disposed:false
5977 silly fetch manifest domelementtype@^2.0.1
5978 silly packumentCache full:https://registry.npmjs.org/domelementtype cache-miss
5979 http cache https://registry.npmjs.org/css-what 9ms (cache hit)
5980 silly packumentCache full:https://registry.npmjs.org/css-what set size:81721 disposed:false
5981 http cache https://registry.npmjs.org/domutils 10ms (cache hit)
5982 silly packumentCache full:https://registry.npmjs.org/domutils set size:110068 disposed:false
5983 http cache https://registry.npmjs.org/domhandler 12ms (cache hit)
5984 silly packumentCache full:https://registry.npmjs.org/domhandler set size:78187 disposed:false
5985 http cache https://registry.npmjs.org/domutils 12ms (cache hit)
5986 silly packumentCache full:https://registry.npmjs.org/domutils set size:110068 disposed:false
5987 silly packumentCache full:https://registry.npmjs.org/domutils dispose
5988 http cache https://registry.npmjs.org/domhandler 10ms (cache hit)
5989 silly packumentCache full:https://registry.npmjs.org/domhandler set size:78187 disposed:false
5990 silly packumentCache full:https://registry.npmjs.org/domhandler dispose
5991 http cache https://registry.npmjs.org/entities 11ms (cache hit)
5992 silly packumentCache full:https://registry.npmjs.org/entities set size:101550 disposed:false
5993 http cache https://registry.npmjs.org/domelementtype 12ms (cache hit)
5994 silly packumentCache full:https://registry.npmjs.org/domelementtype set size:33363 disposed:false
5995 silly placeDep ROOT boolbase@1.0.0 OK for: css-select@4.3.0 want: ^1.0.0
5996 silly placeDep ROOT css-what@6.2.2 OK for: css-select@4.3.0 want: ^6.0.1
5997 silly placeDep ROOT domhandler@4.3.1 OK for: css-select@4.3.0 want: ^4.3.1
5998 silly placeDep ROOT domutils@2.8.0 OK for: css-select@4.3.0 want: ^2.8.0
5999 silly placeDep ROOT nth-check@2.1.1 OK for: css-select@4.3.0 want: ^2.0.1
6000 silly fetch manifest domelementtype@^2.2.0
6001 silly packumentCache full:https://registry.npmjs.org/domelementtype cache-hit
6002 silly fetch manifest dom-serializer@^1.0.1
6003 silly packumentCache full:https://registry.npmjs.org/dom-serializer cache-miss
6004 silly fetch manifest domelementtype@^2.2.0
6005 silly packumentCache full:https://registry.npmjs.org/domelementtype cache-hit
6006 http cache https://registry.npmjs.org/dom-serializer 2ms (cache hit)
6007 silly packumentCache full:https://registry.npmjs.org/dom-serializer set size:61296 disposed:false
6008 silly placeDep ROOT utila@0.4.0 OK for: dom-converter@0.2.0 want: ~0.4
6009 silly placeDep ROOT domelementtype@2.3.0 OK for: domhandler@4.3.1 want: ^2.2.0
6010 silly placeDep ROOT dom-serializer@1.4.1 OK for: domutils@2.8.0 want: ^1.0.1
6011 silly placeDep ROOT entities@2.2.0 OK for: dom-serializer@1.4.1 want: ^2.0.0
6012 silly placeDep ROOT node-exports-info@1.6.2 OK for: resolve@2.0.0-next.7 want: ^1.6.0
6013 silly placeDep ROOT path-parse@1.0.7 OK for: resolve@2.0.0-next.7 want: ^1.0.7
6014 silly placeDep ROOT supports-preserve-symlinks-flag@1.0.0 OK for: resolve@2.0.0-next.7 want: ^1.0.0
6015 silly placeDep node_modules/resolve-cwd resolve-from@5.0.0 OK for: resolve-cwd@3.0.0 want: ^5.0.0
6016 silly placeDep ROOT adjust-sourcemap-loader@4.0.0 OK for: resolve-url-loader@4.0.0 want: ^4.0.0
6017 silly placeDep node_modules/resolve-url-loader convert-source-map@1.9.0 OK for: resolve-url-loader@4.0.0 want: ^1.7.0
6018 silly placeDep node_modules/resolve-url-loader postcss@7.0.39 OK for: resolve-url-loader@4.0.0 want: ^7.0.35
6019 silly placeDep node_modules/resolve-url-loader source-map@0.6.1 OK for: resolve-url-loader@4.0.0 want: 0.6.1
6020 silly fetch manifest regex-parser@^2.2.11
6021 silly packumentCache full:https://registry.npmjs.org/regex-parser cache-miss
6022 silly fetch manifest picocolors@^0.2.1
6023 silly packumentCache full:https://registry.npmjs.org/picocolors cache-hit
6024 http cache https://registry.npmjs.org/regex-parser 2ms (cache hit)
6025 silly packumentCache full:https://registry.npmjs.org/regex-parser set size:36012 disposed:false
6026 silly placeDep ROOT regex-parser@2.3.1 OK for: adjust-sourcemap-loader@4.0.0 want: ^2.2.11
6027 silly placeDep ROOT queue-microtask@1.2.3 OK for: run-parallel@1.2.0 want: ^1.2.2
6028 silly placeDep ROOT isarray@2.0.5 OK for: safe-array-concat@1.1.4 want: ^2.0.5
6029 silly placeDep ROOT neo-async@2.6.2 OK for: sass-loader@12.6.0 want: ^2.6.2
6030 silly placeDep ROOT xmlchars@2.2.0 OK for: saxes@5.0.1 want: ^2.2.0
6031 silly placeDep node_modules/schema-utils ajv@8.20.0 OK for: schema-utils@4.3.3 want: ^8.9.0
6032 silly placeDep ROOT ajv-formats@2.1.1 OK for: schema-utils@4.3.3 want: ^2.1.1
6033 silly placeDep ROOT ajv-keywords@5.1.0 OK for: schema-utils@4.3.3 want: ^5.1.0
6034 silly fetch manifest fast-uri@^3.0.1
6035 silly packumentCache full:https://registry.npmjs.org/fast-uri cache-miss
6036 silly fetch manifest json-schema-traverse@^1.0.0
6037 silly packumentCache full:https://registry.npmjs.org/json-schema-traverse cache-hit
6038 silly fetch manifest require-from-string@^2.0.2
6039 silly packumentCache full:https://registry.npmjs.org/require-from-string cache-miss
6040 silly fetch manifest ajv@^8.0.0
6041 silly packumentCache full:https://registry.npmjs.org/ajv cache-miss
6042 http cache https://registry.npmjs.org/require-from-string 5ms (cache hit)
6043 silly packumentCache full:https://registry.npmjs.org/require-from-string set size:15128 disposed:false
6044 http cache https://registry.npmjs.org/ajv 7ms (cache hit)
6045 silly packumentCache full:https://registry.npmjs.org/ajv set size:1142658 disposed:false
6046 http cache https://registry.npmjs.org/fast-uri 14ms (cache hit)
6047 silly packumentCache full:https://registry.npmjs.org/fast-uri set size:71226 disposed:false
6048 silly placeDep node_modules/ajv-formats ajv@8.20.0 OK for: ajv-formats@2.1.1 want: ^8.0.0
6049 silly placeDep ROOT randombytes@2.1.0 OK for: serialize-javascript@6.0.2 want: ^2.1.0
6050 silly fetch manifest safe-buffer@^5.1.0
6051 silly packumentCache full:https://registry.npmjs.org/safe-buffer cache-miss
6052 http cache https://registry.npmjs.org/safe-buffer 3ms (cache hit)
6053 silly packumentCache full:https://registry.npmjs.org/safe-buffer set size:41183 disposed:false
6054 silly placeDep ROOT safe-buffer@5.2.1 OK for: randombytes@2.1.0 want: ^5.1.0
6055 silly placeDep ROOT shebang-regex@3.0.0 OK for: shebang-command@2.0.0 want: ^3.0.0
6056 silly placeDep ROOT side-channel-list@1.0.1 OK for: side-channel@1.1.1 want: ^1.0.1
6057 silly placeDep ROOT side-channel-map@1.0.1 OK for: side-channel@1.1.1 want: ^1.0.1
6058 silly placeDep ROOT side-channel-weakmap@1.0.2 OK for: side-channel@1.1.1 want: ^1.0.2
6059 silly placeDep ROOT iconv-lite@0.6.3 OK for: source-map-loader@3.0.2 want: ^0.6.3
6060 silly fetch manifest safer-buffer@>= 2.1.2 < 3.0.0
6061 silly packumentCache full:https://registry.npmjs.org/safer-buffer cache-miss
6062 http cache https://registry.npmjs.org/safer-buffer 2ms (cache hit)
6063 silly packumentCache full:https://registry.npmjs.org/safer-buffer set size:18521 disposed:false
6064 silly placeDep ROOT safer-buffer@2.1.2 OK for: iconv-lite@0.6.3 want: >= 2.1.2 < 3.0.0
6065 silly placeDep ROOT buffer-from@1.1.2 OK for: source-map-support@0.5.21 want: ^1.0.0
6066 silly placeDep node_modules/source-map-support source-map@0.6.1 OK for: source-map-support@0.5.21 want: ^0.6.0
6067 silly placeDep node_modules/stack-utils escape-string-regexp@2.0.0 OK for: stack-utils@2.0.6 want: ^2.0.0
6068 silly placeDep ROOT char-regex@1.0.2 OK for: string-length@4.0.2 want: ^1.0.2
6069 silly placeDep ROOT has-flag@4.0.0 OK for: supports-color@7.2.0 want: ^4.0.0
6070 silly placeDep node_modules/svgo chalk@2.4.2 OK for: svgo@1.3.2 want: ^2.4.1
6071 silly placeDep ROOT coa@2.0.2 OK for: svgo@1.3.2 want: ^2.0.2
6072 silly placeDep node_modules/svgo css-select@2.1.0 OK for: svgo@1.3.2 want: ^2.0.0
6073 silly placeDep ROOT css-select-base-adapter@0.1.1 OK for: svgo@1.3.2 want: ^0.1.1
6074 silly placeDep ROOT css-tree@1.0.0-alpha.37 OK for: svgo@1.3.2 want: 1.0.0-alpha.37
6075 silly placeDep ROOT csso@4.2.0 OK for: svgo@1.3.2 want: ^4.0.2
6076 silly placeDep node_modules/svgo js-yaml@3.14.2 OK for: svgo@1.3.2 want: ^3.13.1
6077 silly placeDep ROOT mkdirp@0.5.6 OK for: svgo@1.3.2 want: ~0.5.1
6078 silly placeDep ROOT sax@1.2.4 OK for: svgo@1.3.2 want: ~1.2.4
6079 silly placeDep ROOT stable@0.1.8 OK for: svgo@1.3.2 want: ^0.1.8
6080 silly placeDep ROOT unquote@1.1.1 OK for: svgo@1.3.2 want: ~1.1.1
6081 silly placeDep ROOT util.promisify@1.0.1 OK for: svgo@1.3.2 want: ~1.0.0
6082 silly fetch manifest ansi-styles@^3.2.1
6083 silly packumentCache full:https://registry.npmjs.org/ansi-styles cache-hit
6084 silly fetch manifest supports-color@^5.3.0
6085 silly packumentCache full:https://registry.npmjs.org/supports-color cache-hit
6086 silly fetch manifest escape-string-regexp@^1.0.5
6087 silly packumentCache full:https://registry.npmjs.org/escape-string-regexp cache-hit
6088 silly fetch manifest @types/q@^1.5.1
6089 silly packumentCache full:https://registry.npmjs.org/@types%2fq cache-miss
6090 silly fetch manifest q@^1.1.2
6091 silly packumentCache full:https://registry.npmjs.org/q cache-miss
6092 silly fetch manifest css-what@^3.2.1
6093 silly packumentCache full:https://registry.npmjs.org/css-what cache-hit
6094 silly fetch manifest domutils@^1.7.0
6095 silly packumentCache full:https://registry.npmjs.org/domutils cache-hit
6096 silly fetch manifest nth-check@^1.0.2
6097 silly packumentCache full:https://registry.npmjs.org/nth-check cache-hit
6098 silly fetch manifest mdn-data@2.0.4
6099 silly packumentCache full:https://registry.npmjs.org/mdn-data cache-miss
6100 silly fetch manifest css-tree@^1.1.2
6101 silly packumentCache full:https://registry.npmjs.org/css-tree cache-hit
6102 silly fetch manifest object.getownpropertydescriptors@^2.1.0
6103 silly packumentCache full:https://registry.npmjs.org/object.getownpropertydescriptors cache-miss
6104 http cache https://registry.npmjs.org/@types%2fq 7ms (cache hit)
6105 silly packumentCache full:https://registry.npmjs.org/@types%2fq set size:70033 disposed:false
6106 http cache https://registry.npmjs.org/object.getownpropertydescriptors 6ms (cache hit)
6107 silly packumentCache full:https://registry.npmjs.org/object.getownpropertydescriptors set size:65961 disposed:false
6108 http cache https://registry.npmjs.org/mdn-data 7ms (cache hit)
6109 silly packumentCache full:https://registry.npmjs.org/mdn-data set size:175956 disposed:false
6110 http cache https://registry.npmjs.org/q 10ms (cache hit)
6111 silly packumentCache full:https://registry.npmjs.org/q set size:203226 disposed:false
6112 silly placeDep ROOT @types/q@1.5.8 OK for: coa@2.0.2 want: ^1.5.1
6113 silly placeDep node_modules/coa chalk@2.4.2 OK for: coa@2.0.2 want: ^2.4.1
6114 silly placeDep ROOT q@1.5.1 OK for: coa@2.0.2 want: ^1.1.2
6115 silly placeDep ROOT mdn-data@2.0.4 OK for: css-tree@1.0.0-alpha.37 want: 2.0.4
6116 silly placeDep node_modules/css-tree source-map@0.6.1 OK for: css-tree@1.0.0-alpha.37 want: ^0.6.1
6117 silly placeDep node_modules/csso css-tree@1.1.3 OK for: csso@4.2.0 want: ^1.1.2
6118 silly fetch manifest mdn-data@2.0.14
6119 silly packumentCache full:https://registry.npmjs.org/mdn-data cache-hit
6120 silly placeDep ROOT minimist@1.2.8 OK for: mkdirp@0.5.6 want: ^1.2.6
6121 silly placeDep ROOT dequal@2.0.3 OK for: swr@2.3.8 want: ^2.0.3
6122 silly placeDep ROOT @alloc/quick-lru@5.2.0 OK for: tailwindcss@3.4.17 want: ^5.2.0
6123 silly placeDep ROOT arg@5.0.2 OK for: tailwindcss@3.4.17 want: ^5.0.2
6124 silly placeDep ROOT didyoumean@1.2.2 OK for: tailwindcss@3.4.17 want: ^1.2.2
6125 silly placeDep ROOT dlv@1.1.3 OK for: tailwindcss@3.4.17 want: ^1.1.3
6126 silly placeDep ROOT jiti@1.21.7 OK for: tailwindcss@3.4.17 want: ^1.21.6
6127 silly placeDep node_modules/tailwindcss lilconfig@3.1.3 OK for: tailwindcss@3.4.17 want: ^3.1.3
6128 silly placeDep ROOT object-hash@3.0.0 OK for: tailwindcss@3.4.17 want: ^3.0.0
6129 silly placeDep ROOT postcss-import@15.1.0 OK for: tailwindcss@3.4.17 want: ^15.1.0
6130 silly placeDep ROOT postcss-js@4.1.0 OK for: tailwindcss@3.4.17 want: ^4.0.1
6131 silly placeDep ROOT postcss-load-config@4.0.2 OK for: tailwindcss@3.4.17 want: ^4.0.2
6132 silly placeDep ROOT postcss-nested@6.2.0 OK for: tailwindcss@3.4.17 want: ^6.2.0
6133 silly placeDep node_modules/tailwindcss resolve@1.22.12 OK for: tailwindcss@3.4.17 want: ^1.22.8
6134 silly placeDep ROOT sucrase@3.35.1 OK for: tailwindcss@3.4.17 want: ^3.35.0
6135 silly fetch manifest resolve@^1.1.7
6136 silly packumentCache full:https://registry.npmjs.org/resolve cache-hit
6137 silly fetch manifest read-cache@^1.0.0
6138 silly packumentCache full:https://registry.npmjs.org/read-cache cache-miss
6139 silly fetch manifest camelcase-css@^2.0.1
6140 silly packumentCache full:https://registry.npmjs.org/camelcase-css cache-miss
6141 silly fetch manifest yaml@^2.3.4
6142 silly packumentCache full:https://registry.npmjs.org/yaml cache-hit
6143 silly fetch manifest lilconfig@^3.0.0
6144 silly packumentCache full:https://registry.npmjs.org/lilconfig cache-hit
6145 silly fetch manifest commander@^4.0.0
6146 silly packumentCache full:https://registry.npmjs.org/commander cache-hit
6147 silly fetch manifest mz@^2.7.0
6148 silly packumentCache full:https://registry.npmjs.org/mz cache-miss
6149 silly fetch manifest tinyglobby@^0.2.11
6150 silly packumentCache full:https://registry.npmjs.org/tinyglobby cache-miss
6151 silly fetch manifest ts-interface-checker@^0.1.9
6152 silly packumentCache full:https://registry.npmjs.org/ts-interface-checker cache-miss
6153 http cache https://registry.npmjs.org/mz 7ms (cache hit)
6154 silly packumentCache full:https://registry.npmjs.org/mz set size:42731 disposed:false
6155 http cache https://registry.npmjs.org/camelcase-css 8ms (cache hit)
6156 silly packumentCache full:https://registry.npmjs.org/camelcase-css set size:9392 disposed:false
6157 http cache https://registry.npmjs.org/tinyglobby 7ms (cache hit)
6158 silly packumentCache full:https://registry.npmjs.org/tinyglobby set size:54291 disposed:false
6159 http cache https://registry.npmjs.org/read-cache 9ms (cache hit)
6160 silly packumentCache full:https://registry.npmjs.org/read-cache set size:3003 disposed:false
6161 http cache https://registry.npmjs.org/ts-interface-checker 7ms (cache hit)
6162 silly packumentCache full:https://registry.npmjs.org/ts-interface-checker set size:58946 disposed:false
6163 silly placeDep ROOT read-cache@1.0.0 OK for: postcss-import@15.1.0 want: ^1.0.0
6164 silly placeDep node_modules/postcss-import resolve@1.22.12 OK for: postcss-import@15.1.0 want: ^1.1.7
6165 silly fetch manifest pify@^2.3.0
6166 silly packumentCache full:https://registry.npmjs.org/pify cache-miss
6167 http cache https://registry.npmjs.org/pify 1ms (cache hit)
6168 silly packumentCache full:https://registry.npmjs.org/pify set size:33583 disposed:false
6169 silly placeDep ROOT camelcase-css@2.0.1 OK for: postcss-js@4.1.0 want: ^2.0.1
6170 silly placeDep node_modules/postcss-load-config lilconfig@3.1.3 OK for: postcss-load-config@4.0.2 want: ^3.0.0
6171 silly placeDep node_modules/postcss-load-config yaml@2.9.0 OK for: postcss-load-config@4.0.2 want: ^2.3.4
6172 silly placeDep ROOT pify@2.3.0 OK for: read-cache@1.0.0 want: ^2.3.0
6173 silly placeDep node_modules/sucrase commander@4.1.1 OK for: sucrase@3.35.1 want: ^4.0.0
6174 silly placeDep ROOT mz@2.7.0 OK for: sucrase@3.35.1 want: ^2.7.0
6175 silly placeDep ROOT tinyglobby@0.2.17 OK for: sucrase@3.35.1 want: ^0.2.11
6176 silly placeDep ROOT ts-interface-checker@0.1.13 OK for: sucrase@3.35.1 want: ^0.1.9
6177 silly fetch manifest any-promise@^1.0.0
6178 silly packumentCache full:https://registry.npmjs.org/any-promise cache-miss
6179 silly fetch manifest thenify-all@^1.0.0
6180 silly packumentCache full:https://registry.npmjs.org/thenify-all cache-miss
6181 silly fetch manifest fdir@^6.5.0
6182 silly packumentCache full:https://registry.npmjs.org/fdir cache-miss
6183 silly fetch manifest picomatch@^4.0.4
6184 silly packumentCache full:https://registry.npmjs.org/picomatch cache-hit
6185 http cache https://registry.npmjs.org/thenify-all 3ms (cache hit)
6186 silly packumentCache full:https://registry.npmjs.org/thenify-all set size:18488 disposed:false
6187 http cache https://registry.npmjs.org/any-promise 3ms (cache hit)
6188 silly packumentCache full:https://registry.npmjs.org/any-promise set size:20233 disposed:false
6189 http cache https://registry.npmjs.org/fdir 4ms (cache hit)
6190 silly packumentCache full:https://registry.npmjs.org/fdir set size:136182 disposed:false
6191 silly placeDep ROOT any-promise@1.3.0 OK for: mz@2.7.0 want: ^1.0.0
6192 silly placeDep ROOT thenify-all@1.6.0 OK for: mz@2.7.0 want: ^1.0.0
6193 silly fetch manifest thenify@>= 3.1.0 < 4
6194 silly packumentCache full:https://registry.npmjs.org/thenify cache-miss
6195 http cache https://registry.npmjs.org/thenify 2ms (cache hit)
6196 silly packumentCache full:https://registry.npmjs.org/thenify set size:21379 disposed:false
6197 silly placeDep ROOT supports-hyperlinks@2.3.0 OK for: terminal-link@2.1.1 want: ^2.0.0
6198 silly placeDep ROOT @jridgewell/source-map@0.3.11 OK for: terser@5.48.0 want: ^0.3.3
6199 silly placeDep node_modules/terser commander@2.20.3 OK for: terser@5.48.0 want: ^2.20.0
6200 silly placeDep ROOT thenify@3.3.1 OK for: thenify-all@1.6.0 want: >= 3.1.0 < 4
6201 silly placeDep ROOT fdir@6.5.0 OK for: tinyglobby@0.2.17 want: ^6.5.0
6202 silly placeDep node_modules/tinyglobby picomatch@4.0.4 OK for: tinyglobby@0.2.17 want: ^4.0.4
6203 silly placeDep ROOT is-number@7.0.0 OK for: to-regex-range@5.0.1 want: ^7.0.0
6204 silly placeDep ROOT psl@1.15.0 OK for: tough-cookie@4.1.4 want: ^1.1.33
6205 silly placeDep ROOT punycode@2.3.1 OK for: tough-cookie@4.1.4 want: ^2.1.1
6206 silly placeDep node_modules/tough-cookie universalify@0.2.0 OK for: tough-cookie@4.1.4 want: ^0.2.0
6207 silly placeDep ROOT url-parse@1.5.10 OK for: tough-cookie@4.1.4 want: ^1.5.3
6208 silly fetch manifest punycode@^2.3.1
6209 silly packumentCache full:https://registry.npmjs.org/punycode cache-hit
6210 silly fetch manifest querystringify@^2.1.1
6211 silly packumentCache full:https://registry.npmjs.org/querystringify cache-miss
6212 silly fetch manifest requires-port@^1.0.0
6213 silly packumentCache full:https://registry.npmjs.org/requires-port cache-miss
6214 http cache https://registry.npmjs.org/requires-port 2ms (cache hit)
6215 silly packumentCache full:https://registry.npmjs.org/requires-port set size:8110 disposed:false
6216 http cache https://registry.npmjs.org/querystringify 2ms (cache hit)
6217 silly packumentCache full:https://registry.npmjs.org/querystringify set size:25075 disposed:false
6218 silly placeDep ROOT @cspotcode/source-map-support@0.8.1 OK for: ts-node@10.9.2 want: ^0.8.0
6219 silly placeDep ROOT @tsconfig/node10@1.0.12 OK for: ts-node@10.9.2 want: ^1.0.7
6220 silly placeDep ROOT @tsconfig/node12@1.0.11 OK for: ts-node@10.9.2 want: ^1.0.7
6221 silly placeDep ROOT @tsconfig/node14@1.0.3 OK for: ts-node@10.9.2 want: ^1.0.0
6222 silly placeDep ROOT @tsconfig/node16@1.0.4 OK for: ts-node@10.9.2 want: ^1.0.2
6223 silly placeDep node_modules/ts-node acorn-walk@8.3.5 OK for: ts-node@10.9.2 want: ^8.1.1
6224 silly placeDep node_modules/ts-node arg@4.1.3 OK for: ts-node@10.9.2 want: ^4.1.0
6225 silly placeDep ROOT create-require@1.1.1 OK for: ts-node@10.9.2 want: ^1.1.0
6226 silly placeDep ROOT diff@4.0.4 OK for: ts-node@10.9.2 want: ^4.0.1
6227 silly placeDep ROOT make-error@1.3.6 OK for: ts-node@10.9.2 want: ^1.1.1
6228 silly placeDep ROOT v8-compile-cache-lib@3.0.1 OK for: ts-node@10.9.2 want: ^3.0.1
6229 silly placeDep ROOT yn@3.1.1 OK for: ts-node@10.9.2 want: 3.1.1
6230 silly fetch manifest @jridgewell/trace-mapping@0.3.9
6231 silly packumentCache full:https://registry.npmjs.org/@jridgewell%2ftrace-mapping cache-hit
6232 silly placeDep node_modules/@cspotcode/source-map-support @jridgewell/trace-mapping@0.3.9 OK for: @cspotcode/source-map-support@0.8.1 want: 0.3.9
6233 silly placeDep ROOT @types/json5@0.0.29 OK for: tsconfig-paths@3.15.0 want: ^0.0.29
6234 silly placeDep node_modules/tsconfig-paths json5@1.0.2 OK for: tsconfig-paths@3.15.0 want: ^1.0.2
6235 silly placeDep node_modules/tsconfig-paths strip-bom@3.0.0 OK for: tsconfig-paths@3.15.0 want: ^3.0.0
6236 silly placeDep node_modules/tsutils tslib@1.14.1 OK for: tsutils@3.21.0 want: ^1.8.1
6237 silly placeDep ROOT for-each@0.3.5 OK for: typed-array-byte-length@1.0.3 want: ^0.3.3
6238 silly placeDep ROOT reflect.getprototypeof@1.0.10 OK for: typed-array-byte-offset@1.0.4 want: ^1.0.9
6239 silly fetch manifest which-builtin-type@^1.2.1
6240 silly packumentCache full:https://registry.npmjs.org/which-builtin-type cache-miss
6241 http cache https://registry.npmjs.org/which-builtin-type 1ms (cache hit)
6242 silly packumentCache full:https://registry.npmjs.org/which-builtin-type set size:39107 disposed:false
6243 silly placeDep ROOT which-builtin-type@1.2.1 OK for: reflect.getprototypeof@1.0.10 want: ^1.2.1
6244 silly fetch manifest is-async-function@^2.0.0
6245 silly packumentCache full:https://registry.npmjs.org/is-async-function cache-miss
6246 silly fetch manifest is-finalizationregistry@^1.1.0
6247 silly packumentCache full:https://registry.npmjs.org/is-finalizationregistry cache-miss
6248 silly fetch manifest is-generator-function@^1.0.10
6249 silly packumentCache full:https://registry.npmjs.org/is-generator-function cache-miss
6250 silly fetch manifest which-boxed-primitive@^1.1.0
6251 silly packumentCache full:https://registry.npmjs.org/which-boxed-primitive cache-hit
6252 silly fetch manifest which-collection@^1.0.2
6253 silly packumentCache full:https://registry.npmjs.org/which-collection cache-miss
6254 http cache https://registry.npmjs.org/is-generator-function 3ms (cache hit)
6255 silly packumentCache full:https://registry.npmjs.org/is-generator-function set size:44643 disposed:false
6256 http cache https://registry.npmjs.org/is-async-function 3ms (cache hit)
6257 silly packumentCache full:https://registry.npmjs.org/is-async-function set size:51614 disposed:false
6258 http cache https://registry.npmjs.org/is-finalizationregistry 4ms (cache hit)
6259 silly packumentCache full:https://registry.npmjs.org/is-finalizationregistry set size:19800 disposed:false
6260 http cache https://registry.npmjs.org/which-collection 5ms (cache hit)
6261 silly packumentCache full:https://registry.npmjs.org/which-collection set size:13607 disposed:false
6262 silly placeDep ROOT has-bigints@1.1.0 OK for: unbox-primitive@1.1.0 want: ^1.0.2
6263 silly placeDep ROOT which-boxed-primitive@1.1.1 OK for: unbox-primitive@1.1.0 want: ^1.1.1
6264 silly fetch manifest is-bigint@^1.1.0
6265 silly packumentCache full:https://registry.npmjs.org/is-bigint cache-miss
6266 silly fetch manifest is-boolean-object@^1.2.1
6267 silly packumentCache full:https://registry.npmjs.org/is-boolean-object cache-miss
6268 silly fetch manifest is-number-object@^1.1.1
6269 silly packumentCache full:https://registry.npmjs.org/is-number-object cache-miss
6270 http cache https://registry.npmjs.org/is-bigint 3ms (cache hit)
6271 silly packumentCache full:https://registry.npmjs.org/is-bigint set size:20283 disposed:false
6272 http cache https://registry.npmjs.org/is-boolean-object 4ms (cache hit)
6273 silly packumentCache full:https://registry.npmjs.org/is-boolean-object set size:31341 disposed:false
6274 http cache https://registry.npmjs.org/is-number-object 5ms (cache hit)
6275 silly packumentCache full:https://registry.npmjs.org/is-number-object set size:31189 disposed:false
6276 silly placeDep ROOT unicode-canonical-property-names-ecmascript@2.0.1 OK for: unicode-match-property-ecmascript@2.0.0 want: ^2.0.0
6277 silly placeDep ROOT unicode-property-aliases-ecmascript@2.2.0 OK for: unicode-match-property-ecmascript@2.0.0 want: ^2.0.0
6278 silly placeDep ROOT escalade@3.2.0 OK for: update-browserslist-db@1.2.3 want: ^3.2.0
6279 silly placeDep ROOT querystringify@2.2.0 OK for: url-parse@1.5.10 want: ^2.1.1
6280 silly placeDep ROOT requires-port@1.0.0 OK for: url-parse@1.5.10 want: ^1.0.0
6281 silly placeDep ROOT detect-node-es@1.1.0 OK for: use-sidecar@1.1.3 want: ^1.1.0
6282 silly placeDep ROOT object.getownpropertydescriptors@2.1.9 OK for: util.promisify@1.0.1 want: ^2.1.0
6283 silly fetch manifest array.prototype.reduce@^1.0.8
6284 silly packumentCache full:https://registry.npmjs.org/array.prototype.reduce cache-miss
6285 http cache https://registry.npmjs.org/array.prototype.reduce 3ms (cache hit)
6286 silly packumentCache full:https://registry.npmjs.org/array.prototype.reduce set size:35802 disposed:false
6287 silly placeDep ROOT array.prototype.reduce@1.0.8 OK for: object.getownpropertydescriptors@2.1.9 want: ^1.0.8
6288 silly fetch manifest es-array-method-boxes-properly@^1.0.0
6289 silly packumentCache full:https://registry.npmjs.org/es-array-method-boxes-properly cache-miss
6290 http cache https://registry.npmjs.org/es-array-method-boxes-properly 2ms (cache hit)
6291 silly packumentCache full:https://registry.npmjs.org/es-array-method-boxes-properly set size:3721 disposed:false
6292 silly placeDep ROOT es-array-method-boxes-properly@1.0.0 OK for: array.prototype.reduce@1.0.8 want: ^1.0.0
6293 silly placeDep node_modules/v8-to-istanbul convert-source-map@1.9.0 OK for: v8-to-istanbul@8.1.1 want: ^1.6.0
6294 silly placeDep ROOT @types/d3-array@3.2.2 OK for: victory-vendor@37.3.6 want: ^3.0.3
6295 silly placeDep ROOT @types/d3-ease@3.0.2 OK for: victory-vendor@37.3.6 want: ^3.0.0
6296 silly placeDep ROOT @types/d3-interpolate@3.0.4 OK for: victory-vendor@37.3.6 want: ^3.0.1
6297 silly placeDep ROOT @types/d3-scale@4.0.9 OK for: victory-vendor@37.3.6 want: ^4.0.2
6298 silly placeDep ROOT @types/d3-shape@3.1.8 OK for: victory-vendor@37.3.6 want: ^3.1.0
6299 silly placeDep ROOT @types/d3-time@3.0.4 OK for: victory-vendor@37.3.6 want: ^3.0.0
6300 silly placeDep ROOT @types/d3-timer@3.0.2 OK for: victory-vendor@37.3.6 want: ^3.0.0
6301 silly placeDep ROOT d3-array@3.2.4 OK for: victory-vendor@37.3.6 want: ^3.1.6
6302 silly placeDep ROOT d3-ease@3.0.1 OK for: victory-vendor@37.3.6 want: ^3.0.1
6303 silly placeDep ROOT d3-interpolate@3.0.1 OK for: victory-vendor@37.3.6 want: ^3.0.1
6304 silly placeDep ROOT d3-scale@4.0.2 OK for: victory-vendor@37.3.6 want: ^4.0.2
6305 silly placeDep ROOT d3-shape@3.2.0 OK for: victory-vendor@37.3.6 want: ^3.1.0
6306 silly placeDep ROOT d3-time@3.1.0 OK for: victory-vendor@37.3.6 want: ^3.0.0
6307 silly placeDep ROOT d3-timer@3.0.1 OK for: victory-vendor@37.3.6 want: ^3.0.1
6308 silly fetch manifest @types/d3-color@*
6309 silly packumentCache full:https://registry.npmjs.org/@types%2fd3-color cache-miss
6310 silly fetch manifest @types/d3-time@*
6311 silly packumentCache full:https://registry.npmjs.org/@types%2fd3-time cache-hit
6312 silly fetch manifest @types/d3-path@*
6313 silly packumentCache full:https://registry.npmjs.org/@types%2fd3-path cache-miss
6314 silly fetch manifest internmap@1 - 2
6315 silly packumentCache full:https://registry.npmjs.org/internmap cache-miss
6316 silly fetch manifest d3-color@1 - 3
6317 silly packumentCache full:https://registry.npmjs.org/d3-color cache-miss
6318 silly fetch manifest d3-format@1 - 3
6319 silly packumentCache full:https://registry.npmjs.org/d3-format cache-miss
6320 silly fetch manifest d3-time@2.1.1 - 3
6321 silly packumentCache full:https://registry.npmjs.org/d3-time cache-hit
6322 silly fetch manifest d3-time-format@2 - 4
6323 silly packumentCache full:https://registry.npmjs.org/d3-time-format cache-miss
6324 silly fetch manifest d3-path@^3.1.0
6325 silly packumentCache full:https://registry.npmjs.org/d3-path cache-miss
6326 http cache https://registry.npmjs.org/@types%2fd3-path 5ms (cache hit)
6327 silly packumentCache full:https://registry.npmjs.org/@types%2fd3-path set size:41268 disposed:false
6328 http cache https://registry.npmjs.org/internmap 5ms (cache hit)
6329 silly packumentCache full:https://registry.npmjs.org/internmap set size:19637 disposed:false
6330 http cache https://registry.npmjs.org/d3-format 6ms (cache hit)
6331 silly packumentCache full:https://registry.npmjs.org/d3-format set size:107249 disposed:false
6332 http cache https://registry.npmjs.org/@types%2fd3-color 7ms (cache hit)
6333 silly packumentCache full:https://registry.npmjs.org/@types%2fd3-color set size:69998 disposed:false
6334 http cache https://registry.npmjs.org/d3-color 8ms (cache hit)
6335 silly packumentCache full:https://registry.npmjs.org/d3-color set size:142335 disposed:false
6336 http cache https://registry.npmjs.org/d3-time-format 9ms (cache hit)
6337 silly packumentCache full:https://registry.npmjs.org/d3-time-format set size:124514 disposed:false
6338 http cache https://registry.npmjs.org/d3-path 10ms (cache hit)
6339 silly packumentCache full:https://registry.npmjs.org/d3-path set size:77883 disposed:false
6340 silly placeDep ROOT @types/d3-color@3.1.3 OK for: @types/d3-interpolate@3.0.4 want: *
6341 silly placeDep ROOT @types/d3-path@3.1.1 OK for: @types/d3-shape@3.1.8 want: *
6342 silly placeDep ROOT internmap@2.0.3 OK for: d3-array@3.2.4 want: 1 - 2
6343 silly placeDep ROOT d3-color@3.1.0 OK for: d3-interpolate@3.0.1 want: 1 - 3
6344 silly placeDep ROOT d3-format@3.1.2 OK for: d3-scale@4.0.2 want: 1 - 3
6345 silly placeDep ROOT d3-time-format@4.1.0 OK for: d3-scale@4.0.2 want: 2 - 4
6346 silly placeDep ROOT d3-path@3.1.0 OK for: d3-shape@3.2.0 want: ^3.1.0
6347 silly placeDep ROOT browser-process-hrtime@1.0.0 OK for: w3c-hr-time@1.0.2 want: ^1.0.0
6348 silly placeDep ROOT makeerror@1.0.12 OK for: walker@1.0.8 want: 1.0.12
6349 silly fetch manifest tmpl@1.0.5
6350 silly packumentCache full:https://registry.npmjs.org/tmpl cache-miss
6351 http cache https://registry.npmjs.org/tmpl 1ms (cache hit)
6352 silly packumentCache full:https://registry.npmjs.org/tmpl set size:7979 disposed:false
6353 silly placeDep ROOT tmpl@1.0.5 OK for: makeerror@1.0.12 want: 1.0.5
6354 silly placeDep ROOT @webassemblyjs/ast@1.14.1 OK for: webpack@5.108.0 want: ^1.14.1
6355 silly placeDep ROOT @webassemblyjs/wasm-edit@1.14.1 OK for: webpack@5.108.0 want: ^1.14.1
6356 silly placeDep ROOT @webassemblyjs/wasm-parser@1.14.1 OK for: webpack@5.108.0 want: ^1.14.1
6357 silly placeDep ROOT acorn-import-phases@1.0.4 OK for: webpack@5.108.0 want: ^1.0.3
6358 silly placeDep ROOT chrome-trace-event@1.0.4 OK for: webpack@5.108.0 want: ^1.0.2
6359 silly placeDep ROOT enhanced-resolve@5.24.1 OK for: webpack@5.108.0 want: ^5.22.2
6360 silly placeDep ROOT es-module-lexer@2.1.0 OK for: webpack@5.108.0 want: ^2.1.0
6361 silly placeDep node_modules/webpack eslint-scope@5.1.1 OK for: webpack@5.108.0 want: 5.1.1
6362 silly placeDep ROOT events@3.3.0 OK for: webpack@5.108.0 want: ^3.2.0
6363 silly placeDep ROOT loader-runner@4.3.2 OK for: webpack@5.108.0 want: ^4.3.2
6364 silly placeDep node_modules/webpack mime-db@1.54.0 OK for: webpack@5.108.0 want: ^1.54.0
6365 silly placeDep ROOT minimizer-webpack-plugin@5.6.1 OK for: webpack@5.108.0 want: ^5.6.1
6366 silly placeDep ROOT watchpack@2.5.2 OK for: webpack@5.108.0 want: ^2.5.2
6367 silly placeDep ROOT webpack-sources@3.5.0 OK for: webpack@5.108.0 want: ^3.5.0
6368 silly fetch manifest @webassemblyjs/helper-numbers@1.13.2
6369 silly packumentCache full:https://registry.npmjs.org/@webassemblyjs%2fhelper-numbers cache-miss
6370 silly fetch manifest @webassemblyjs/helper-wasm-bytecode@1.13.2
6371 silly packumentCache full:https://registry.npmjs.org/@webassemblyjs%2fhelper-wasm-bytecode cache-miss
6372 silly fetch manifest @webassemblyjs/helper-buffer@1.14.1
6373 silly packumentCache full:https://registry.npmjs.org/@webassemblyjs%2fhelper-buffer cache-miss
6374 silly fetch manifest @webassemblyjs/helper-wasm-bytecode@1.13.2
6375 silly packumentCache full:https://registry.npmjs.org/@webassemblyjs%2fhelper-wasm-bytecode cache-miss
6376 silly fetch manifest @webassemblyjs/helper-wasm-section@1.14.1
6377 silly packumentCache full:https://registry.npmjs.org/@webassemblyjs%2fhelper-wasm-section cache-miss
6378 silly fetch manifest @webassemblyjs/wasm-gen@1.14.1
6379 silly packumentCache full:https://registry.npmjs.org/@webassemblyjs%2fwasm-gen cache-miss
6380 silly fetch manifest @webassemblyjs/wasm-opt@1.14.1
6381 silly packumentCache full:https://registry.npmjs.org/@webassemblyjs%2fwasm-opt cache-miss
6382 http cache https://registry.npmjs.org/@webassemblyjs%2fhelper-wasm-bytecode 4ms (cache hit)
6383 silly packumentCache full:https://registry.npmjs.org/@webassemblyjs%2fhelper-wasm-bytecode set size:179356 disposed:false
6384 silly fetch manifest @webassemblyjs/wasm-parser@1.14.1
6385 silly packumentCache full:https://registry.npmjs.org/@webassemblyjs%2fwasm-parser cache-hit
6386 silly fetch manifest @webassemblyjs/wast-printer@1.14.1
6387 silly packumentCache full:https://registry.npmjs.org/@webassemblyjs%2fwast-printer cache-miss
6388 http cache https://registry.npmjs.org/@webassemblyjs%2fhelper-buffer 6ms (cache hit)
6389 silly packumentCache full:https://registry.npmjs.org/@webassemblyjs%2fhelper-buffer set size:178406 disposed:false
6390 silly fetch manifest @webassemblyjs/helper-api-error@1.13.2
6391 silly packumentCache full:https://registry.npmjs.org/@webassemblyjs%2fhelper-api-error cache-miss
6392 http cache https://registry.npmjs.org/@webassemblyjs%2fwasm-gen 6ms (cache hit)
6393 silly packumentCache full:https://registry.npmjs.org/@webassemblyjs%2fwasm-gen set size:187955 disposed:false
6394 silly fetch manifest @webassemblyjs/ieee754@1.13.2
6395 silly packumentCache full:https://registry.npmjs.org/@webassemblyjs%2fieee754 cache-miss
6396 http cache https://registry.npmjs.org/@webassemblyjs%2fhelper-numbers 9ms (cache hit)
6397 silly packumentCache full:https://registry.npmjs.org/@webassemblyjs%2fhelper-numbers set size:23867 disposed:false
6398 silly fetch manifest @webassemblyjs/leb128@1.13.2
6399 silly packumentCache full:https://registry.npmjs.org/@webassemblyjs%2fleb128 cache-miss
6400 http cache https://registry.npmjs.org/@webassemblyjs%2fhelper-wasm-bytecode 9ms (cache hit)
6401 silly packumentCache full:https://registry.npmjs.org/@webassemblyjs%2fhelper-wasm-bytecode set size:179356 disposed:false
6402 silly packumentCache full:https://registry.npmjs.org/@webassemblyjs%2fhelper-wasm-bytecode dispose
6403 silly fetch manifest @webassemblyjs/utf8@1.13.2
6404 silly packumentCache full:https://registry.npmjs.org/@webassemblyjs%2futf8 cache-miss
6405 http cache https://registry.npmjs.org/@webassemblyjs%2fwasm-opt 10ms (cache hit)
6406 silly packumentCache full:https://registry.npmjs.org/@webassemblyjs%2fwasm-opt set size:150483 disposed:false
6407 http cache https://registry.npmjs.org/@webassemblyjs%2fhelper-wasm-section 11ms (cache hit)
6408 silly packumentCache full:https://registry.npmjs.org/@webassemblyjs%2fhelper-wasm-section set size:191754 disposed:false
6409 http cache https://registry.npmjs.org/@webassemblyjs%2fwast-printer 10ms (cache hit)
6410 silly packumentCache full:https://registry.npmjs.org/@webassemblyjs%2fwast-printer set size:193690 disposed:false
6411 http cache https://registry.npmjs.org/@webassemblyjs%2futf8 6ms (cache hit)
6412 silly packumentCache full:https://registry.npmjs.org/@webassemblyjs%2futf8 set size:102359 disposed:false
6413 http cache https://registry.npmjs.org/@webassemblyjs%2fieee754 9ms (cache hit)
6414 silly packumentCache full:https://registry.npmjs.org/@webassemblyjs%2fieee754 set size:99475 disposed:false
6415 http cache https://registry.npmjs.org/@webassemblyjs%2fhelper-api-error 11ms (cache hit)
6416 silly packumentCache full:https://registry.npmjs.org/@webassemblyjs%2fhelper-api-error set size:103778 disposed:false
6417 http cache https://registry.npmjs.org/@webassemblyjs%2fleb128 10ms (cache hit)
6418 silly packumentCache full:https://registry.npmjs.org/@webassemblyjs%2fleb128 set size:248474 disposed:false
6419 silly placeDep ROOT @webassemblyjs/helper-numbers@1.13.2 OK for: @webassemblyjs/ast@1.14.1 want: 1.13.2
6420 silly placeDep ROOT @webassemblyjs/helper-wasm-bytecode@1.13.2 OK for: @webassemblyjs/ast@1.14.1 want: 1.13.2
6421 silly fetch manifest @xtuc/long@4.2.2
6422 silly packumentCache full:https://registry.npmjs.org/@xtuc%2flong cache-miss
6423 silly fetch manifest @webassemblyjs/floating-point-hex-parser@1.13.2
6424 silly packumentCache full:https://registry.npmjs.org/@webassemblyjs%2ffloating-point-hex-parser cache-miss
6425 http cache https://registry.npmjs.org/@xtuc%2flong 2ms (cache hit)
6426 silly packumentCache full:https://registry.npmjs.org/@xtuc%2flong set size:23242 disposed:false
6427 http cache https://registry.npmjs.org/@webassemblyjs%2ffloating-point-hex-parser 3ms (cache hit)
6428 silly packumentCache full:https://registry.npmjs.org/@webassemblyjs%2ffloating-point-hex-parser set size:186097 disposed:false
6429 silly placeDep ROOT @webassemblyjs/floating-point-hex-parser@1.13.2 OK for: @webassemblyjs/helper-numbers@1.13.2 want: 1.13.2
6430 silly placeDep ROOT @webassemblyjs/helper-api-error@1.13.2 OK for: @webassemblyjs/helper-numbers@1.13.2 want: 1.13.2
6431 silly placeDep ROOT @xtuc/long@4.2.2 OK for: @webassemblyjs/helper-numbers@1.13.2 want: 4.2.2
6432 silly placeDep ROOT @webassemblyjs/helper-buffer@1.14.1 OK for: @webassemblyjs/wasm-edit@1.14.1 want: 1.14.1
6433 silly placeDep ROOT @webassemblyjs/helper-wasm-section@1.14.1 OK for: @webassemblyjs/wasm-edit@1.14.1 want: 1.14.1
6434 silly placeDep ROOT @webassemblyjs/wasm-gen@1.14.1 OK for: @webassemblyjs/wasm-edit@1.14.1 want: 1.14.1
6435 silly placeDep ROOT @webassemblyjs/wasm-opt@1.14.1 OK for: @webassemblyjs/wasm-edit@1.14.1 want: 1.14.1
6436 silly placeDep ROOT @webassemblyjs/wast-printer@1.14.1 OK for: @webassemblyjs/wasm-edit@1.14.1 want: 1.14.1
6437 silly placeDep ROOT @webassemblyjs/ieee754@1.13.2 OK for: @webassemblyjs/wasm-gen@1.14.1 want: 1.13.2
6438 silly placeDep ROOT @webassemblyjs/leb128@1.13.2 OK for: @webassemblyjs/wasm-gen@1.14.1 want: 1.13.2
6439 silly placeDep ROOT @webassemblyjs/utf8@1.13.2 OK for: @webassemblyjs/wasm-gen@1.14.1 want: 1.13.2
6440 silly fetch manifest @xtuc/ieee754@^1.2.0
6441 silly packumentCache full:https://registry.npmjs.org/@xtuc%2fieee754 cache-miss
6442 http cache https://registry.npmjs.org/@xtuc%2fieee754 3ms (cache hit)
6443 silly packumentCache full:https://registry.npmjs.org/@xtuc%2fieee754 set size:5495 disposed:false
6444 silly placeDep ROOT @xtuc/ieee754@1.2.0 OK for: @webassemblyjs/ieee754@1.13.2 want: ^1.2.0
6445 silly placeDep ROOT @types/bonjour@3.5.13 OK for: webpack-dev-server@4.15.2 want: ^3.5.9
6446 silly placeDep ROOT @types/connect-history-api-fallback@1.5.4 OK for: webpack-dev-server@4.15.2 want: ^1.3.5
6447 silly placeDep ROOT @types/express@4.17.25 OK for: webpack-dev-server@4.15.2 want: ^4.17.13
6448 silly placeDep ROOT @types/serve-index@1.9.4 OK for: webpack-dev-server@4.15.2 want: ^1.9.1
6449 silly placeDep ROOT @types/serve-static@1.15.10 OK for: webpack-dev-server@4.15.2 want: ^1.13.10
6450 silly placeDep ROOT @types/sockjs@0.3.36 OK for: webpack-dev-server@4.15.2 want: ^0.3.33
6451 silly placeDep ROOT @types/ws@8.18.1 OK for: webpack-dev-server@4.15.2 want: ^8.5.5
6452 silly placeDep ROOT ansi-html-community@0.0.8 OK for: webpack-dev-server@4.15.2 want: ^0.0.8
6453 silly placeDep ROOT bonjour-service@1.4.2 OK for: webpack-dev-server@4.15.2 want: ^1.0.11
6454 silly placeDep ROOT colorette@2.0.20 OK for: webpack-dev-server@4.15.2 want: ^2.0.10
6455 silly placeDep ROOT compression@1.8.1 OK for: webpack-dev-server@4.15.2 want: ^1.7.4
6456 silly placeDep ROOT connect-history-api-fallback@2.0.0 OK for: webpack-dev-server@4.15.2 want: ^2.0.0
6457 silly placeDep ROOT default-gateway@6.0.3 OK for: webpack-dev-server@4.15.2 want: ^6.0.3
6458 silly placeDep ROOT express@4.22.2 OK for: webpack-dev-server@4.15.2 want: ^4.17.3
6459 silly placeDep ROOT http-proxy-middleware@2.0.10 OK for: webpack-dev-server@4.15.2 want: ^2.0.3
6460 silly placeDep ROOT ipaddr.js@2.4.0 OK for: webpack-dev-server@4.15.2 want: ^2.0.1
6461 silly placeDep ROOT launch-editor@2.14.1 OK for: webpack-dev-server@4.15.2 want: ^2.6.0
6462 silly placeDep ROOT p-retry@4.6.2 OK for: webpack-dev-server@4.15.2 want: ^4.5.0
6463 silly placeDep ROOT selfsigned@2.4.1 OK for: webpack-dev-server@4.15.2 want: ^2.1.1
6464 silly placeDep ROOT serve-index@1.9.2 OK for: webpack-dev-server@4.15.2 want: ^1.9.1
6465 silly placeDep ROOT sockjs@0.3.24 OK for: webpack-dev-server@4.15.2 want: ^0.3.24
6466 silly placeDep ROOT spdy@4.0.2 OK for: webpack-dev-server@4.15.2 want: ^4.0.2
6467 silly placeDep ROOT webpack-dev-middleware@5.3.4 OK for: webpack-dev-server@4.15.2 want: ^5.3.4
6468 silly placeDep node_modules/webpack-dev-server ws@8.21.0 OK for: webpack-dev-server@4.15.2 want: ^8.13.0
6469 silly fetch manifest @types/express-serve-static-core@*
6470 silly packumentCache full:https://registry.npmjs.org/@types%2fexpress-serve-static-core cache-miss
6471 silly fetch manifest @types/qs@*
6472 silly packumentCache full:https://registry.npmjs.org/@types%2fqs cache-miss
6473 silly fetch manifest @types/body-parser@*
6474 silly packumentCache full:https://registry.npmjs.org/@types%2fbody-parser cache-miss
6475 silly fetch manifest @types/serve-static@^1
6476 silly packumentCache full:https://registry.npmjs.org/@types%2fserve-static cache-hit
6477 silly fetch manifest @types/express-serve-static-core@^4.17.33
6478 silly packumentCache full:https://registry.npmjs.org/@types%2fexpress-serve-static-core cache-miss
6479 silly fetch manifest @types/send@<1
6480 silly packumentCache full:https://registry.npmjs.org/@types%2fsend cache-miss
6481 silly fetch manifest @types/http-errors@*
6482 silly packumentCache full:https://registry.npmjs.org/@types%2fhttp-errors cache-miss
6483 silly fetch manifest multicast-dns@^7.2.5
6484 silly packumentCache full:https://registry.npmjs.org/multicast-dns cache-miss
6485 http cache https://registry.npmjs.org/@types%2fqs 6ms (cache hit)
6486 silly packumentCache full:https://registry.npmjs.org/@types%2fqs set size:84522 disposed:false
6487 silly fetch manifest vary@~1.1.2
6488 silly packumentCache full:https://registry.npmjs.org/vary cache-miss
6489 http cache https://registry.npmjs.org/@types%2fbody-parser 8ms (cache hit)
6490 silly packumentCache full:https://registry.npmjs.org/@types%2fbody-parser set size:59466 disposed:false
6491 silly fetch manifest bytes@3.1.2
6492 silly packumentCache full:https://registry.npmjs.org/bytes cache-miss
6493 http cache https://registry.npmjs.org/@types%2fexpress-serve-static-core 9ms (cache hit)
6494 silly packumentCache full:https://registry.npmjs.org/@types%2fexpress-serve-static-core set size:264345 disposed:false
6495 silly fetch manifest debug@2.6.9
6496 silly packumentCache full:https://registry.npmjs.org/debug cache-hit
6497 silly fetch manifest negotiator@~0.6.4
6498 silly packumentCache full:https://registry.npmjs.org/negotiator cache-miss
6499 http cache https://registry.npmjs.org/@types%2fexpress-serve-static-core 11ms (cache hit)
6500 silly packumentCache full:https://registry.npmjs.org/@types%2fexpress-serve-static-core set size:264345 disposed:false
6501 silly packumentCache full:https://registry.npmjs.org/@types%2fexpress-serve-static-core dispose
6502 silly fetch manifest on-headers@~1.1.0
6503 silly packumentCache full:https://registry.npmjs.org/on-headers cache-miss
6504 http cache https://registry.npmjs.org/@types%2fsend 12ms (cache hit)
6505 silly packumentCache full:https://registry.npmjs.org/@types%2fsend set size:29985 disposed:false
6506 silly fetch manifest compressible@~2.0.18
6507 silly packumentCache full:https://registry.npmjs.org/compressible cache-miss
6508 http cache https://registry.npmjs.org/@types%2fhttp-errors 13ms (cache hit)
6509 silly packumentCache full:https://registry.npmjs.org/@types%2fhttp-errors set size:48994 disposed:false
6510 silly fetch manifest qs@~6.15.1
6511 silly packumentCache full:https://registry.npmjs.org/qs cache-miss
6512 http cache https://registry.npmjs.org/multicast-dns 14ms (cache hit)
6513 silly packumentCache full:https://registry.npmjs.org/multicast-dns set size:79279 disposed:false
6514 silly fetch manifest depd@2.0.0
6515 silly packumentCache full:https://registry.npmjs.org/depd cache-miss
6516 http cache https://registry.npmjs.org/vary 11ms (cache hit)
6517 silly packumentCache full:https://registry.npmjs.org/vary set size:15994 disposed:false
6518 silly fetch manifest etag@~1.8.1
6519 silly packumentCache full:https://registry.npmjs.org/etag cache-miss
6520 http cache https://registry.npmjs.org/bytes 11ms (cache hit)
6521 silly packumentCache full:https://registry.npmjs.org/bytes set size:37018 disposed:false
6522 silly fetch manifest send@~0.19.0
6523 silly packumentCache full:https://registry.npmjs.org/send cache-miss
6524 http cache https://registry.npmjs.org/on-headers 7ms (cache hit)
6525 silly packumentCache full:https://registry.npmjs.org/on-headers set size:13226 disposed:false
6526 silly fetch manifest fresh@~0.5.2
6527 silly packumentCache full:https://registry.npmjs.org/fresh cache-miss
6528 http cache https://registry.npmjs.org/negotiator 10ms (cache hit)
6529 silly packumentCache full:https://registry.npmjs.org/negotiator set size:48046 disposed:false
6530 silly fetch manifest cookie@~0.7.1
6531 silly packumentCache full:https://registry.npmjs.org/cookie cache-hit
6532 silly fetch manifest accepts@~1.3.8
6533 silly packumentCache full:https://registry.npmjs.org/accepts cache-miss
6534 http cache https://registry.npmjs.org/compressible 8ms (cache hit)
6535 silly packumentCache full:https://registry.npmjs.org/compressible set size:61733 disposed:false
6536 silly fetch manifest methods@~1.1.2
6537 silly packumentCache full:https://registry.npmjs.org/methods cache-miss
6538 http cache https://registry.npmjs.org/qs 8ms (cache hit)
6539 silly packumentCache full:https://registry.npmjs.org/qs set size:360318 disposed:false
6540 silly fetch manifest type-is@~1.6.18
6541 silly packumentCache full:https://registry.npmjs.org/type-is cache-miss
6542 http cache https://registry.npmjs.org/depd 11ms (cache hit)
6543 silly packumentCache full:https://registry.npmjs.org/depd set size:40182 disposed:false
6544 silly fetch manifest parseurl@~1.3.3
6545 silly packumentCache full:https://registry.npmjs.org/parseurl cache-miss
6546 http cache https://registry.npmjs.org/etag 11ms (cache hit)
6547 silly packumentCache full:https://registry.npmjs.org/etag set size:30032 disposed:false
6548 silly fetch manifest statuses@~2.0.1
6549 silly packumentCache full:https://registry.npmjs.org/statuses cache-miss
6550 http cache https://registry.npmjs.org/send 11ms (cache hit)
6551 silly packumentCache full:https://registry.npmjs.org/send set size:152810 disposed:false
6552 silly fetch manifest encodeurl@~2.0.0
6553 silly packumentCache full:https://registry.npmjs.org/encodeurl cache-miss
6554 http cache https://registry.npmjs.org/fresh 12ms (cache hit)
6555 silly packumentCache full:https://registry.npmjs.org/fresh set size:25427 disposed:false
6556 silly fetch manifest proxy-addr@~2.0.7
6557 silly packumentCache full:https://registry.npmjs.org/proxy-addr cache-miss
6558 http cache https://registry.npmjs.org/methods 10ms (cache hit)
6559 silly packumentCache full:https://registry.npmjs.org/methods set size:12600 disposed:false
6560 silly fetch manifest body-parser@~1.20.5
6561 silly packumentCache full:https://registry.npmjs.org/body-parser cache-miss
6562 http cache https://registry.npmjs.org/accepts 11ms (cache hit)
6563 silly packumentCache full:https://registry.npmjs.org/accepts set size:77054 disposed:false
6564 silly fetch manifest escape-html@~1.0.3
6565 silly packumentCache full:https://registry.npmjs.org/escape-html cache-miss
6566 http cache https://registry.npmjs.org/type-is 8ms (cache hit)
6567 silly packumentCache full:https://registry.npmjs.org/type-is set size:88614 disposed:false
6568 silly fetch manifest http-errors@~2.0.0
6569 silly packumentCache full:https://registry.npmjs.org/http-errors cache-miss
6570 http cache https://registry.npmjs.org/parseurl 8ms (cache hit)
6571 silly packumentCache full:https://registry.npmjs.org/parseurl set size:24148 disposed:false
6572 silly fetch manifest on-finished@~2.4.1
6573 silly packumentCache full:https://registry.npmjs.org/on-finished cache-miss
6574 http cache https://registry.npmjs.org/encodeurl 6ms (cache hit)
6575 silly packumentCache full:https://registry.npmjs.org/encodeurl set size:12296 disposed:false
6576 silly fetch manifest utils-merge@1.0.1
6577 silly packumentCache full:https://registry.npmjs.org/utils-merge cache-miss
6578 http cache https://registry.npmjs.org/statuses 9ms (cache hit)
6579 silly packumentCache full:https://registry.npmjs.org/statuses set size:37117 disposed:false
6580 silly fetch manifest content-type@~1.0.4
6581 silly packumentCache full:https://registry.npmjs.org/content-type cache-miss
6582 http cache https://registry.npmjs.org/proxy-addr 8ms (cache hit)
6583 silly packumentCache full:https://registry.npmjs.org/proxy-addr set size:61619 disposed:false
6584 silly fetch manifest finalhandler@~1.3.1
6585 silly packumentCache full:https://registry.npmjs.org/finalhandler cache-miss
6586 http cache https://registry.npmjs.org/body-parser 8ms (cache hit)
6587 silly packumentCache full:https://registry.npmjs.org/body-parser set size:224273 disposed:false
6588 silly fetch manifest range-parser@~1.2.1
6589 silly packumentCache full:https://registry.npmjs.org/range-parser cache-miss
6590 http cache https://registry.npmjs.org/escape-html 9ms (cache hit)
6591 silly packumentCache full:https://registry.npmjs.org/escape-html set size:7345 disposed:false
6592 silly fetch manifest serve-static@~1.16.2
6593 silly packumentCache full:https://registry.npmjs.org/serve-static cache-miss
6594 http cache https://registry.npmjs.org/http-errors 10ms (cache hit)
6595 silly packumentCache full:https://registry.npmjs.org/http-errors set size:71987 disposed:false
6596 silly fetch manifest array-flatten@1.1.1
6597 silly packumentCache full:https://registry.npmjs.org/array-flatten cache-miss
6598 http cache https://registry.npmjs.org/on-finished 10ms (cache hit)
6599 silly packumentCache full:https://registry.npmjs.org/on-finished set size:23212 disposed:false
6600 silly fetch manifest path-to-regexp@~0.1.12
6601 silly packumentCache full:https://registry.npmjs.org/path-to-regexp cache-miss
6602 http cache https://registry.npmjs.org/utils-merge 9ms (cache hit)
6603 silly packumentCache full:https://registry.npmjs.org/utils-merge set size:5237 disposed:false
6604 silly fetch manifest setprototypeof@1.2.0
6605 silly packumentCache full:https://registry.npmjs.org/setprototypeof cache-miss
6606 http cache https://registry.npmjs.org/content-type 9ms (cache hit)
6607 silly packumentCache full:https://registry.npmjs.org/content-type set size:18994 disposed:false
6608 silly fetch manifest cookie-signature@~1.0.6
6609 silly packumentCache full:https://registry.npmjs.org/cookie-signature cache-miss
6610 http cache https://registry.npmjs.org/finalhandler 8ms (cache hit)
6611 silly packumentCache full:https://registry.npmjs.org/finalhandler set size:79291 disposed:false
6612 silly fetch manifest merge-descriptors@1.0.3
6613 silly packumentCache full:https://registry.npmjs.org/merge-descriptors cache-miss
6614 http cache https://registry.npmjs.org/range-parser 7ms (cache hit)
6615 silly packumentCache full:https://registry.npmjs.org/range-parser set size:22228 disposed:false
6616 silly fetch manifest content-disposition@~0.5.4
6617 silly packumentCache full:https://registry.npmjs.org/content-disposition cache-miss
6618 http cache https://registry.npmjs.org/serve-static 7ms (cache hit)
6619 silly packumentCache full:https://registry.npmjs.org/serve-static set size:150391 disposed:false
6620 silly fetch manifest http-proxy@^1.18.1
6621 silly packumentCache full:https://registry.npmjs.org/http-proxy cache-miss
6622 http cache https://registry.npmjs.org/array-flatten 7ms (cache hit)
6623 silly packumentCache full:https://registry.npmjs.org/array-flatten set size:24005 disposed:false
6624 silly fetch manifest is-plain-obj@^3.0.0
6625 silly packumentCache full:https://registry.npmjs.org/is-plain-obj cache-miss
6626 http cache https://registry.npmjs.org/path-to-regexp 9ms (cache hit)
6627 silly packumentCache full:https://registry.npmjs.org/path-to-regexp set size:216334 disposed:false
6628 silly fetch manifest @types/http-proxy@^1.17.8
6629 silly packumentCache full:https://registry.npmjs.org/@types%2fhttp-proxy cache-miss
6630 http cache https://registry.npmjs.org/setprototypeof 10ms (cache hit)
6631 silly packumentCache full:https://registry.npmjs.org/setprototypeof set size:14532 disposed:false
6632 silly fetch manifest retry@^0.13.1
6633 silly packumentCache full:https://registry.npmjs.org/retry cache-miss
6634 http cache https://registry.npmjs.org/cookie-signature 11ms (cache hit)
6635 silly packumentCache full:https://registry.npmjs.org/cookie-signature set size:21777 disposed:false
6636 silly fetch manifest @types/retry@0.12.0
6637 silly packumentCache full:https://registry.npmjs.org/@types%2fretry cache-miss
6638 http cache https://registry.npmjs.org/merge-descriptors 9ms (cache hit)
6639 silly packumentCache full:https://registry.npmjs.org/merge-descriptors set size:16527 disposed:false
6640 silly fetch manifest node-forge@^1
6641 silly packumentCache full:https://registry.npmjs.org/node-forge cache-miss
6642 http cache https://registry.npmjs.org/content-disposition 9ms (cache hit)
6643 silly packumentCache full:https://registry.npmjs.org/content-disposition set size:42862 disposed:false
6644 silly fetch manifest @types/node-forge@^1.3.0
6645 silly packumentCache full:https://registry.npmjs.org/@types%2fnode-forge cache-miss
6646 http cache https://registry.npmjs.org/http-proxy 10ms (cache hit)
6647 silly packumentCache full:https://registry.npmjs.org/http-proxy set size:183156 disposed:false
6648 silly fetch manifest batch@0.6.1
6649 silly packumentCache full:https://registry.npmjs.org/batch cache-miss
6650 http cache https://registry.npmjs.org/is-plain-obj 10ms (cache hit)
6651 silly packumentCache full:https://registry.npmjs.org/is-plain-obj set size:17899 disposed:false
6652 silly fetch manifest http-errors@~1.8.0
6653 silly packumentCache full:https://registry.npmjs.org/http-errors cache-hit
6654 silly fetch manifest faye-websocket@^0.11.3
6655 silly packumentCache full:https://registry.npmjs.org/faye-websocket cache-miss
6656 http cache https://registry.npmjs.org/@types%2fhttp-proxy 8ms (cache hit)
6657 silly packumentCache full:https://registry.npmjs.org/@types%2fhttp-proxy set size:58652 disposed:false
6658 silly fetch manifest uuid@^8.3.2
6659 silly packumentCache full:https://registry.npmjs.org/uuid cache-miss
6660 http cache https://registry.npmjs.org/retry 8ms (cache hit)
6661 silly packumentCache full:https://registry.npmjs.org/retry set size:31161 disposed:false
6662 silly fetch manifest websocket-driver@^0.7.4
6663 silly packumentCache full:https://registry.npmjs.org/websocket-driver cache-miss
6664 http cache https://registry.npmjs.org/@types%2fretry 9ms (cache hit)
6665 silly packumentCache full:https://registry.npmjs.org/@types%2fretry set size:17008 disposed:false
6666 silly fetch manifest handle-thing@^2.0.0
6667 silly packumentCache full:https://registry.npmjs.org/handle-thing cache-miss
6668 http cache https://registry.npmjs.org/node-forge 9ms (cache hit)
6669 silly packumentCache full:https://registry.npmjs.org/node-forge set size:394631 disposed:false
6670 silly fetch manifest http-deceiver@^1.2.7
6671 silly packumentCache full:https://registry.npmjs.org/http-deceiver cache-miss
6672 http cache https://registry.npmjs.org/@types%2fnode-forge 15ms (cache hit)
6673 silly packumentCache full:https://registry.npmjs.org/@types%2fnode-forge set size:228988 disposed:false
6674 silly fetch manifest select-hose@^2.0.0
6675 silly packumentCache full:https://registry.npmjs.org/select-hose cache-miss
6676 http cache https://registry.npmjs.org/batch 15ms (cache hit)
6677 silly packumentCache full:https://registry.npmjs.org/batch set size:18505 disposed:false
6678 silly fetch manifest spdy-transport@^3.0.0
6679 silly packumentCache full:https://registry.npmjs.org/spdy-transport cache-miss
6680 http cache https://registry.npmjs.org/faye-websocket 15ms (cache hit)
6681 silly packumentCache full:https://registry.npmjs.org/faye-websocket set size:45682 disposed:false
6682 silly fetch manifest range-parser@^1.2.1
6683 silly packumentCache full:https://registry.npmjs.org/range-parser cache-hit
6684 http cache https://registry.npmjs.org/uuid 16ms (cache hit)
6685 silly packumentCache full:https://registry.npmjs.org/uuid set size:256419 disposed:false
6686 http cache https://registry.npmjs.org/websocket-driver 19ms (cache hit)
6687 silly packumentCache full:https://registry.npmjs.org/websocket-driver set size:57610 disposed:false
6688 http cache https://registry.npmjs.org/handle-thing 21ms (cache hit)
6689 silly packumentCache full:https://registry.npmjs.org/handle-thing set size:20817 disposed:false
6690 http cache https://registry.npmjs.org/http-deceiver 18ms (cache hit)
6691 silly packumentCache full:https://registry.npmjs.org/http-deceiver set size:16525 disposed:false
6692 http cache https://registry.npmjs.org/select-hose 14ms (cache hit)
6693 silly packumentCache full:https://registry.npmjs.org/select-hose set size:5125 disposed:false
6694 http cache https://registry.npmjs.org/spdy-transport 13ms (cache hit)
6695 silly packumentCache full:https://registry.npmjs.org/spdy-transport set size:89673 disposed:false
6696 silly placeDep ROOT @types/express-serve-static-core@5.1.1 OK for: @types/connect-history-api-fallback@1.5.4 want: *
6697 silly fetch manifest @types/send@*
6698 silly packumentCache full:https://registry.npmjs.org/@types%2fsend cache-hit
6699 silly fetch manifest @types/range-parser@*
6700 silly packumentCache full:https://registry.npmjs.org/@types%2frange-parser cache-miss
6701 http cache https://registry.npmjs.org/@types%2frange-parser 4ms (cache hit)
6702 silly packumentCache full:https://registry.npmjs.org/@types%2frange-parser set size:15278 disposed:false
6703 silly placeDep ROOT @types/body-parser@1.19.6 OK for: @types/express@4.17.25 want: *
6704 silly placeDep node_modules/@types/express @types/express-serve-static-core@4.19.8 OK for: @types/express@4.17.25 want: ^4.17.33
6705 silly placeDep ROOT @types/qs@6.15.1 OK for: @types/express@4.17.25 want: *
6706 silly fetch manifest @types/connect@*
6707 silly packumentCache full:https://registry.npmjs.org/@types%2fconnect cache-miss
6708 http cache https://registry.npmjs.org/@types%2fconnect 2ms (cache hit)
6709 silly packumentCache full:https://registry.npmjs.org/@types%2fconnect set size:31512 disposed:false
6710 silly placeDep ROOT @types/connect@3.4.38 OK for: @types/body-parser@1.19.6 want: *
6711 silly placeDep ROOT @types/range-parser@1.2.7 OK for: @types/express-serve-static-core@5.1.1 want: *
6712 silly placeDep ROOT @types/send@1.2.1 OK for: @types/express-serve-static-core@5.1.1 want: *
6713 silly placeDep ROOT @types/http-errors@2.0.5 OK for: @types/serve-static@1.15.10 want: *
6714 silly placeDep node_modules/@types/serve-static @types/send@0.17.6 OK for: @types/serve-static@1.15.10 want: <1
6715 silly fetch manifest @types/mime@^1
6716 silly packumentCache full:https://registry.npmjs.org/@types%2fmime cache-miss
6717 http cache https://registry.npmjs.org/@types%2fmime 2ms (cache hit)
6718 silly packumentCache full:https://registry.npmjs.org/@types%2fmime set size:43242 disposed:false
6719 silly placeDep ROOT multicast-dns@7.2.5 OK for: bonjour-service@1.4.2 want: ^7.2.5
6720 silly fetch manifest thunky@^1.0.2
6721 silly packumentCache full:https://registry.npmjs.org/thunky cache-miss
6722 silly fetch manifest dns-packet@^5.2.2
6723 silly packumentCache full:https://registry.npmjs.org/dns-packet cache-miss
6724 http cache https://registry.npmjs.org/dns-packet 2ms (cache hit)
6725 silly packumentCache full:https://registry.npmjs.org/dns-packet set size:96184 disposed:false
6726 http cache https://registry.npmjs.org/thunky 4ms (cache hit)
6727 silly packumentCache full:https://registry.npmjs.org/thunky set size:14018 disposed:false
6728 silly placeDep ROOT bytes@3.1.2 OK for: compression@1.8.1 want: 3.1.2
6729 silly placeDep ROOT compressible@2.0.18 OK for: compression@1.8.1 want: ~2.0.18
6730 silly placeDep node_modules/compression debug@2.6.9 OK for: compression@1.8.1 want: 2.6.9
6731 silly placeDep ROOT negotiator@0.6.4 OK for: compression@1.8.1 want: ~0.6.4
6732 silly placeDep ROOT on-headers@1.1.0 OK for: compression@1.8.1 want: ~1.1.0
6733 silly placeDep ROOT vary@1.1.2 OK for: compression@1.8.1 want: ~1.1.2
6734 silly placeDep ROOT accepts@1.3.8 OK for: express@4.22.2 want: ~1.3.8
6735 silly placeDep ROOT array-flatten@1.1.1 OK for: express@4.22.2 want: 1.1.1
6736 silly placeDep ROOT body-parser@1.20.5 OK for: express@4.22.2 want: ~1.20.5
6737 silly placeDep ROOT content-disposition@0.5.4 OK for: express@4.22.2 want: ~0.5.4
6738 silly placeDep ROOT content-type@1.0.5 OK for: express@4.22.2 want: ~1.0.4
6739 silly placeDep node_modules/express cookie@0.7.2 OK for: express@4.22.2 want: ~0.7.1
6740 silly placeDep ROOT cookie-signature@1.0.7 OK for: express@4.22.2 want: ~1.0.6
6741 silly placeDep node_modules/express debug@2.6.9 OK for: express@4.22.2 want: 2.6.9
6742 silly placeDep ROOT depd@2.0.0 OK for: express@4.22.2 want: 2.0.0
6743 silly placeDep ROOT encodeurl@2.0.0 OK for: express@4.22.2 want: ~2.0.0
6744 silly placeDep ROOT escape-html@1.0.3 OK for: express@4.22.2 want: ~1.0.3
6745 silly placeDep ROOT etag@1.8.1 OK for: express@4.22.2 want: ~1.8.1
6746 silly placeDep ROOT finalhandler@1.3.2 OK for: express@4.22.2 want: ~1.3.1
6747 silly placeDep ROOT fresh@0.5.2 OK for: express@4.22.2 want: ~0.5.2
6748 silly placeDep ROOT http-errors@2.0.1 OK for: express@4.22.2 want: ~2.0.0
6749 silly placeDep ROOT merge-descriptors@1.0.3 OK for: express@4.22.2 want: 1.0.3
6750 silly placeDep ROOT methods@1.1.2 OK for: express@4.22.2 want: ~1.1.2
6751 silly placeDep ROOT on-finished@2.4.1 OK for: express@4.22.2 want: ~2.4.1
6752 silly placeDep ROOT parseurl@1.3.3 OK for: express@4.22.2 want: ~1.3.3
6753 silly placeDep ROOT path-to-regexp@0.1.13 OK for: express@4.22.2 want: ~0.1.12
6754 silly placeDep ROOT proxy-addr@2.0.7 OK for: express@4.22.2 want: ~2.0.7
6755 silly placeDep ROOT qs@6.15.3 OK for: express@4.22.2 want: ~6.15.1
6756 silly placeDep ROOT range-parser@1.2.1 OK for: express@4.22.2 want: ~1.2.1
6757 silly placeDep ROOT send@0.19.2 OK for: express@4.22.2 want: ~0.19.0
6758 silly placeDep ROOT serve-static@1.16.3 OK for: express@4.22.2 want: ~1.16.2
6759 silly placeDep ROOT setprototypeof@1.2.0 OK for: express@4.22.2 want: 1.2.0
6760 silly placeDep ROOT statuses@2.0.2 OK for: express@4.22.2 want: ~2.0.1
6761 silly placeDep ROOT type-is@1.6.18 OK for: express@4.22.2 want: ~1.6.18
6762 silly placeDep ROOT utils-merge@1.0.1 OK for: express@4.22.2 want: 1.0.1
6763 silly fetch manifest negotiator@0.6.3
6764 silly packumentCache full:https://registry.npmjs.org/negotiator cache-hit
6765 silly fetch manifest unpipe@~1.0.0
6766 silly packumentCache full:https://registry.npmjs.org/unpipe cache-miss
6767 silly fetch manifest destroy@~1.2.0
6768 silly packumentCache full:https://registry.npmjs.org/destroy cache-miss
6769 silly fetch manifest raw-body@~2.5.3
6770 silly packumentCache full:https://registry.npmjs.org/raw-body cache-miss
6771 silly fetch manifest iconv-lite@~0.4.24
6772 silly packumentCache full:https://registry.npmjs.org/iconv-lite cache-hit
6773 silly fetch manifest http-errors@~2.0.1
6774 silly packumentCache full:https://registry.npmjs.org/http-errors cache-hit
6775 silly fetch manifest content-type@~1.0.5
6776 silly packumentCache full:https://registry.npmjs.org/content-type cache-hit
6777 silly fetch manifest unpipe@~1.0.0
6778 silly packumentCache full:https://registry.npmjs.org/unpipe cache-miss
6779 silly fetch manifest statuses@~2.0.2
6780 silly packumentCache full:https://registry.npmjs.org/statuses cache-hit
6781 silly fetch manifest setprototypeof@~1.2.0
6782 silly packumentCache full:https://registry.npmjs.org/setprototypeof cache-hit
6783 silly fetch manifest statuses@~2.0.2
6784 silly packumentCache full:https://registry.npmjs.org/statuses cache-hit
6785 silly fetch manifest toidentifier@~1.0.1
6786 silly packumentCache full:https://registry.npmjs.org/toidentifier cache-miss
6787 silly fetch manifest ee-first@1.1.1
6788 silly packumentCache full:https://registry.npmjs.org/ee-first cache-miss
6789 silly fetch manifest forwarded@0.2.0
6790 silly packumentCache full:https://registry.npmjs.org/forwarded cache-miss
6791 http cache https://registry.npmjs.org/ee-first 4ms (cache hit)
6792 silly packumentCache full:https://registry.npmjs.org/ee-first set size:15327 disposed:false
6793 silly fetch manifest ipaddr.js@1.9.1
6794 silly packumentCache full:https://registry.npmjs.org/ipaddr.js cache-hit
6795 silly fetch manifest mime@1.6.0
6796 silly packumentCache full:https://registry.npmjs.org/mime cache-miss
6797 http cache https://registry.npmjs.org/unpipe 6ms (cache hit)
6798 silly packumentCache full:https://registry.npmjs.org/unpipe set size:3609 disposed:false
6799 silly fetch manifest destroy@1.2.0
6800 silly packumentCache full:https://registry.npmjs.org/destroy cache-miss
6801 http cache https://registry.npmjs.org/toidentifier 5ms (cache hit)
6802 silly packumentCache full:https://registry.npmjs.org/toidentifier set size:12006 disposed:false
6803 silly fetch manifest media-typer@0.3.0
6804 silly packumentCache full:https://registry.npmjs.org/media-typer cache-miss
6805 http cache https://registry.npmjs.org/unpipe 9ms (cache hit)
6806 silly packumentCache full:https://registry.npmjs.org/unpipe set size:3609 disposed:false
6807 silly packumentCache full:https://registry.npmjs.org/unpipe dispose
6808 http cache https://registry.npmjs.org/destroy 10ms (cache hit)
6809 silly packumentCache full:https://registry.npmjs.org/destroy set size:15738 disposed:false
6810 http cache https://registry.npmjs.org/forwarded 7ms (cache hit)
6811 silly packumentCache full:https://registry.npmjs.org/forwarded set size:11229 disposed:false
6812 http cache https://registry.npmjs.org/raw-body 9ms (cache hit)
6813 silly packumentCache full:https://registry.npmjs.org/raw-body set size:117822 disposed:false
6814 http cache https://registry.npmjs.org/destroy 5ms (cache hit)
6815 silly packumentCache full:https://registry.npmjs.org/destroy set size:15738 disposed:false
6816 silly packumentCache full:https://registry.npmjs.org/destroy dispose
6817 http cache https://registry.npmjs.org/mime 6ms (cache hit)
6818 silly packumentCache full:https://registry.npmjs.org/mime set size:119236 disposed:false
6819 http cache https://registry.npmjs.org/media-typer 6ms (cache hit)
6820 silly packumentCache full:https://registry.npmjs.org/media-typer set size:22678 disposed:false
6821 silly placeDep node_modules/accepts negotiator@0.6.3 OK for: accepts@1.3.8 want: 0.6.3
6822 silly placeDep node_modules/body-parser debug@2.6.9 OK for: body-parser@1.20.5 want: 2.6.9
6823 silly placeDep ROOT destroy@1.2.0 OK for: body-parser@1.20.5 want: ~1.2.0
6824 silly placeDep node_modules/body-parser iconv-lite@0.4.24 OK for: body-parser@1.20.5 want: ~0.4.24
6825 silly placeDep ROOT raw-body@2.5.3 OK for: body-parser@1.20.5 want: ~2.5.3
6826 silly placeDep ROOT unpipe@1.0.0 OK for: body-parser@1.20.5 want: ~1.0.0
6827 silly placeDep node_modules/finalhandler debug@2.6.9 OK for: finalhandler@1.3.2 want: 2.6.9
6828 silly placeDep ROOT toidentifier@1.0.1 OK for: http-errors@2.0.1 want: ~1.0.1
6829 silly placeDep ROOT @types/http-proxy@1.17.17 OK for: http-proxy-middleware@2.0.10 want: ^1.17.8
6830 silly placeDep ROOT http-proxy@1.18.1 OK for: http-proxy-middleware@2.0.10 want: ^1.18.1
6831 silly placeDep ROOT is-plain-obj@3.0.0 OK for: http-proxy-middleware@2.0.10 want: ^3.0.0
6832 silly fetch manifest eventemitter3@^4.0.0
6833 silly packumentCache full:https://registry.npmjs.org/eventemitter3 cache-hit
6834 silly placeDep node_modules/http-proxy eventemitter3@4.0.7 OK for: http-proxy@1.18.1 want: ^4.0.0
6835 silly placeDep ROOT dns-packet@5.6.1 OK for: multicast-dns@7.2.5 want: ^5.2.2
6836 silly placeDep ROOT thunky@1.1.0 OK for: multicast-dns@7.2.5 want: ^1.0.2
6837 silly fetch manifest @leichtgewicht/ip-codec@^2.0.1
6838 silly packumentCache full:https://registry.npmjs.org/@leichtgewicht%2fip-codec cache-miss
6839 http cache https://registry.npmjs.org/@leichtgewicht%2fip-codec 6ms (cache hit)
6840 silly packumentCache full:https://registry.npmjs.org/@leichtgewicht%2fip-codec set size:20495 disposed:false
6841 silly placeDep ROOT @leichtgewicht/ip-codec@2.0.5 OK for: dns-packet@5.6.1 want: ^2.0.1
6842 silly placeDep ROOT ee-first@1.1.1 OK for: on-finished@2.4.1 want: 1.1.1
6843 silly placeDep ROOT @types/retry@0.12.0 OK for: p-retry@4.6.2 want: 0.12.0
6844 silly placeDep ROOT retry@0.13.1 OK for: p-retry@4.6.2 want: ^0.13.1
6845 silly placeDep ROOT forwarded@0.2.0 OK for: proxy-addr@2.0.7 want: 0.2.0
6846 silly placeDep node_modules/proxy-addr ipaddr.js@1.9.1 OK for: proxy-addr@2.0.7 want: 1.9.1
6847 silly placeDep node_modules/raw-body iconv-lite@0.4.24 OK for: raw-body@2.5.3 want: ~0.4.24
6848 silly placeDep ROOT @types/node-forge@1.3.14 OK for: selfsigned@2.4.1 want: ^1.3.0
6849 silly placeDep ROOT node-forge@1.4.0 OK for: selfsigned@2.4.1 want: ^1
6850 silly placeDep node_modules/send debug@2.6.9 OK for: send@0.19.2 want: 2.6.9
6851 silly placeDep ROOT mime@1.6.0 OK for: send@0.19.2 want: 1.6.0
6852 silly placeDep ROOT batch@0.6.1 OK for: serve-index@1.9.2 want: 0.6.1
6853 silly placeDep node_modules/serve-index debug@2.6.9 OK for: serve-index@1.9.2 want: 2.6.9
6854 silly placeDep node_modules/serve-index http-errors@1.8.1 OK for: serve-index@1.9.2 want: ~1.8.0
6855 silly fetch manifest depd@~1.1.2
6856 silly packumentCache full:https://registry.npmjs.org/depd cache-hit
6857 silly fetch manifest statuses@>= 1.5.0 < 2
6858 silly packumentCache full:https://registry.npmjs.org/statuses cache-hit
6859 silly placeDep ROOT faye-websocket@0.11.4 OK for: sockjs@0.3.24 want: ^0.11.3
6860 silly placeDep ROOT uuid@8.3.2 OK for: sockjs@0.3.24 want: ^8.3.2
6861 silly placeDep ROOT websocket-driver@0.7.5 OK for: sockjs@0.3.24 want: ^0.7.4
6862 silly fetch manifest websocket-driver@>=0.5.1
6863 silly packumentCache full:https://registry.npmjs.org/websocket-driver cache-hit
6864 silly fetch manifest http-parser-js@>=0.5.1
6865 silly packumentCache full:https://registry.npmjs.org/http-parser-js cache-miss
6866 silly fetch manifest websocket-extensions@>=0.1.1
6867 silly packumentCache full:https://registry.npmjs.org/websocket-extensions cache-miss
6868 http cache https://registry.npmjs.org/websocket-extensions 3ms (cache hit)
6869 silly packumentCache full:https://registry.npmjs.org/websocket-extensions set size:22792 disposed:false
6870 http cache https://registry.npmjs.org/http-parser-js 3ms (cache hit)
6871 silly packumentCache full:https://registry.npmjs.org/http-parser-js set size:68161 disposed:false
6872 silly placeDep ROOT handle-thing@2.0.1 OK for: spdy@4.0.2 want: ^2.0.0
6873 silly placeDep ROOT http-deceiver@1.2.7 OK for: spdy@4.0.2 want: ^1.2.7
6874 silly placeDep ROOT select-hose@2.0.0 OK for: spdy@4.0.2 want: ^2.0.0
6875 silly placeDep ROOT spdy-transport@3.0.0 OK for: spdy@4.0.2 want: ^3.0.0
6876 silly fetch manifest detect-node@^2.0.4
6877 silly packumentCache full:https://registry.npmjs.org/detect-node cache-miss
6878 silly fetch manifest hpack.js@^2.1.6
6879 silly packumentCache full:https://registry.npmjs.org/hpack.js cache-miss
6880 silly fetch manifest obuf@^1.1.2
6881 silly packumentCache full:https://registry.npmjs.org/obuf cache-miss
6882 silly fetch manifest readable-stream@^3.0.6
6883 silly packumentCache full:https://registry.npmjs.org/readable-stream cache-miss
6884 silly fetch manifest wbuf@^1.7.3
6885 silly packumentCache full:https://registry.npmjs.org/wbuf cache-miss
6886 http cache https://registry.npmjs.org/hpack.js 3ms (cache hit)
6887 silly packumentCache full:https://registry.npmjs.org/hpack.js set size:15353 disposed:false
6888 http cache https://registry.npmjs.org/readable-stream 3ms (cache hit)
6889 silly packumentCache full:https://registry.npmjs.org/readable-stream set size:261096 disposed:false
6890 http cache https://registry.npmjs.org/obuf 7ms (cache hit)
6891 silly packumentCache full:https://registry.npmjs.org/obuf set size:14024 disposed:false
6892 http cache https://registry.npmjs.org/detect-node 8ms (cache hit)
6893 silly packumentCache full:https://registry.npmjs.org/detect-node set size:14548 disposed:false
6894 http cache https://registry.npmjs.org/wbuf 7ms (cache hit)
6895 silly packumentCache full:https://registry.npmjs.org/wbuf set size:20540 disposed:false
6896 silly placeDep ROOT detect-node@2.1.0 OK for: spdy-transport@3.0.0 want: ^2.0.4
6897 silly placeDep ROOT hpack.js@2.1.6 OK for: spdy-transport@3.0.0 want: ^2.1.6
6898 silly placeDep ROOT obuf@1.1.2 OK for: spdy-transport@3.0.0 want: ^1.1.2
6899 silly placeDep ROOT readable-stream@3.6.2 OK for: spdy-transport@3.0.0 want: ^3.0.6
6900 silly placeDep ROOT wbuf@1.7.3 OK for: spdy-transport@3.0.0 want: ^1.7.3
6901 silly fetch manifest obuf@^1.0.0
6902 silly packumentCache full:https://registry.npmjs.org/obuf cache-hit
6903 silly fetch manifest readable-stream@^2.0.1
6904 silly packumentCache full:https://registry.npmjs.org/readable-stream cache-hit
6905 silly fetch manifest wbuf@^1.1.0
6906 silly packumentCache full:https://registry.npmjs.org/wbuf cache-hit
6907 silly fetch manifest string_decoder@^1.1.1
6908 silly packumentCache full:https://registry.npmjs.org/string_decoder cache-miss
6909 silly fetch manifest minimalistic-assert@^1.0.0
6910 silly packumentCache full:https://registry.npmjs.org/minimalistic-assert cache-miss
6911 http cache https://registry.npmjs.org/minimalistic-assert 3ms (cache hit)
6912 silly packumentCache full:https://registry.npmjs.org/minimalistic-assert set size:3465 disposed:false
6913 http cache https://registry.npmjs.org/string_decoder 3ms (cache hit)
6914 silly packumentCache full:https://registry.npmjs.org/string_decoder set size:28441 disposed:false
6915 silly placeDep node_modules/hpack.js readable-stream@2.3.8 OK for: hpack.js@2.1.6 want: ^2.0.1
6916 silly fetch manifest isarray@~1.0.0
6917 silly packumentCache full:https://registry.npmjs.org/isarray cache-hit
6918 silly fetch manifest safe-buffer@~5.1.1
6919 silly packumentCache full:https://registry.npmjs.org/safe-buffer cache-hit
6920 silly fetch manifest core-util-is@~1.0.0
6921 silly packumentCache full:https://registry.npmjs.org/core-util-is cache-miss
6922 silly fetch manifest string_decoder@~1.1.1
6923 silly packumentCache full:https://registry.npmjs.org/string_decoder cache-hit
6924 silly fetch manifest process-nextick-args@~2.0.0
6925 silly packumentCache full:https://registry.npmjs.org/process-nextick-args cache-miss
6926 http cache https://registry.npmjs.org/process-nextick-args 2ms (cache hit)
6927 silly packumentCache full:https://registry.npmjs.org/process-nextick-args set size:15428 disposed:false
6928 http cache https://registry.npmjs.org/core-util-is 3ms (cache hit)
6929 silly packumentCache full:https://registry.npmjs.org/core-util-is set size:7163 disposed:false
6930 silly placeDep ROOT string_decoder@1.3.0 OK for: readable-stream@3.6.2 want: ^1.1.1
6931 silly placeDep ROOT media-typer@0.3.0 OK for: type-is@1.6.18 want: 0.3.0
6932 silly placeDep ROOT minimalistic-assert@1.0.1 OK for: wbuf@1.7.3 want: ^1.0.0
6933 silly placeDep node_modules/webpack-manifest-plugin webpack-sources@2.3.1 OK for: webpack-manifest-plugin@4.1.1 want: ^2.2.0
6934 silly fetch manifest source-list-map@^2.0.1
6935 silly packumentCache full:https://registry.npmjs.org/source-list-map cache-miss
6936 http cache https://registry.npmjs.org/source-list-map 2ms (cache hit)
6937 silly packumentCache full:https://registry.npmjs.org/source-list-map set size:26925 disposed:false
6938 silly placeDep ROOT clone-deep@4.0.1 OK for: webpack-merge@5.10.0 want: ^4.0.1
6939 silly placeDep ROOT flat@5.0.2 OK for: webpack-merge@5.10.0 want: ^5.0.2
6940 silly placeDep ROOT wildcard@2.0.1 OK for: webpack-merge@5.10.0 want: ^2.0.0
6941 silly fetch manifest is-plain-object@^2.0.4
6942 silly packumentCache full:https://registry.npmjs.org/is-plain-object cache-miss
6943 silly fetch manifest shallow-clone@^3.0.0
6944 silly packumentCache full:https://registry.npmjs.org/shallow-clone cache-miss
6945 http cache https://registry.npmjs.org/is-plain-object 2ms (cache hit)
6946 silly packumentCache full:https://registry.npmjs.org/is-plain-object set size:47016 disposed:false
6947 http cache https://registry.npmjs.org/shallow-clone 3ms (cache hit)
6948 silly packumentCache full:https://registry.npmjs.org/shallow-clone set size:24716 disposed:false
6949 silly placeDep ROOT is-plain-object@2.0.4 OK for: clone-deep@4.0.1 want: ^2.0.4
6950 silly placeDep ROOT shallow-clone@3.0.1 OK for: clone-deep@4.0.1 want: ^3.0.0
6951 silly fetch manifest isobject@^3.0.1
6952 silly packumentCache full:https://registry.npmjs.org/isobject cache-miss
6953 http cache https://registry.npmjs.org/isobject 2ms (cache hit)
6954 silly packumentCache full:https://registry.npmjs.org/isobject set size:26140 disposed:false
6955 silly placeDep ROOT isobject@3.0.1 OK for: is-plain-object@2.0.4 want: ^3.0.1
6956 silly placeDep ROOT http-parser-js@0.5.10 OK for: websocket-driver@0.7.5 want: >=0.5.1
6957 silly placeDep ROOT websocket-extensions@0.1.4 OK for: websocket-driver@0.7.5 want: >=0.1.1
6958 silly placeDep node_modules/whatwg-encoding iconv-lite@0.4.24 OK for: whatwg-encoding@1.0.5 want: 0.4.24
6959 silly placeDep ROOT tr46@2.1.0 OK for: whatwg-url@8.7.0 want: ^2.1.0
6960 silly placeDep ROOT isexe@2.0.0 OK for: which@2.0.2 want: ^2.0.0
6961 silly placeDep ROOT is-bigint@1.1.0 OK for: which-boxed-primitive@1.1.1 want: ^1.1.0
6962 silly placeDep ROOT is-boolean-object@1.2.2 OK for: which-boxed-primitive@1.1.1 want: ^1.2.1
6963 silly placeDep ROOT is-number-object@1.1.1 OK for: which-boxed-primitive@1.1.1 want: ^1.1.1
6964 silly placeDep ROOT is-async-function@2.1.1 OK for: which-builtin-type@1.2.1 want: ^2.0.0
6965 silly placeDep ROOT is-finalizationregistry@1.1.1 OK for: which-builtin-type@1.2.1 want: ^1.1.0
6966 silly placeDep ROOT is-generator-function@1.1.2 OK for: which-builtin-type@1.2.1 want: ^1.0.10
6967 silly placeDep ROOT which-collection@1.0.2 OK for: which-builtin-type@1.2.1 want: ^1.0.2
6968 silly fetch manifest async-function@^1.0.0
6969 silly packumentCache full:https://registry.npmjs.org/async-function cache-miss
6970 silly fetch manifest generator-function@^2.0.0
6971 silly packumentCache full:https://registry.npmjs.org/generator-function cache-miss
6972 silly fetch manifest is-map@^2.0.3
6973 silly packumentCache full:https://registry.npmjs.org/is-map cache-miss
6974 silly fetch manifest is-weakmap@^2.0.2
6975 silly packumentCache full:https://registry.npmjs.org/is-weakmap cache-miss
6976 silly fetch manifest is-weakset@^2.0.3
6977 silly packumentCache full:https://registry.npmjs.org/is-weakset cache-miss
6978 http cache https://registry.npmjs.org/is-weakmap 3ms (cache hit)
6979 silly packumentCache full:https://registry.npmjs.org/is-weakmap set size:15163 disposed:false
6980 http cache https://registry.npmjs.org/async-function 3ms (cache hit)
6981 silly packumentCache full:https://registry.npmjs.org/async-function set size:7150 disposed:false
6982 http cache https://registry.npmjs.org/is-weakset 4ms (cache hit)
6983 silly packumentCache full:https://registry.npmjs.org/is-weakset set size:21965 disposed:false
6984 http cache https://registry.npmjs.org/is-map 4ms (cache hit)
6985 silly packumentCache full:https://registry.npmjs.org/is-map set size:18079 disposed:false
6986 http cache https://registry.npmjs.org/generator-function 5ms (cache hit)
6987 silly packumentCache full:https://registry.npmjs.org/generator-function set size:10401 disposed:false
6988 silly placeDep ROOT async-function@1.0.0 OK for: is-async-function@2.1.1 want: ^1.0.0
6989 silly placeDep ROOT generator-function@2.0.1 OK for: is-generator-function@1.1.2 want: ^2.0.0
6990 silly placeDep ROOT is-map@2.0.3 OK for: which-collection@1.0.2 want: ^2.0.3
6991 silly placeDep ROOT is-weakmap@2.0.2 OK for: which-collection@1.0.2 want: ^2.0.2
6992 silly placeDep ROOT is-weakset@2.0.4 OK for: which-collection@1.0.2 want: ^2.0.3
6993 silly placeDep ROOT pretty-bytes@5.6.0 OK for: workbox-webpack-plugin@6.6.0 want: ^5.4.1
6994 silly placeDep ROOT upath@1.2.0 OK for: workbox-webpack-plugin@6.6.0 want: ^1.2.0
6995 silly placeDep node_modules/workbox-webpack-plugin webpack-sources@1.4.3 OK for: workbox-webpack-plugin@6.6.0 want: ^1.4.3
6996 silly placeDep ROOT workbox-build@6.6.0 OK for: workbox-webpack-plugin@6.6.0 want: 6.6.0
6997 silly fetch manifest source-list-map@^2.0.0
6998 silly packumentCache full:https://registry.npmjs.org/source-list-map cache-hit
6999 silly fetch manifest ajv@^8.6.0
7000 silly packumentCache full:https://registry.npmjs.org/ajv cache-miss
7001 silly fetch manifest tempy@^0.6.0
7002 silly packumentCache full:https://registry.npmjs.org/tempy cache-miss
7003 silly fetch manifest rollup@^2.43.1
7004 silly packumentCache full:https://registry.npmjs.org/rollup cache-miss
7005 silly fetch manifest fs-extra@^9.0.1
7006 silly packumentCache full:https://registry.npmjs.org/fs-extra cache-hit
7007 silly fetch manifest source-map@^0.8.0-beta.0
7008 silly packumentCache full:https://registry.npmjs.org/source-map cache-hit
7009 silly fetch manifest workbox-sw@6.6.0
7010 silly packumentCache full:https://registry.npmjs.org/workbox-sw cache-miss
7011 silly fetch manifest common-tags@^1.8.0
7012 silly packumentCache full:https://registry.npmjs.org/common-tags cache-miss
7013 silly fetch manifest workbox-core@6.6.0
7014 silly packumentCache full:https://registry.npmjs.org/workbox-core cache-miss
7015 silly fetch manifest strip-comments@^2.0.1
7016 silly packumentCache full:https://registry.npmjs.org/strip-comments cache-miss
7017 http cache https://registry.npmjs.org/ajv 9ms (cache hit)
7018 silly packumentCache full:https://registry.npmjs.org/ajv set size:1142658 disposed:false
7019 silly fetch manifest workbox-window@6.6.0
7020 silly packumentCache full:https://registry.npmjs.org/workbox-window cache-miss
7021 http cache https://registry.npmjs.org/workbox-sw 16ms (cache hit)
7022 silly packumentCache full:https://registry.npmjs.org/workbox-sw set size:252158 disposed:false
7023 silly fetch manifest workbox-recipes@6.6.0
7024 silly packumentCache full:https://registry.npmjs.org/workbox-recipes cache-miss
7025 http cache https://registry.npmjs.org/workbox-core 18ms (cache hit)
7026 silly packumentCache full:https://registry.npmjs.org/workbox-core set size:222328 disposed:false
7027 silly fetch manifest workbox-routing@6.6.0
7028 silly packumentCache full:https://registry.npmjs.org/workbox-routing cache-miss
7029 http cache https://registry.npmjs.org/strip-comments 20ms (cache hit)
7030 silly packumentCache full:https://registry.npmjs.org/strip-comments set size:50316 disposed:false
7031 silly fetch manifest workbox-streams@6.6.0
7032 silly packumentCache full:https://registry.npmjs.org/workbox-streams cache-miss
7033 http cache https://registry.npmjs.org/tempy 23ms (cache hit)
7034 silly packumentCache full:https://registry.npmjs.org/tempy set size:47063 disposed:false
7035 silly fetch manifest stringify-object@^3.3.0
7036 silly packumentCache full:https://registry.npmjs.org/stringify-object cache-miss
7037 http cache https://registry.npmjs.org/common-tags 23ms (cache hit)
7038 silly packumentCache full:https://registry.npmjs.org/common-tags set size:170537 disposed:false
7039 silly fetch manifest workbox-expiration@6.6.0
7040 silly packumentCache full:https://registry.npmjs.org/workbox-expiration cache-miss
7041 http cache https://registry.npmjs.org/rollup 34ms (cache hit)
7042 silly packumentCache full:https://registry.npmjs.org/rollup set size:6254014 disposed:false
7043 silly fetch manifest workbox-precaching@6.6.0
7044 silly packumentCache full:https://registry.npmjs.org/workbox-precaching cache-miss
7045 http cache https://registry.npmjs.org/workbox-routing 58ms (cache hit)
7046 silly packumentCache full:https://registry.npmjs.org/workbox-routing set size:245361 disposed:false
7047 silly fetch manifest workbox-strategies@6.6.0
7048 silly packumentCache full:https://registry.npmjs.org/workbox-strategies cache-miss
7049 http cache https://registry.npmjs.org/workbox-window 67ms (cache hit)
7050 silly packumentCache full:https://registry.npmjs.org/workbox-window set size:174266 disposed:false
7051 silly fetch manifest @rollup/plugin-babel@^5.2.0
7052 silly packumentCache full:https://registry.npmjs.org/@rollup%2fplugin-babel cache-miss
7053 http cache https://registry.npmjs.org/workbox-recipes 63ms (cache hit)
7054 silly packumentCache full:https://registry.npmjs.org/workbox-recipes set size:86360 disposed:false
7055 silly fetch manifest rollup-plugin-terser@^7.0.0
7056 silly packumentCache full:https://registry.npmjs.org/rollup-plugin-terser cache-miss
7057 http cache https://registry.npmjs.org/workbox-streams 62ms (cache hit)
7058 silly packumentCache full:https://registry.npmjs.org/workbox-streams set size:202432 disposed:false
7059 silly fetch manifest @rollup/plugin-replace@^2.4.1
7060 silly packumentCache full:https://registry.npmjs.org/@rollup%2fplugin-replace cache-miss
7061 http cache https://registry.npmjs.org/stringify-object 61ms (cache hit)
7062 silly packumentCache full:https://registry.npmjs.org/stringify-object set size:60566 disposed:false
7063 silly fetch manifest workbox-range-requests@6.6.0
7064 silly packumentCache full:https://registry.npmjs.org/workbox-range-requests cache-miss
7065 http cache https://registry.npmjs.org/workbox-expiration 61ms (cache hit)
7066 silly packumentCache full:https://registry.npmjs.org/workbox-expiration set size:164714 disposed:false
7067 silly fetch manifest workbox-background-sync@6.6.0
7068 silly packumentCache full:https://registry.npmjs.org/workbox-background-sync cache-miss
7069 http cache https://registry.npmjs.org/workbox-precaching 13ms (cache hit)
7070 silly packumentCache full:https://registry.npmjs.org/workbox-precaching set size:246005 disposed:false
7071 silly fetch manifest workbox-broadcast-update@6.6.0
7072 silly packumentCache full:https://registry.npmjs.org/workbox-broadcast-update cache-miss
7073 http cache https://registry.npmjs.org/@rollup%2fplugin-babel 11ms (cache hit)
7074 silly packumentCache full:https://registry.npmjs.org/@rollup%2fplugin-babel set size:95668 disposed:false
7075 silly fetch manifest workbox-google-analytics@6.6.0
7076 silly packumentCache full:https://registry.npmjs.org/workbox-google-analytics cache-miss
7077 http cache https://registry.npmjs.org/rollup-plugin-terser 12ms (cache hit)
7078 silly packumentCache full:https://registry.npmjs.org/rollup-plugin-terser set size:93631 disposed:false
7079 silly fetch manifest @apideck/better-ajv-errors@^0.3.1
7080 silly packumentCache full:https://registry.npmjs.org/@apideck%2fbetter-ajv-errors cache-miss
7081 http cache https://registry.npmjs.org/workbox-strategies 16ms (cache hit)
7082 silly packumentCache full:https://registry.npmjs.org/workbox-strategies set size:224803 disposed:false
7083 silly fetch manifest workbox-cacheable-response@6.6.0
7084 silly packumentCache full:https://registry.npmjs.org/workbox-cacheable-response cache-miss
7085 http cache https://registry.npmjs.org/workbox-range-requests 14ms (cache hit)
7086 silly packumentCache full:https://registry.npmjs.org/workbox-range-requests set size:241542 disposed:false
7087 silly fetch manifest workbox-navigation-preload@6.6.0
7088 silly packumentCache full:https://registry.npmjs.org/workbox-navigation-preload cache-miss
7089 http cache https://registry.npmjs.org/@rollup%2fplugin-replace 17ms (cache hit)
7090 silly packumentCache full:https://registry.npmjs.org/@rollup%2fplugin-replace set size:99018 disposed:false
7091 silly fetch manifest @rollup/plugin-node-resolve@^11.2.1
7092 silly packumentCache full:https://registry.npmjs.org/@rollup%2fplugin-node-resolve cache-miss
7093 http cache https://registry.npmjs.org/workbox-broadcast-update 14ms (cache hit)
7094 silly packumentCache full:https://registry.npmjs.org/workbox-broadcast-update set size:168400 disposed:false
7095 silly fetch manifest @surma/rollup-plugin-off-main-thread@^2.2.3
7096 silly packumentCache full:https://registry.npmjs.org/@surma%2frollup-plugin-off-main-thread cache-miss
7097 http cache https://registry.npmjs.org/workbox-background-sync 18ms (cache hit)
7098 silly packumentCache full:https://registry.npmjs.org/workbox-background-sync set size:259699 disposed:false
7099 http cache https://registry.npmjs.org/@apideck%2fbetter-ajv-errors 18ms (cache hit)
7100 silly packumentCache full:https://registry.npmjs.org/@apideck%2fbetter-ajv-errors set size:74443 disposed:false
7101 http cache https://registry.npmjs.org/workbox-cacheable-response 16ms (cache hit)
7102 silly packumentCache full:https://registry.npmjs.org/workbox-cacheable-response set size:255175 disposed:false
7103 http cache https://registry.npmjs.org/workbox-google-analytics 23ms (cache hit)
7104 silly packumentCache full:https://registry.npmjs.org/workbox-google-analytics set size:278816 disposed:false
7105 http cache https://registry.npmjs.org/@surma%2frollup-plugin-off-main-thread 16ms (cache hit)
7106 silly packumentCache full:https://registry.npmjs.org/@surma%2frollup-plugin-off-main-thread set size:38427 disposed:false
7107 http cache https://registry.npmjs.org/workbox-navigation-preload 20ms (cache hit)
7108 silly packumentCache full:https://registry.npmjs.org/workbox-navigation-preload set size:197425 disposed:false
7109 http cache https://registry.npmjs.org/@rollup%2fplugin-node-resolve 24ms (cache hit)
7110 silly packumentCache full:https://registry.npmjs.org/@rollup%2fplugin-node-resolve set size:210808 disposed:false
7111 silly placeDep ROOT @apideck/better-ajv-errors@0.3.7 OK for: workbox-build@6.6.0 want: ^0.3.1
7112 silly placeDep ROOT @rollup/plugin-babel@5.3.1 OK for: workbox-build@6.6.0 want: ^5.2.0
7113 silly placeDep ROOT @rollup/plugin-node-resolve@11.2.1 OK for: workbox-build@6.6.0 want: ^11.2.1
7114 silly placeDep ROOT @rollup/plugin-replace@2.4.2 OK for: workbox-build@6.6.0 want: ^2.4.1
7115 silly placeDep ROOT @surma/rollup-plugin-off-main-thread@2.2.3 OK for: workbox-build@6.6.0 want: ^2.2.3
7116 silly placeDep node_modules/workbox-build ajv@8.20.0 OK for: workbox-build@6.6.0 want: ^8.6.0
7117 silly placeDep ROOT common-tags@1.8.2 OK for: workbox-build@6.6.0 want: ^1.8.0
7118 silly placeDep node_modules/workbox-build fs-extra@9.1.0 OK for: workbox-build@6.6.0 want: ^9.0.1
7119 silly placeDep ROOT rollup@2.80.0 OK for: workbox-build@6.6.0 want: ^2.43.1
7120 silly placeDep ROOT rollup-plugin-terser@7.0.2 OK for: workbox-build@6.6.0 want: ^7.0.0
7121 silly placeDep node_modules/workbox-build source-map@0.8.0-beta.0 OK for: workbox-build@6.6.0 want: ^0.8.0-beta.0
7122 silly placeDep ROOT stringify-object@3.3.0 OK for: workbox-build@6.6.0 want: ^3.3.0
7123 silly placeDep ROOT strip-comments@2.0.1 OK for: workbox-build@6.6.0 want: ^2.0.1
7124 silly placeDep ROOT tempy@0.6.0 OK for: workbox-build@6.6.0 want: ^0.6.0
7125 silly placeDep ROOT workbox-background-sync@6.6.0 OK for: workbox-build@6.6.0 want: 6.6.0
7126 silly placeDep ROOT workbox-broadcast-update@6.6.0 OK for: workbox-build@6.6.0 want: 6.6.0
7127 silly placeDep ROOT workbox-cacheable-response@6.6.0 OK for: workbox-build@6.6.0 want: 6.6.0
7128 silly placeDep ROOT workbox-core@6.6.0 OK for: workbox-build@6.6.0 want: 6.6.0
7129 silly placeDep ROOT workbox-expiration@6.6.0 OK for: workbox-build@6.6.0 want: 6.6.0
7130 silly placeDep ROOT workbox-google-analytics@6.6.0 OK for: workbox-build@6.6.0 want: 6.6.0
7131 silly placeDep ROOT workbox-navigation-preload@6.6.0 OK for: workbox-build@6.6.0 want: 6.6.0
7132 silly placeDep ROOT workbox-precaching@6.6.0 OK for: workbox-build@6.6.0 want: 6.6.0
7133 silly placeDep ROOT workbox-range-requests@6.6.0 OK for: workbox-build@6.6.0 want: 6.6.0
7134 silly placeDep ROOT workbox-recipes@6.6.0 OK for: workbox-build@6.6.0 want: 6.6.0
7135 silly placeDep ROOT workbox-routing@6.6.0 OK for: workbox-build@6.6.0 want: 6.6.0
7136 silly placeDep ROOT workbox-strategies@6.6.0 OK for: workbox-build@6.6.0 want: 6.6.0
7137 silly placeDep ROOT workbox-streams@6.6.0 OK for: workbox-build@6.6.0 want: 6.6.0
7138 silly placeDep ROOT workbox-sw@6.6.0 OK for: workbox-build@6.6.0 want: 6.6.0
7139 silly placeDep ROOT workbox-window@6.6.0 OK for: workbox-build@6.6.0 want: 6.6.0
7140 silly fetch manifest jsonpointer@^5.0.1
7141 silly packumentCache full:https://registry.npmjs.org/jsonpointer cache-miss
7142 silly fetch manifest @rollup/pluginutils@^3.1.0
7143 silly packumentCache full:https://registry.npmjs.org/@rollup%2fpluginutils cache-miss
7144 silly fetch manifest is-module@^1.0.0
7145 silly packumentCache full:https://registry.npmjs.org/is-module cache-miss
7146 silly fetch manifest @types/resolve@1.17.1
7147 silly packumentCache full:https://registry.npmjs.org/@types%2fresolve cache-miss
7148 silly fetch manifest builtin-modules@^3.1.0
7149 silly packumentCache full:https://registry.npmjs.org/builtin-modules cache-miss
7150 silly fetch manifest @rollup/pluginutils@^3.1.0
7151 silly packumentCache full:https://registry.npmjs.org/@rollup%2fpluginutils cache-miss
7152 silly fetch manifest magic-string@^0.25.7
7153 silly packumentCache full:https://registry.npmjs.org/magic-string cache-miss
7154 http cache https://registry.npmjs.org/jsonpointer 5ms (cache hit)
7155 silly packumentCache full:https://registry.npmjs.org/jsonpointer set size:22257 disposed:false
7156 silly fetch manifest @rollup/pluginutils@^3.1.0
7157 silly packumentCache full:https://registry.npmjs.org/@rollup%2fpluginutils cache-miss
7158 http cache https://registry.npmjs.org/builtin-modules 5ms (cache hit)
7159 silly packumentCache full:https://registry.npmjs.org/builtin-modules set size:27489 disposed:false
7160 silly fetch manifest ejs@^3.1.6
7161 silly packumentCache full:https://registry.npmjs.org/ejs cache-miss
7162 http cache https://registry.npmjs.org/@rollup%2fpluginutils 6ms (cache hit)
7163 silly packumentCache full:https://registry.npmjs.org/@rollup%2fpluginutils set size:121958 disposed:false
7164 silly fetch manifest magic-string@^0.25.0
7165 silly packumentCache full:https://registry.npmjs.org/magic-string cache-miss
7166 http cache https://registry.npmjs.org/is-module 8ms (cache hit)
7167 silly packumentCache full:https://registry.npmjs.org/is-module set size:4216 disposed:false
7168 silly fetch manifest jest-worker@^26.2.1
7169 silly packumentCache full:https://registry.npmjs.org/jest-worker cache-hit
7170 silly fetch manifest serialize-javascript@^4.0.0
7171 silly packumentCache full:https://registry.npmjs.org/serialize-javascript cache-hit
7172 silly fetch manifest whatwg-url@^7.0.0
7173 silly packumentCache full:https://registry.npmjs.org/whatwg-url cache-hit
7174 silly fetch manifest is-obj@^1.0.1
7175 silly packumentCache full:https://registry.npmjs.org/is-obj cache-miss
7176 http cache https://registry.npmjs.org/@rollup%2fpluginutils 11ms (cache hit)
7177 silly packumentCache full:https://registry.npmjs.org/@rollup%2fpluginutils set size:121958 disposed:false
7178 silly packumentCache full:https://registry.npmjs.org/@rollup%2fpluginutils dispose
7179 silly fetch manifest is-regexp@^1.0.0
7180 silly packumentCache full:https://registry.npmjs.org/is-regexp cache-miss
7181 http cache https://registry.npmjs.org/@types%2fresolve 11ms (cache hit)
7182 silly packumentCache full:https://registry.npmjs.org/@types%2fresolve set size:36189 disposed:false
7183 silly fetch manifest get-own-enumerable-property-symbols@^3.0.0
7184 silly packumentCache full:https://registry.npmjs.org/get-own-enumerable-property-symbols cache-miss
7185 http cache https://registry.npmjs.org/magic-string 11ms (cache hit)
7186 silly packumentCache full:https://registry.npmjs.org/magic-string set size:331817 disposed:false
7187 silly fetch manifest temp-dir@^2.0.0
7188 silly packumentCache full:https://registry.npmjs.org/temp-dir cache-miss
7189 http cache https://registry.npmjs.org/@rollup%2fpluginutils 13ms (cache hit)
7190 silly packumentCache full:https://registry.npmjs.org/@rollup%2fpluginutils set size:121958 disposed:true
7191 silly packumentCache full:https://registry.npmjs.org/@rollup%2fpluginutils dispose
7192 silly fetch manifest type-fest@^0.16.0
7193 silly packumentCache full:https://registry.npmjs.org/type-fest cache-hit
7194 silly fetch manifest unique-string@^2.0.0
7195 silly packumentCache full:https://registry.npmjs.org/unique-string cache-miss
7196 http cache https://registry.npmjs.org/magic-string 14ms (cache hit)
7197 silly packumentCache full:https://registry.npmjs.org/magic-string set size:331817 disposed:false
7198 silly packumentCache full:https://registry.npmjs.org/magic-string dispose
7199 silly fetch manifest idb@^7.0.1
7200 silly packumentCache full:https://registry.npmjs.org/idb cache-miss
7201 http cache https://registry.npmjs.org/is-regexp 13ms (cache hit)
7202 silly packumentCache full:https://registry.npmjs.org/is-regexp set size:12459 disposed:false
7203 silly fetch manifest idb@^7.0.1
7204 silly packumentCache full:https://registry.npmjs.org/idb cache-miss
7205 http cache https://registry.npmjs.org/ejs 19ms (cache hit)
7206 silly packumentCache full:https://registry.npmjs.org/ejs set size:152089 disposed:false
7207 silly fetch manifest @types/trusted-types@^2.0.2
7208 silly packumentCache full:https://registry.npmjs.org/@types%2ftrusted-types cache-miss
7209 http cache https://registry.npmjs.org/is-obj 18ms (cache hit)
7210 silly packumentCache full:https://registry.npmjs.org/is-obj set size:9560 disposed:false
7211 http cache https://registry.npmjs.org/get-own-enumerable-property-symbols 17ms (cache hit)
7212 silly packumentCache full:https://registry.npmjs.org/get-own-enumerable-property-symbols set size:19236 disposed:false
7213 http cache https://registry.npmjs.org/temp-dir 13ms (cache hit)
7214 silly packumentCache full:https://registry.npmjs.org/temp-dir set size:8337 disposed:false
7215 http cache https://registry.npmjs.org/idb 6ms (cache hit)
7216 silly packumentCache full:https://registry.npmjs.org/idb set size:170881 disposed:false
7217 http cache https://registry.npmjs.org/unique-string 11ms (cache hit)
7218 silly packumentCache full:https://registry.npmjs.org/unique-string set size:8164 disposed:false
7219 http cache https://registry.npmjs.org/idb 8ms (cache hit)
7220 silly packumentCache full:https://registry.npmjs.org/idb set size:170881 disposed:false
7221 silly packumentCache full:https://registry.npmjs.org/idb dispose
7222 http cache https://registry.npmjs.org/@types%2ftrusted-types 8ms (cache hit)
7223 silly packumentCache full:https://registry.npmjs.org/@types%2ftrusted-types set size:37046 disposed:false
7224 silly placeDep ROOT jsonpointer@5.0.1 OK for: @apideck/better-ajv-errors@0.3.7 want: ^5.0.1
7225 silly placeDep ROOT @rollup/pluginutils@3.1.0 OK for: @rollup/plugin-babel@5.3.1 want: ^3.1.0
7226 silly fetch manifest @types/estree@0.0.39
7227 silly packumentCache full:https://registry.npmjs.org/@types%2festree cache-hit
7228 silly fetch manifest estree-walker@^1.0.1
7229 silly packumentCache full:https://registry.npmjs.org/estree-walker cache-miss
7230 http cache https://registry.npmjs.org/estree-walker 3ms (cache hit)
7231 silly packumentCache full:https://registry.npmjs.org/estree-walker set size:60887 disposed:false
7232 silly placeDep ROOT @types/resolve@1.17.1 OK for: @rollup/plugin-node-resolve@11.2.1 want: 1.17.1
7233 silly placeDep ROOT builtin-modules@3.3.0 OK for: @rollup/plugin-node-resolve@11.2.1 want: ^3.1.0
7234 silly placeDep ROOT is-module@1.0.0 OK for: @rollup/plugin-node-resolve@11.2.1 want: ^1.0.0
7235 silly placeDep node_modules/@rollup/plugin-node-resolve resolve@1.22.12 OK for: @rollup/plugin-node-resolve@11.2.1 want: ^1.19.0
7236 silly placeDep ROOT magic-string@0.25.9 OK for: @rollup/plugin-replace@2.4.2 want: ^0.25.7
7237 silly fetch manifest sourcemap-codec@^1.4.8
7238 silly packumentCache full:https://registry.npmjs.org/sourcemap-codec cache-miss
7239 http cache https://registry.npmjs.org/sourcemap-codec 6ms (cache hit)
7240 silly packumentCache full:https://registry.npmjs.org/sourcemap-codec set size:45470 disposed:false
7241 silly placeDep node_modules/@rollup/pluginutils @types/estree@0.0.39 OK for: @rollup/pluginutils@3.1.0 want: 0.0.39
7242 silly placeDep ROOT estree-walker@1.0.1 OK for: @rollup/pluginutils@3.1.0 want: ^1.0.1
7243 silly placeDep ROOT ejs@3.1.10 OK for: @surma/rollup-plugin-off-main-thread@2.2.3 want: ^3.1.6
7244 silly fetch manifest jake@^10.8.5
7245 silly packumentCache full:https://registry.npmjs.org/jake cache-miss
7246 http cache https://registry.npmjs.org/jake 3ms (cache hit)
7247 silly packumentCache full:https://registry.npmjs.org/jake set size:265178 disposed:false
7248 silly placeDep ROOT jake@10.9.4 OK for: ejs@3.1.10 want: ^10.8.5
7249 silly fetch manifest async@^3.2.6
7250 silly packumentCache full:https://registry.npmjs.org/async cache-miss
7251 silly fetch manifest filelist@^1.0.4
7252 silly packumentCache full:https://registry.npmjs.org/filelist cache-miss
7253 http cache https://registry.npmjs.org/filelist 2ms (cache hit)
7254 silly packumentCache full:https://registry.npmjs.org/filelist set size:27594 disposed:false
7255 http cache https://registry.npmjs.org/async 4ms (cache hit)
7256 silly packumentCache full:https://registry.npmjs.org/async set size:230496 disposed:false
7257 silly placeDep ROOT async@3.2.6 OK for: jake@10.9.4 want: ^3.2.6
7258 silly placeDep ROOT filelist@1.0.6 OK for: jake@10.9.4 want: ^1.0.4
7259 silly fetch manifest minimatch@^5.0.1
7260 silly packumentCache full:https://registry.npmjs.org/minimatch cache-hit
7261 silly placeDep node_modules/filelist minimatch@5.1.9 OK for: filelist@1.0.6 want: ^5.0.1
7262 silly fetch manifest brace-expansion@^2.0.1
7263 silly packumentCache full:https://registry.npmjs.org/brace-expansion cache-hit
7264 silly placeDep ROOT sourcemap-codec@1.4.8 OK for: magic-string@0.25.9 want: ^1.4.8
7265 silly placeDep node_modules/rollup-plugin-terser jest-worker@26.6.2 OK for: rollup-plugin-terser@7.0.2 want: ^26.2.1
7266 silly placeDep node_modules/rollup-plugin-terser serialize-javascript@4.0.0 OK for: rollup-plugin-terser@7.0.2 want: ^4.0.0
7267 silly placeDep ROOT get-own-enumerable-property-symbols@3.0.2 OK for: stringify-object@3.3.0 want: ^3.0.0
7268 silly placeDep ROOT is-obj@1.0.1 OK for: stringify-object@3.3.0 want: ^1.0.1
7269 silly placeDep ROOT is-regexp@1.0.0 OK for: stringify-object@3.3.0 want: ^1.0.0
7270 silly placeDep ROOT temp-dir@2.0.0 OK for: tempy@0.6.0 want: ^2.0.0
7271 silly placeDep node_modules/tempy type-fest@0.16.0 OK for: tempy@0.6.0 want: ^0.16.0
7272 silly placeDep ROOT unique-string@2.0.0 OK for: tempy@0.6.0 want: ^2.0.0
7273 silly fetch manifest crypto-random-string@^2.0.0
7274 silly packumentCache full:https://registry.npmjs.org/crypto-random-string cache-miss
7275 http cache https://registry.npmjs.org/crypto-random-string 2ms (cache hit)
7276 silly packumentCache full:https://registry.npmjs.org/crypto-random-string set size:31541 disposed:false
7277 silly placeDep ROOT crypto-random-string@2.0.0 OK for: unique-string@2.0.0 want: ^2.0.0
7278 silly placeDep ROOT idb@7.1.1 OK for: workbox-background-sync@6.6.0 want: ^7.0.1
7279 silly placeDep ROOT @types/trusted-types@2.0.7 OK for: workbox-window@6.6.0 want: ^2.0.2
7280 silly placeDep ROOT is-typedarray@1.0.0 OK for: write-file-atomic@3.0.3 want: ^1.0.0
7281 silly placeDep ROOT typedarray-to-buffer@3.1.5 OK for: write-file-atomic@3.0.3 want: ^3.1.5
7282 silly placeDep ROOT cliui@7.0.4 OK for: yargs@16.2.2 want: ^7.0.2
7283 silly placeDep ROOT get-caller-file@2.0.5 OK for: yargs@16.2.2 want: ^2.0.5
7284 silly placeDep ROOT require-directory@2.1.1 OK for: yargs@16.2.2 want: ^2.1.1
7285 silly placeDep ROOT string-width@4.2.3 OK for: yargs@16.2.2 want: ^4.2.0
7286 silly placeDep ROOT y18n@5.0.8 OK for: yargs@16.2.2 want: ^5.0.5
7287 silly placeDep ROOT yargs-parser@20.2.9 OK for: yargs@16.2.2 want: ^20.2.2
7288 silly fetch manifest wrap-ansi@^7.0.0
7289 silly packumentCache full:https://registry.npmjs.org/wrap-ansi cache-miss
7290 silly fetch manifest emoji-regex@^8.0.0
7291 silly packumentCache full:https://registry.npmjs.org/emoji-regex cache-hit
7292 silly fetch manifest is-fullwidth-code-point@^3.0.0
7293 silly packumentCache full:https://registry.npmjs.org/is-fullwidth-code-point cache-miss
7294 http cache https://registry.npmjs.org/is-fullwidth-code-point 2ms (cache hit)
7295 silly packumentCache full:https://registry.npmjs.org/is-fullwidth-code-point set size:14578 disposed:false
7296 http cache https://registry.npmjs.org/wrap-ansi 3ms (cache hit)
7297 silly packumentCache full:https://registry.npmjs.org/wrap-ansi set size:55299 disposed:false
7298 silly placeDep ROOT wrap-ansi@7.0.0 OK for: cliui@7.0.4 want: ^7.0.0
7299 silly placeDep node_modules/string-width emoji-regex@8.0.0 OK for: string-width@4.2.3 want: ^8.0.0
7300 silly placeDep ROOT is-fullwidth-code-point@3.0.0 OK for: string-width@4.2.3 want: ^3.0.0
7301 silly placeDep node_modules/@istanbuljs/load-nyc-config locate-path@5.0.0 OK for: find-up@4.1.0 want: ^5.0.0
7302 silly fetch manifest p-locate@^4.1.0
7303 silly packumentCache full:https://registry.npmjs.org/p-locate cache-hit
7304 silly placeDep node_modules/@istanbuljs/load-nyc-config argparse@1.0.10 OK for: js-yaml@3.14.2 want: ^1.0.7
7305 silly fetch manifest sprintf-js@~1.0.2
7306 silly packumentCache full:https://registry.npmjs.org/sprintf-js cache-miss
7307 http cache https://registry.npmjs.org/sprintf-js 2ms (cache hit)
7308 silly packumentCache full:https://registry.npmjs.org/sprintf-js set size:20495 disposed:false
7309 silly placeDep ROOT sprintf-js@1.0.3 OK for: argparse@1.0.10 want: ~1.0.2
7310 silly placeDep node_modules/@istanbuljs/load-nyc-config p-locate@4.1.0 OK for: locate-path@5.0.0 want: ^4.1.0
7311 silly fetch manifest p-limit@^2.2.0
7312 silly packumentCache full:https://registry.npmjs.org/p-limit cache-hit
7313 silly placeDep node_modules/@istanbuljs/load-nyc-config p-limit@2.3.0 OK for: p-locate@4.1.0 want: ^2.2.0
7314 silly fetch manifest p-try@^2.0.0
7315 silly packumentCache full:https://registry.npmjs.org/p-try cache-miss
7316 http cache https://registry.npmjs.org/p-try 1ms (cache hit)
7317 silly packumentCache full:https://registry.npmjs.org/p-try set size:13014 disposed:false
7318 silly placeDep ROOT p-try@2.2.0 OK for: p-limit@2.3.0 want: ^2.0.0
7319 silly placeDep node_modules/@nicolo-ribaudo/eslint-scope-5-internals estraverse@4.3.0 OK for: eslint-scope@5.1.1 want: ^4.1.1
7320 silly placeDep ROOT @types/mime@1.3.5 OK for: @types/send@0.17.6 want: ^1
7321 silly placeDep node_modules/@typescript-eslint/utils estraverse@4.3.0 OK for: eslint-scope@5.1.1 want: ^4.1.1
7322 silly placeDep ROOT fast-uri@3.1.2 OK for: ajv@8.20.0 want: ^3.0.1
7323 silly placeDep node_modules/ajv-formats json-schema-traverse@1.0.0 OK for: ajv@8.20.0 want: ^1.0.0
7324 silly placeDep ROOT require-from-string@2.0.2 OK for: ajv@8.20.0 want: ^2.0.2
7325 silly placeDep node_modules/babel-loader ajv-keywords@3.5.2 OK for: schema-utils@2.7.1 want: ^3.5.2
7326 silly placeDep node_modules/body-parser ms@2.0.0 OK for: debug@2.6.9 want: 2.0.0
7327 silly placeDep node_modules/coa ansi-styles@3.2.1 OK for: chalk@2.4.2 want: ^3.2.1
7328 silly placeDep node_modules/coa escape-string-regexp@1.0.5 OK for: chalk@2.4.2 want: ^1.0.5
7329 silly placeDep node_modules/coa supports-color@5.5.0 OK for: chalk@2.4.2 want: ^5.3.0
7330 silly fetch manifest color-convert@^1.9.0
7331 silly packumentCache full:https://registry.npmjs.org/color-convert cache-hit
7332 silly fetch manifest has-flag@^3.0.0
7333 silly packumentCache full:https://registry.npmjs.org/has-flag cache-hit
7334 silly placeDep node_modules/coa color-convert@1.9.3 OK for: ansi-styles@3.2.1 want: ^1.9.0
7335 silly fetch manifest color-name@1.1.3
7336 silly packumentCache full:https://registry.npmjs.org/color-name cache-hit
7337 silly placeDep node_modules/coa color-name@1.1.3 OK for: color-convert@1.9.3 want: 1.1.3
7338 silly placeDep node_modules/coa has-flag@3.0.0 OK for: supports-color@5.5.0 want: ^3.0.0
7339 silly placeDep node_modules/compression ms@2.0.0 OK for: debug@2.6.9 want: 2.0.0
7340 silly placeDep node_modules/csso mdn-data@2.0.14 OK for: css-tree@1.1.3 want: 2.0.14
7341 silly placeDep node_modules/csso source-map@0.6.1 OK for: css-tree@1.1.3 want: ^0.6.1
7342 silly placeDep node_modules/detect-port-alt ms@2.0.0 OK for: debug@2.6.9 want: 2.0.0
7343 silly placeDep node_modules/eslint-webpack-plugin supports-color@8.1.1 OK for: jest-worker@28.1.3 want: ^8.0.0
7344 silly placeDep node_modules/express ms@2.0.0 OK for: debug@2.6.9 want: 2.0.0
7345 silly placeDep node_modules/file-loader ajv-keywords@3.5.2 OK for: schema-utils@3.3.0 want: ^3.5.2
7346 silly placeDep node_modules/filelist brace-expansion@2.1.1 OK for: minimatch@5.1.9 want: ^2.0.1
7347 silly placeDep node_modules/finalhandler ms@2.0.0 OK for: debug@2.6.9 want: 2.0.0
7348 silly placeDep ROOT at-least-node@1.0.0 OK for: fs-extra@9.1.0 want: ^1.0.0
7349 silly placeDep node_modules/fork-ts-checker-webpack-plugin ajv-keywords@3.5.2 OK for: schema-utils@2.7.0 want: ^3.4.1
7350 silly placeDep ROOT core-util-is@1.0.3 OK for: readable-stream@2.3.8 want: ~1.0.0
7351 silly placeDep node_modules/hpack.js isarray@1.0.0 OK for: readable-stream@2.3.8 want: ~1.0.0
7352 silly placeDep ROOT process-nextick-args@2.0.1 OK for: readable-stream@2.3.8 want: ~2.0.0
7353 silly placeDep node_modules/hpack.js safe-buffer@5.1.2 OK for: readable-stream@2.3.8 want: ~5.1.1
7354 silly placeDep node_modules/hpack.js string_decoder@1.1.1 OK for: readable-stream@2.3.8 want: ~1.1.1
7355 silly placeDep node_modules/istanbul-lib-report semver@7.8.5 OK for: make-dir@4.0.0 want: ^7.5.3
7356 silly placeDep node_modules/jest-watch-typeahead @jest/test-result@28.1.3 OK for: jest-watcher@28.1.3 want: ^28.1.3
7357 silly placeDep node_modules/jest-watch-typeahead @jest/types@28.1.3 OK for: jest-watcher@28.1.3 want: ^28.1.3
7358 silly placeDep node_modules/jest-watch-typeahead emittery@0.10.2 OK for: jest-watcher@28.1.3 want: ^0.10.2
7359 silly placeDep node_modules/jest-watch-typeahead jest-util@28.1.3 OK for: jest-watcher@28.1.3 want: ^28.1.3
7360 silly placeDep node_modules/jest-watch-typeahead/node_modules/jest-watcher string-length@4.0.2 OK for: jest-watcher@28.1.3 want: ^4.0.1
7361 silly fetch manifest @jest/console@^28.1.3
7362 silly packumentCache full:https://registry.npmjs.org/@jest%2fconsole cache-hit
7363 silly fetch manifest @types/yargs@^17.0.8
7364 silly packumentCache full:https://registry.npmjs.org/@types%2fyargs cache-hit
7365 silly fetch manifest @jest/schemas@^28.1.3
7366 silly packumentCache full:https://registry.npmjs.org/@jest%2fschemas cache-miss
7367 http cache https://registry.npmjs.org/@jest%2fschemas 4ms (cache hit)
7368 silly packumentCache full:https://registry.npmjs.org/@jest%2fschemas set size:72050 disposed:false
7369 silly placeDep node_modules/jest-watch-typeahead @jest/console@28.1.3 OK for: @jest/test-result@28.1.3 want: ^28.1.3
7370 silly fetch manifest jest-message-util@^28.1.3
7371 silly packumentCache full:https://registry.npmjs.org/jest-message-util cache-hit
7372 silly placeDep node_modules/jest-watch-typeahead jest-message-util@28.1.3 OK for: @jest/console@28.1.3 want: ^28.1.3
7373 silly placeDep node_modules/jest-watch-typeahead/node_modules/@jest/console slash@3.0.0 OK for: @jest/console@28.1.3 want: ^3.0.0
7374 silly fetch manifest pretty-format@^28.1.3
7375 silly packumentCache full:https://registry.npmjs.org/pretty-format cache-hit
7376 silly placeDep ROOT @jest/schemas@28.1.3 OK for: @jest/types@28.1.3 want: ^28.1.3
7377 silly placeDep node_modules/jest-watch-typeahead @types/yargs@17.0.35 OK for: @jest/types@28.1.3 want: ^17.0.8
7378 silly fetch manifest @sinclair/typebox@^0.24.1
7379 silly packumentCache full:https://registry.npmjs.org/@sinclair%2ftypebox cache-miss
7380 http cache https://registry.npmjs.org/@sinclair%2ftypebox 5ms (cache hit)
7381 silly packumentCache full:https://registry.npmjs.org/@sinclair%2ftypebox set size:1230117 disposed:false
7382 silly placeDep ROOT @sinclair/typebox@0.24.51 OK for: @jest/schemas@28.1.3 want: ^0.24.1
7383 silly placeDep node_modules/jest-watch-typeahead pretty-format@28.1.3 OK for: jest-message-util@28.1.3 want: ^28.1.3
7384 silly placeDep node_modules/jest-watch-typeahead/node_modules/jest-message-util slash@3.0.0 OK for: jest-message-util@28.1.3 want: ^3.0.0
7385 silly fetch manifest react-is@^18.0.0
7386 silly packumentCache full:https://registry.npmjs.org/react-is cache-miss
7387 http cache https://registry.npmjs.org/react-is 11ms (cache hit)
7388 silly packumentCache full:https://registry.npmjs.org/react-is set size:5448003 disposed:false
7389 silly placeDep node_modules/jest-watch-typeahead ansi-styles@5.2.0 OK for: pretty-format@28.1.3 want: ^5.0.0
7390 silly placeDep node_modules/jest-watch-typeahead react-is@18.3.1 OK for: pretty-format@28.1.3 want: ^18.0.0
7391 silly placeDep node_modules/jest-watch-typeahead/node_modules/string-length char-regex@2.0.2 OK for: string-length@5.0.1 want: ^2.0.0
7392 silly placeDep node_modules/jest-watch-typeahead/node_modules/strip-ansi ansi-regex@6.2.2 OK for: strip-ansi@7.2.0 want: ^6.2.2
7393 silly placeDep node_modules/pkg-dir locate-path@5.0.0 OK for: find-up@4.1.0 want: ^5.0.0
7394 silly placeDep node_modules/pkg-dir p-locate@4.1.0 OK for: locate-path@5.0.0 want: ^4.1.0
7395 silly placeDep node_modules/pkg-dir p-limit@2.3.0 OK for: p-locate@4.1.0 want: ^2.2.0
7396 silly placeDep node_modules/pkg-up locate-path@3.0.0 OK for: find-up@3.0.0 want: ^3.0.0
7397 silly fetch manifest p-locate@^3.0.0
7398 silly packumentCache full:https://registry.npmjs.org/p-locate cache-hit
7399 silly fetch manifest path-exists@^3.0.0
7400 silly packumentCache full:https://registry.npmjs.org/path-exists cache-hit
7401 silly placeDep node_modules/pkg-up p-locate@3.0.0 OK for: locate-path@3.0.0 want: ^3.0.0
7402 silly placeDep node_modules/pkg-up path-exists@3.0.0 OK for: locate-path@3.0.0 want: ^3.0.0
7403 silly fetch manifest p-limit@^2.0.0
7404 silly packumentCache full:https://registry.npmjs.org/p-limit cache-hit
7405 silly placeDep node_modules/pkg-up p-limit@2.3.0 OK for: p-locate@3.0.0 want: ^2.0.0
7406 silly placeDep node_modules/postcss-svgo commander@7.2.0 OK for: svgo@2.8.2 want: ^7.2.0
7407 silly placeDep node_modules/postcss-svgo css-tree@1.1.3 OK for: svgo@2.8.2 want: ^1.1.3
7408 silly placeDep node_modules/postcss-svgo sax@1.6.0 OK for: svgo@2.8.2 want: ^1.5.0
7409 silly placeDep node_modules/postcss-svgo mdn-data@2.0.14 OK for: css-tree@1.1.3 want: 2.0.14
7410 silly placeDep node_modules/postcss-svgo source-map@0.6.1 OK for: css-tree@1.1.3 want: ^0.6.1
7411 silly placeDep node_modules/react-scripts @eslint/eslintrc@2.1.4 OK for: eslint@8.57.1 want: ^2.1.4
7412 silly placeDep node_modules/react-scripts @eslint/js@8.57.1 OK for: eslint@8.57.1 want: 8.57.1
7413 silly placeDep ROOT @humanwhocodes/config-array@0.13.0 OK for: eslint@8.57.1 want: ^0.13.0
7414 silly placeDep ROOT @ungap/structured-clone@1.3.2 OK for: eslint@8.57.1 want: ^1.2.0
7415 silly placeDep node_modules/react-scripts doctrine@3.0.0 OK for: eslint@8.57.1 want: ^3.0.0
7416 silly placeDep node_modules/react-scripts eslint-scope@7.2.2 OK for: eslint@8.57.1 want: ^7.2.2
7417 silly placeDep node_modules/react-scripts eslint-visitor-keys@3.4.3 OK for: eslint@8.57.1 want: ^3.4.3
7418 silly placeDep node_modules/react-scripts espree@9.6.1 OK for: eslint@8.57.1 want: ^9.6.1
7419 silly placeDep node_modules/react-scripts file-entry-cache@6.0.1 OK for: eslint@8.57.1 want: ^6.0.1
7420 silly placeDep node_modules/react-scripts globals@13.24.0 OK for: eslint@8.57.1 want: ^13.19.0
7421 silly placeDep ROOT is-path-inside@3.0.3 OK for: eslint@8.57.1 want: ^3.0.3
7422 silly fetch manifest espree@^9.6.0
7423 silly packumentCache full:https://registry.npmjs.org/espree cache-hit
7424 silly fetch manifest @humanwhocodes/object-schema@^2.0.3
7425 silly packumentCache full:https://registry.npmjs.org/@humanwhocodes%2fobject-schema cache-miss
7426 silly fetch manifest flat-cache@^3.0.4
7427 silly packumentCache full:https://registry.npmjs.org/flat-cache cache-hit
7428 silly fetch manifest type-fest@^0.20.2
7429 silly packumentCache full:https://registry.npmjs.org/type-fest cache-hit
7430 http cache https://registry.npmjs.org/@humanwhocodes%2fobject-schema 6ms (cache hit)
7431 silly packumentCache full:https://registry.npmjs.org/@humanwhocodes%2fobject-schema set size:30629 disposed:false
7432 silly placeDep ROOT @humanwhocodes/object-schema@2.0.3 OK for: @humanwhocodes/config-array@0.13.0 want: ^2.0.3
7433 silly placeDep node_modules/react-scripts flat-cache@3.2.0 OK for: file-entry-cache@6.0.1 want: ^3.0.4
7434 silly placeDep node_modules/react-scripts type-fest@0.20.2 OK for: globals@13.24.0 want: ^0.20.2
7435 silly placeDep node_modules/resolve-url-loader picocolors@0.2.1 OK for: postcss@7.0.39 want: ^0.2.1
7436 silly placeDep node_modules/schema-utils json-schema-traverse@1.0.0 OK for: ajv@8.20.0 want: ^1.0.0
7437 silly placeDep node_modules/send/node_modules/debug ms@2.0.0 OK for: debug@2.6.9 want: 2.0.0
7438 silly placeDep node_modules/serve-index ms@2.0.0 OK for: debug@2.6.9 want: 2.0.0
7439 silly placeDep node_modules/serve-index depd@1.1.2 OK for: http-errors@1.8.1 want: ~1.1.2
7440 silly placeDep node_modules/serve-index statuses@1.5.0 OK for: http-errors@1.8.1 want: >= 1.5.0 < 2
7441 silly placeDep node_modules/svgo ansi-styles@3.2.1 OK for: chalk@2.4.2 want: ^3.2.1
7442 silly placeDep node_modules/svgo escape-string-regexp@1.0.5 OK for: chalk@2.4.2 want: ^1.0.5
7443 silly placeDep node_modules/svgo supports-color@5.5.0 OK for: chalk@2.4.2 want: ^5.3.0
7444 silly placeDep node_modules/svgo color-convert@1.9.3 OK for: ansi-styles@3.2.1 want: ^1.9.0
7445 silly placeDep node_modules/svgo color-name@1.1.3 OK for: color-convert@1.9.3 want: 1.1.3
7446 silly placeDep node_modules/svgo css-what@3.4.2 OK for: css-select@2.1.0 want: ^3.2.1
7447 silly placeDep node_modules/svgo domutils@1.7.0 OK for: css-select@2.1.0 want: ^1.7.0
7448 silly placeDep node_modules/svgo nth-check@1.0.2 OK for: css-select@2.1.0 want: ^1.0.2
7449 silly fetch manifest dom-serializer@0
7450 silly packumentCache full:https://registry.npmjs.org/dom-serializer cache-hit
7451 silly fetch manifest domelementtype@1
7452 silly packumentCache full:https://registry.npmjs.org/domelementtype cache-hit
7453 silly placeDep node_modules/svgo dom-serializer@0.2.2 OK for: domutils@1.7.0 want: 0
7454 silly placeDep node_modules/svgo/node_modules/domutils domelementtype@1.3.1 OK for: domutils@1.7.0 want: 1
7455 silly placeDep node_modules/svgo argparse@1.0.10 OK for: js-yaml@3.14.2 want: ^1.0.7
7456 silly placeDep node_modules/svgo has-flag@3.0.0 OK for: supports-color@5.5.0 want: ^3.0.0
7457 silly placeDep ROOT source-list-map@2.0.1 OK for: webpack-sources@2.3.1 want: ^2.0.1
7458 silly placeDep node_modules/webpack-manifest-plugin source-map@0.6.1 OK for: webpack-sources@2.3.1 want: ^0.6.1
7459 silly placeDep node_modules/webpack estraverse@4.3.0 OK for: eslint-scope@5.1.1 want: ^4.1.1
7460 silly placeDep node_modules/workbox-build json-schema-traverse@1.0.0 OK for: ajv@8.20.0 want: ^1.0.0
7461 silly placeDep node_modules/workbox-build whatwg-url@7.1.0 OK for: source-map@0.8.0-beta.0 want: ^7.0.0
7462 silly fetch manifest tr46@^1.0.1
7463 silly packumentCache full:https://registry.npmjs.org/tr46 cache-hit
7464 silly fetch manifest lodash.sortby@^4.7.0
7465 silly packumentCache full:https://registry.npmjs.org/lodash.sortby cache-miss
7466 silly fetch manifest webidl-conversions@^4.0.2
7467 silly packumentCache full:https://registry.npmjs.org/webidl-conversions cache-hit
7468 http cache https://registry.npmjs.org/lodash.sortby 5ms (cache hit)
7469 silly packumentCache full:https://registry.npmjs.org/lodash.sortby set size:62703 disposed:false
7470 silly placeDep ROOT lodash.sortby@4.7.0 OK for: whatwg-url@7.1.0 want: ^4.7.0
7471 silly placeDep node_modules/workbox-build tr46@1.0.1 OK for: whatwg-url@7.1.0 want: ^1.0.1
7472 silly placeDep node_modules/workbox-build webidl-conversions@4.0.2 OK for: whatwg-url@7.1.0 want: ^4.0.2
7473 silly placeDep node_modules/workbox-webpack-plugin source-map@0.6.1 OK for: webpack-sources@1.4.3 want: ~0.6.1
7474 silly placeDep node_modules/jest-watch-typeahead/node_modules/jest-watcher strip-ansi@6.0.1 OK for: string-length@4.0.2 want: ^6.0.0
7475 silly reify moves {}
7476 silly audit bulk request {
7476 silly audit   '@babel/plugin-proposal-private-property-in-object': [ '7.21.11', '7.21.0-placeholder-for-preset-env.2' ],
7476 silly audit   '@craco/craco': [ '7.1.0' ],
7476 silly audit   '@emergentbase/visual-edits': [ '1.0.12' ],
7476 silly audit   '@eslint/js': [ '9.23.0', '8.57.1' ],
7476 silly audit   '@hookform/resolvers': [ '5.0.1' ],
7476 silly audit   '@radix-ui/react-accordion': [ '1.2.8' ],
7476 silly audit   '@radix-ui/react-alert-dialog': [ '1.1.11' ],
7476 silly audit   '@radix-ui/react-aspect-ratio': [ '1.1.4' ],
7476 silly audit   '@radix-ui/react-avatar': [ '1.1.7' ],
7476 silly audit   '@radix-ui/react-checkbox': [ '1.2.3' ],
7476 silly audit   '@radix-ui/react-collapsible': [ '1.1.8' ],
7476 silly audit   '@radix-ui/react-context-menu': [ '2.2.12' ],
7476 silly audit   '@radix-ui/react-dialog': [ '1.1.11' ],
7476 silly audit   '@radix-ui/react-dropdown-menu': [ '2.1.12' ],
7476 silly audit   '@radix-ui/react-hover-card': [ '1.1.11' ],
7476 silly audit   '@radix-ui/react-label': [ '2.1.4' ],
7476 silly audit   '@radix-ui/react-menubar': [ '1.1.12' ],
7476 silly audit   '@radix-ui/react-navigation-menu': [ '1.2.10' ],
7476 silly audit   '@radix-ui/react-popover': [ '1.1.11' ],
7476 silly audit   '@radix-ui/react-progress': [ '1.1.4' ],
7476 silly audit   '@radix-ui/react-radio-group': [ '1.3.4' ],
7476 silly audit   '@radix-ui/react-scroll-area': [ '1.2.6' ],
7476 silly audit   '@radix-ui/react-select': [ '2.2.2' ],
7476 silly audit   '@radix-ui/react-separator': [ '1.1.4' ],
7476 silly audit   '@radix-ui/react-slider': [ '1.3.2' ],
7476 silly audit   '@radix-ui/react-slot': [ '1.2.0' ],
7476 silly audit   '@radix-ui/react-switch': [ '1.2.2' ],
7476 silly audit   '@radix-ui/react-tabs': [ '1.1.9' ],
7476 silly audit   '@radix-ui/react-toast': [ '1.2.11' ],
7476 silly audit   '@radix-ui/react-toggle': [ '1.1.6' ],
7476 silly audit   '@radix-ui/react-toggle-group': [ '1.1.7' ],
7476 silly audit   '@radix-ui/react-tooltip': [ '1.2.4' ],
7476 silly audit   '@tanstack/react-query': [ '5.56.2' ],
7476 silly audit   '@types/lodash': [ '4.17.24' ],
7476 silly audit   autoprefixer: [ '10.4.20' ],
7476 silly audit   axios: [ '1.16.0' ],
7476 silly audit   'class-variance-authority': [ '0.7.1' ],
7476 silly audit   clsx: [ '2.1.1' ],
7476 silly audit   cmdk: [ '1.1.1' ],
7476 silly audit   'cra-template': [ '1.2.0' ],
7476 silly audit   'date-fns': [ '4.1.0' ],
7476 silly audit   dayjs: [ '1.11.13' ],
7476 silly audit   dotenv: [ '16.4.5', '10.0.0' ],
7476 silly audit   'embla-carousel-react': [ '8.6.0' ],
7476 silly audit   eslint: [ '9.23.0', '8.57.1' ],
7476 silly audit   'eslint-plugin-import': [ '2.31.0' ],
7476 silly audit   'eslint-plugin-jsx-a11y': [ '6.10.2' ],
7476 silly audit   'eslint-plugin-react': [ '7.37.4' ],
7476 silly audit   'eslint-plugin-react-hooks': [ '5.2.0', '4.6.2' ],
7476 silly audit   'framer-motion': [ '11.18.0' ],
7476 silly audit   globals: [ '15.15.0', '14.0.0', '13.24.0' ],
7476 silly audit   'input-otp': [ '1.4.2' ],
7476 silly audit   lodash: [ '4.18.1' ],
7476 silly audit   'lucide-react': [ '0.516.0' ],
7476 silly audit   'next-themes': [ '0.4.6' ],
7476 silly audit   postcss: [ '8.5.10', '7.0.39' ],
7476 silly audit   react: [ '19.0.0' ],
7476 silly audit   'react-day-picker': [ '8.10.1' ],
7476 silly audit   'react-dom': [ '19.0.0' ],
7476 silly audit   'react-hook-form': [ '7.56.2' ],
7476 silly audit   'react-resizable-panels': [ '3.0.1' ],
7476 silly audit   'react-router-dom': [ '7.15.0' ],
7476 silly audit   'react-scripts': [ '5.0.1' ],
7476 silly audit   recharts: [ '3.6.0' ],
7476 silly audit   sonner: [ '2.0.3' ],
7476 silly audit   swr: [ '2.3.8' ],
7476 silly audit   'tailwind-merge': [ '3.2.0' ],
7476 silly audit   tailwindcss: [ '3.4.17' ],
7476 silly audit   'tailwindcss-animate': [ '1.0.7' ],
7476 silly audit   vaul: [ '1.1.2' ],
7476 silly audit   zod: [ '3.24.4' ],
7476 silly audit   '@babel/helper-annotate-as-pure': [ '7.29.7' ],
7476 silly audit   '@babel/helper-create-class-features-plugin': [ '7.29.7' ],
7476 silly audit   '@babel/helper-plugin-utils': [ '7.29.7' ],
7476 silly audit   '@babel/plugin-syntax-private-property-in-object': [ '7.14.5' ],
7476 silly audit   '@babel/types': [ '7.29.7' ],
7476 silly audit   '@babel/helper-member-expression-to-functions': [ '7.29.7' ],
7476 silly audit   '@babel/helper-optimise-call-expression': [ '7.29.7' ],
7476 silly audit   '@babel/helper-replace-supers': [ '7.29.7' ],
7476 silly audit   '@babel/helper-skip-transparent-expression-wrappers': [ '7.29.7' ],
7476 silly audit   '@babel/traverse': [ '7.29.7' ],
7476 silly audit   semver: [ '6.3.1', '7.8.5' ],
7476 silly audit   '@babel/code-frame': [ '7.29.7' ],
7476 silly audit   '@babel/generator': [ '7.29.7' ],
7476 silly audit   '@babel/helper-globals': [ '7.29.7' ],
7476 silly audit   '@babel/parser': [ '7.29.7' ],
7476 silly audit   '@babel/template': [ '7.29.7' ],
7476 silly audit   debug: [ '4.4.3', '3.2.7', '2.6.9' ],
7476 silly audit   '@babel/helper-validator-identifier': [ '7.29.7' ],
7476 silly audit   'js-tokens': [ '4.0.0' ],
7476 silly audit   picocolors: [ '1.1.1', '0.2.1' ],
7476 silly audit   '@jridgewell/gen-mapping': [ '0.3.13' ],
7476 silly audit   '@jridgewell/trace-mapping': [ '0.3.31', '0.3.9' ],
7476 silly audit   jsesc: [ '3.1.0' ],
7476 silly audit   '@babel/helper-string-parser': [ '7.29.7' ],
7476 silly audit   cosmiconfig: [ '7.1.0', '6.0.0' ],
7476 silly audit   'cosmiconfig-typescript-loader': [ '1.0.9' ],
7476 silly audit   'cross-spawn': [ '7.0.6' ],
7476 silly audit   'webpack-merge': [ '5.10.0' ],
7476 silly audit   '@standard-schema/utils': [ '0.3.0' ],
7476 silly audit   '@jridgewell/sourcemap-codec': [ '1.5.5' ],
7476 silly audit   '@jridgewell/resolve-uri': [ '3.1.2' ],
7476 silly audit   '@radix-ui/primitive': [ '1.1.2' ],
7476 silly audit   '@radix-ui/react-collection': [ '1.1.4' ],
7476 silly audit   '@radix-ui/react-compose-refs': [ '1.1.2' ],
7476 silly audit   '@radix-ui/react-context': [ '1.1.2' ],
7476 silly audit   '@radix-ui/react-direction': [ '1.1.1' ],
7476 silly audit   '@radix-ui/react-id': [ '1.1.1' ],
7476 silly audit   '@radix-ui/react-primitive': [ '2.1.0' ],
7476 silly audit   '@radix-ui/react-use-controllable-state': [ '1.2.2' ],
7476 silly audit   '@radix-ui/react-use-callback-ref': [ '1.1.1' ],
7476 silly audit   '@radix-ui/react-use-is-hydrated': [ '0.1.0' ],
7476 silly audit   '@radix-ui/react-use-layout-effect': [ '1.1.1' ],
7476 silly audit   '@radix-ui/react-presence': [ '1.1.4' ],
7476 silly audit   '@radix-ui/react-use-previous': [ '1.1.1' ],
7476 silly audit   '@radix-ui/react-use-size': [ '1.1.1' ],
7476 silly audit   '@radix-ui/react-menu': [ '2.1.12' ],
7476 silly audit   '@radix-ui/react-dismissable-layer': [ '1.1.7' ],
7476 silly audit   '@radix-ui/react-focus-guards': [ '1.1.2' ],
7476 silly audit   '@radix-ui/react-focus-scope': [ '1.1.4' ],
7476 silly audit   '@radix-ui/react-portal': [ '1.1.6' ],
7476 silly audit   'aria-hidden': [ '1.2.6' ],
7476 silly audit   'react-remove-scroll': [ '2.7.2' ],
7476 silly audit   '@radix-ui/react-use-escape-keydown': [ '1.1.1' ],
7476 silly audit   '@radix-ui/react-popper': [ '1.2.4' ],
7476 silly audit   '@radix-ui/react-roving-focus': [ '1.1.7' ],
7476 silly audit   '@radix-ui/react-visually-hidden': [ '1.2.0' ],
7476 silly audit   '@floating-ui/react-dom': [ '2.1.8' ],
7476 silly audit   '@radix-ui/react-arrow': [ '1.1.4' ],
7476 silly audit   '@radix-ui/react-use-rect': [ '1.1.1' ],
7476 silly audit   '@radix-ui/rect': [ '1.1.1' ],
7476 silly audit   '@floating-ui/dom': [ '1.7.6' ],
7476 silly audit   '@floating-ui/core': [ '1.7.5' ],
7476 silly audit   '@floating-ui/utils': [ '0.2.11' ],
7476 silly audit   '@radix-ui/number': [ '1.1.1' ],
7476 silly audit   '@radix-ui/react-use-effect-event': [ '0.0.2' ],
7476 silly audit   'use-sync-external-store': [ '1.6.0' ],
7476 silly audit   '@tanstack/query-core': [ '5.56.2' ],
7476 silly audit   tslib: [ '2.8.1', '1.14.1' ],
7476 silly audit   browserslist: [ '4.28.4' ],
7476 silly audit   'caniuse-lite': [ '1.0.30001799' ],
7476 silly audit   'fraction.js': [ '4.3.7' ],
7476 silly audit   'normalize-range': [ '0.1.2' ],
7476 silly audit   'postcss-value-parser': [ '4.2.0' ],
7476 silly audit   'follow-redirects': [ '1.16.0' ],
7476 silly audit   'form-data': [ '4.0.6', '3.0.5' ],
7476 silly audit   'proxy-from-env': [ '2.1.0' ],
7476 silly audit   'baseline-browser-mapping': [ '2.10.38' ],
7476 silly audit   'electron-to-chromium': [ '1.5.378' ],
7476 silly audit   'node-releases': [ '2.0.50' ],
7476 silly audit   'update-browserslist-db': [ '1.2.3' ],
7476 silly audit   '@types/parse-json': [ '4.0.2' ],
7476 silly audit   'import-fresh': [ '3.3.1' ],
7476 silly audit   'parse-json': [ '5.2.0' ],
7476 silly audit   'path-type': [ '4.0.0' ],
7476 silly audit   yaml: [ '1.10.3', '2.9.0' ],
7476 silly audit   'ts-node': [ '10.9.2' ],
7476 silly audit   'path-key': [ '3.1.1' ],
7476 silly audit   'shebang-command': [ '2.0.0' ],
7476 silly audit   which: [ '2.0.2', '1.3.1' ],
7476 silly audit   ms: [ '2.1.3', '2.0.0' ],
7476 silly audit   'embla-carousel': [ '8.6.0' ],
7476 silly audit   'embla-carousel-reactive-utils': [ '8.6.0' ],
7476 silly audit   '@eslint-community/eslint-utils': [ '4.9.1' ],
7476 silly audit   '@eslint-community/regexpp': [ '4.12.2' ],
7476 silly audit   '@eslint/config-array': [ '0.19.2' ],
7476 silly audit   '@eslint/config-helpers': [ '0.2.3' ],
7476 silly audit   '@eslint/core': [ '0.12.0', '0.13.0' ],
7476 silly audit   '@eslint/eslintrc': [ '3.3.5', '2.1.4' ],
7476 silly audit   '@eslint/plugin-kit': [ '0.2.8' ],
7476 silly audit   '@humanfs/node': [ '0.16.8' ],
7476 silly audit   '@humanwhocodes/module-importer': [ '1.0.1' ],
7476 silly audit   '@humanwhocodes/retry': [ '0.4.3' ],
7476 silly audit   '@types/estree': [ '1.0.9', '0.0.39' ],
7476 silly audit   '@types/json-schema': [ '7.0.15' ],
7476 silly audit   ajv: [ '6.15.0', '8.20.0' ],
7476 silly audit   chalk: [ '4.1.2', '2.4.2' ],
7476 silly audit   'escape-string-regexp': [ '4.0.0', '2.0.0', '1.0.5' ],
7476 silly audit   'eslint-scope': [ '8.4.0', '5.1.1', '7.2.2' ],
7476 silly audit   'eslint-visitor-keys': [ '4.2.1', '3.4.3', '2.1.0' ],
7476 silly audit   espree: [ '10.4.0', '9.6.1' ],
7476 silly audit   esquery: [ '1.7.0' ],
7476 silly audit   esutils: [ '2.0.3' ],
7476 silly audit   'fast-deep-equal': [ '3.1.3' ],
7476 silly audit   'file-entry-cache': [ '8.0.0', '6.0.1' ],
7476 silly audit   'find-up': [ '5.0.0', '4.1.0', '3.0.0' ],
7476 silly audit   'glob-parent': [ '6.0.2', '5.1.2' ],
7476 silly audit   ignore: [ '5.3.2' ],
7476 silly audit   imurmurhash: [ '0.1.4' ],
7476 silly audit   'is-glob': [ '4.0.3' ],
7476 silly audit   'json-stable-stringify-without-jsonify': [ '1.0.1' ],
7476 silly audit   'lodash.merge': [ '4.6.2' ],
7476 silly audit   minimatch: [ '3.1.5', '5.1.9' ],
7476 silly audit   'natural-compare': [ '1.4.0' ],
7476 silly audit   optionator: [ '0.9.4' ],
7476 silly audit   '@eslint/object-schema': [ '2.1.7' ],
7476 silly audit   'js-yaml': [ '4.2.0', '3.14.2' ],
7476 silly audit   'strip-json-comments': [ '3.1.1' ],
7476 silly audit   levn: [ '0.4.1' ],
7476 silly audit   '@humanfs/core': [ '0.19.2' ],
7476 silly audit   '@humanfs/types': [ '0.15.0' ],
7476 silly audit   'fast-json-stable-stringify': [ '2.1.0' ],
7476 silly audit   'json-schema-traverse': [ '0.4.1', '1.0.0' ],
7476 silly audit   'uri-js': [ '4.4.1' ],
7476 silly audit   'ansi-styles': [ '4.3.0', '5.2.0', '3.2.1' ],
7476 silly audit   'supports-color': [ '7.2.0', '8.1.1', '5.5.0' ],
7476 silly audit   'color-convert': [ '2.0.1', '1.9.3' ],
7476 silly audit   'color-name': [ '1.1.4', '1.1.3' ],
7476 silly audit   '@rtsao/scc': [ '1.1.0' ],
7476 silly audit   'array-includes': [ '3.1.9' ],
7476 silly audit   'array.prototype.findlastindex': [ '1.2.6' ],
7476 silly audit   'array.prototype.flat': [ '1.3.3' ],
7476 silly audit   'array.prototype.flatmap': [ '1.3.3' ],
7476 silly audit   doctrine: [ '2.1.0', '3.0.0' ],
7476 silly audit   'eslint-import-resolver-node': [ '0.3.10' ],
7476 silly audit   'eslint-module-utils': [ '2.13.0' ],
7476 silly audit   hasown: [ '2.0.4' ],
7476 silly audit   'is-core-module': [ '2.16.2' ],
7476 silly audit   'object.fromentries': [ '2.0.8' ],
7476 silly audit   'object.groupby': [ '1.0.3' ],
7476 silly audit   'object.values': [ '1.2.1' ],
7476 silly audit   'string.prototype.trimend': [ '1.0.10' ],
7476 silly audit   'tsconfig-paths': [ '3.15.0' ],
7476 silly audit   'call-bind': [ '1.0.9' ],
7476 silly audit   'call-bound': [ '1.0.4' ],
7476 silly audit   'define-properties': [ '1.2.1' ],
7476 silly audit   'es-abstract': [ '1.24.2' ],
7476 silly audit   'es-object-atoms': [ '1.1.2' ],
7476 silly audit   'get-intrinsic': [ '1.3.0' ],
7476 silly audit   'is-string': [ '1.1.1' ],
7476 silly audit   'math-intrinsics': [ '1.1.0' ],
7476 silly audit   'es-errors': [ '1.3.0' ],
7476 silly audit   'es-shim-unscopables': [ '1.1.0' ],
7476 silly audit   'call-bind-apply-helpers': [ '1.0.2' ],
7476 silly audit   'es-define-property': [ '1.0.1' ],
7476 silly audit   'set-function-length': [ '1.2.2' ],
7476 silly audit   'function-bind': [ '1.1.2' ],
7476 silly audit   'define-data-property': [ '1.1.4' ],
7476 silly audit   'has-property-descriptors': [ '1.0.2' ],
7476 silly audit   'object-keys': [ '1.1.1' ],
7476 silly audit   gopd: [ '1.2.0' ],
7476 silly audit   'array-buffer-byte-length': [ '1.0.2' ],
7476 silly audit   'arraybuffer.prototype.slice': [ '1.0.4' ],
7476 silly audit   'available-typed-arrays': [ '1.0.7' ],
7476 silly audit   'data-view-buffer': [ '1.0.2' ],
7476 silly audit   'data-view-byte-length': [ '1.0.2' ],
7476 silly audit   'data-view-byte-offset': [ '1.0.1' ],
7476 silly audit   'es-set-tostringtag': [ '2.1.0' ],
7476 silly audit   'es-to-primitive': [ '1.3.1' ],
7476 silly audit   'function.prototype.name': [ '1.2.0' ],
7476 silly audit   'get-proto': [ '1.0.1' ],
7476 silly audit   'get-symbol-description': [ '1.1.0' ],
7476 silly audit   globalthis: [ '1.0.4' ],
7476 silly audit   'has-proto': [ '1.2.0' ],
7476 silly audit   'has-symbols': [ '1.1.0' ],
7476 silly audit   'internal-slot': [ '1.1.0' ],
7476 silly audit   'is-array-buffer': [ '3.0.5' ],
7476 silly audit   'is-callable': [ '1.2.7' ],
7476 silly audit   'is-data-view': [ '1.0.2' ],
7476 silly audit   'is-negative-zero': [ '2.0.3' ],
7476 silly audit   'is-regex': [ '1.2.1' ],
7476 silly audit   'is-set': [ '2.0.3' ],
7476 silly audit   'is-shared-array-buffer': [ '1.0.4' ],
7476 silly audit   'is-typed-array': [ '1.1.15' ],
7476 silly audit   'is-weakref': [ '1.1.1' ],
7476 silly audit   'object-inspect': [ '1.13.4' ],
7476 silly audit   'object.assign': [ '4.1.7' ],
7476 silly audit   'own-keys': [ '1.0.1' ],
7476 silly audit   'regexp.prototype.flags': [ '1.5.4' ],
7476 silly audit   'safe-array-concat': [ '1.1.4' ],
7476 silly audit   'safe-push-apply': [ '1.0.0' ],
7476 silly audit   'safe-regex-test': [ '1.1.0' ],
7476 silly audit   'set-proto': [ '1.0.0' ],
7476 silly audit   'stop-iteration-iterator': [ '1.1.0' ],
7476 silly audit   'string.prototype.trim': [ '1.2.11' ],
7476 silly audit   'string.prototype.trimstart': [ '1.0.8' ],
7476 silly audit   'typed-array-buffer': [ '1.0.3' ],
7476 silly audit   'typed-array-byte-length': [ '1.0.3' ],
7476 silly audit   'typed-array-byte-offset': [ '1.0.4' ],
7476 silly audit   'typed-array-length': [ '1.0.8' ],
7476 silly audit   'unbox-primitive': [ '1.1.0' ],
7476 silly audit   'which-typed-array': [ '1.1.22' ],
7476 silly audit   'possible-typed-array-names': [ '1.1.0' ],
7476 silly audit   'has-tostringtag': [ '1.0.2' ],
7476 silly audit   'es-abstract-get': [ '1.0.0' ],
7476 silly audit   'is-date-object': [ '1.1.0' ],
7476 silly audit   'is-symbol': [ '1.1.1' ],
7476 silly audit   resolve: [ '2.0.0-next.7', '1.22.12' ],
7476 silly audit   'aria-query': [ '5.3.2' ],
7476 silly audit   'ast-types-flow': [ '0.0.8' ],
7476 silly audit   'axe-core': [ '4.12.1' ],
7476 silly audit   'axobject-query': [ '4.1.0' ],
7476 silly audit   'damerau-levenshtein': [ '1.0.8' ],
7476 silly audit   'emoji-regex': [ '9.2.2', '8.0.0' ],
7476 silly audit   'jsx-ast-utils': [ '3.3.5' ],
7476 silly audit   'language-tags': [ '1.0.9' ],
7476 silly audit   'string.prototype.includes': [ '2.0.1' ],
7476 silly audit   'array.prototype.findlast': [ '1.2.5' ],
7476 silly audit   'array.prototype.tosorted': [ '1.1.4' ],
7476 silly audit   'es-iterator-helpers': [ '1.3.3' ],
7476 silly audit   estraverse: [ '5.3.0', '4.3.0' ],
7476 silly audit   'object.entries': [ '1.1.9' ],
7476 silly audit   'prop-types': [ '15.8.1' ],
7476 silly audit   'string.prototype.matchall': [ '4.0.12' ],
7476 silly audit   'string.prototype.repeat': [ '1.0.0' ],
7476 silly audit   'iterator.prototype': [ '1.1.5' ],
7476 silly audit   esrecurse: [ '4.3.0' ],
7476 silly audit   acorn: [ '8.17.0', '7.4.1' ],
7476 silly audit   'acorn-jsx': [ '5.3.2' ],
7476 silly audit   'flat-cache': [ '4.0.1', '3.2.0' ],
7476 silly audit   'locate-path': [ '6.0.0', '5.0.0', '3.0.0' ],
7476 silly audit   'path-exists': [ '4.0.0', '3.0.0' ],
7476 silly audit   flatted: [ '3.4.2' ],
7476 silly audit   keyv: [ '4.5.4' ],
7476 silly audit   asynckit: [ '0.4.0' ],
7476 silly audit   'combined-stream': [ '1.0.8' ],
7476 silly audit   'mime-types': [ '2.1.35' ],
7476 silly audit   'delayed-stream': [ '1.0.0' ],
7476 silly audit   'motion-dom': [ '11.18.1' ],
7476 silly audit   'motion-utils': [ '11.18.1' ],
7476 silly audit   'functions-have-names': [ '1.2.3' ],
7476 silly audit   'is-document.all': [ '1.0.0' ],
7476 silly audit   'dunder-proto': [ '1.0.1' ],
7476 silly audit   'parent-module': [ '1.0.1' ],
7476 silly audit   'resolve-from': [ '4.0.0', '5.0.0' ],
7476 silly audit   'side-channel': [ '1.1.1' ],
7476 silly audit   'is-extglob': [ '2.1.1' ],
7476 silly audit   'set-function-name': [ '2.0.2' ],
7476 silly audit   argparse: [ '2.0.1', '1.0.10' ],
7476 silly audit   'json-buffer': [ '3.0.1' ],
7476 silly audit   'language-subtag-registry': [ '0.3.23' ],
7476 silly audit   'prelude-ls': [ '1.2.1' ],
7476 silly audit   'type-check': [ '0.4.0' ],
7476 silly audit   'p-locate': [ '5.0.0', '4.1.0', '3.0.0' ],
7476 silly audit   'mime-db': [ '1.52.0', '1.54.0' ],
7476 silly audit   'brace-expansion': [ '1.1.15', '2.1.1' ],
7476 silly audit   'balanced-match': [ '1.0.2' ],
7476 silly audit   'concat-map': [ '0.0.1' ],
7476 silly audit   'deep-is': [ '0.1.4' ],
7476 silly audit   'fast-levenshtein': [ '2.0.6' ],
7476 silly audit   'word-wrap': [ '1.2.5' ],
7476 silly audit   'p-limit': [ '3.1.0', '2.3.0' ],
7476 silly audit   'yocto-queue': [ '0.1.0' ],
7476 silly audit   callsites: [ '3.1.0' ],
7476 silly audit   'error-ex': [ '1.3.4' ],
7476 silly audit   'json-parse-even-better-errors': [ '2.3.1' ],
7476 silly audit   'lines-and-columns': [ '1.2.4' ],
7476 silly audit   'is-arrayish': [ '0.2.1' ],
7476 silly audit   nanoid: [ '3.3.15' ],
7476 silly audit   'source-map-js': [ '1.2.1' ],
7476 silly audit   'loose-envify': [ '1.4.0' ],
7476 silly audit   'object-assign': [ '4.1.1' ],
7476 silly audit   'react-is': [ '16.13.1', '17.0.2', '18.3.1' ],
7476 silly audit   scheduler: [ '0.25.0' ],
7476 silly audit   'react-remove-scroll-bar': [ '2.3.8' ],
7476 silly audit   'react-style-singleton': [ '2.2.3' ],
7476 silly audit   'use-callback-ref': [ '1.3.3' ],
7476 silly audit   'use-sidecar': [ '1.1.3' ],
7476 silly audit   'react-router': [ '7.15.0' ],
7476 silly audit   cookie: [ '1.1.1', '0.7.2' ],
7476 silly audit   'set-cookie-parser': [ '2.7.2' ],
7476 silly audit   '@babel/core': [ '7.29.7' ],
7476 silly audit   '@pmmmwh/react-refresh-webpack-plugin': [ '0.5.17' ],
7476 silly audit   '@svgr/webpack': [ '5.5.0' ],
7476 silly audit   'babel-jest': [ '27.5.1' ],
7476 silly audit   'babel-loader': [ '8.4.1' ],
7476 silly audit   'babel-plugin-named-asset-import': [ '0.3.8' ],
7476 silly audit   'babel-preset-react-app': [ '10.1.0' ],
7476 silly audit   bfj: [ '7.1.0' ],
7476 silly audit   camelcase: [ '6.3.0', '5.3.1' ],
7476 silly audit   'case-sensitive-paths-webpack-plugin': [ '2.4.0' ],
7476 silly audit   'css-loader': [ '6.11.0' ],
7476 silly audit   'css-minimizer-webpack-plugin': [ '3.4.1' ],
7476 silly audit   'dotenv-expand': [ '5.1.0' ],
7476 silly audit   'eslint-config-react-app': [ '7.0.1' ],
7476 silly audit   'eslint-webpack-plugin': [ '3.2.0' ],
7476 silly audit   'file-loader': [ '6.2.0' ],
7476 silly audit   'fs-extra': [ '10.1.0', '9.1.0' ],
7476 silly audit   fsevents: [ '2.3.3' ],
7476 silly audit   'html-webpack-plugin': [ '5.6.7' ],
7476 silly audit   'identity-obj-proxy': [ '3.0.0' ],
7476 silly audit   jest: [ '27.5.1' ],
7476 silly audit   'jest-resolve': [ '27.5.1' ],
7476 silly audit   'jest-watch-typeahead': [ '1.1.0' ],
7476 silly audit   'mini-css-extract-plugin': [ '2.10.2' ],
7476 silly audit   'postcss-flexbugs-fixes': [ '5.0.2' ],
7476 silly audit   'postcss-loader': [ '6.2.1' ],
7476 silly audit   'postcss-normalize': [ '10.0.1' ],
7476 silly audit   'postcss-preset-env': [ '7.8.3' ],
7476 silly audit   prompts: [ '2.4.2' ],
7476 silly audit   'react-app-polyfill': [ '3.0.0' ],
7476 silly audit   'react-dev-utils': [ '12.0.1' ],
7476 silly audit   'react-refresh': [ '0.11.0' ],
7476 silly audit   'resolve-url-loader': [ '4.0.0' ],
7476 silly audit   'sass-loader': [ '12.6.0' ],
7476 silly audit   'source-map-loader': [ '3.0.2' ],
7476 silly audit   'style-loader': [ '3.3.4' ],
7476 silly audit   'terser-webpack-plugin': [ '5.6.1' ],
7476 silly audit   webpack: [ '5.108.0' ],
7476 silly audit   'webpack-dev-server': [ '4.15.2' ],
7476 silly audit   'webpack-manifest-plugin': [ '4.1.1' ],
7476 silly audit   'workbox-webpack-plugin': [ '6.6.0' ],
7476 silly audit   '@babel/helper-compilation-targets': [ '7.29.7' ],
7476 silly audit   '@babel/helper-module-transforms': [ '7.29.7' ],
7476 silly audit   '@babel/helpers': [ '7.29.7' ],
7476 silly audit   '@jridgewell/remapping': [ '2.3.5' ],
7476 silly audit   'convert-source-map': [ '2.0.0', '1.9.0' ],
7476 silly audit   gensync: [ '1.0.0-beta.2' ],
7476 silly audit   json5: [ '2.2.3', '1.0.2' ],
7476 silly audit   '@babel/compat-data': [ '7.29.7' ],
7476 silly audit   '@babel/helper-validator-option': [ '7.29.7' ],
7476 silly audit   'lru-cache': [ '5.1.1' ],
7476 silly audit   '@babel/helper-module-imports': [ '7.29.7' ],
7476 silly audit   'ansi-html': [ '0.0.9' ],
7476 silly audit   'core-js-pure': [ '3.49.0' ],
7476 silly audit   'error-stack-parser': [ '2.1.4' ],
7476 silly audit   'html-entities': [ '2.6.0' ],
7476 silly audit   'loader-utils': [ '2.0.4', '3.3.1' ],
7476 silly audit   'schema-utils': [ '4.3.3', '2.7.1', '3.3.0', '2.7.0' ],
7476 silly audit   'source-map': [ '0.7.6', '0.6.1', '0.8.0-beta.0' ],
7476 silly audit   '@babel/plugin-transform-react-constant-elements': [ '7.29.7' ],
7476 silly audit   '@babel/preset-env': [ '7.29.7' ],
7476 silly audit   '@babel/preset-react': [ '7.29.7' ],
7476 silly audit   '@svgr/core': [ '5.5.0' ],
7476 silly audit   '@svgr/plugin-jsx': [ '5.5.0' ],
7476 silly audit   '@svgr/plugin-svgo': [ '5.5.0' ],
7476 silly audit   '@babel/plugin-bugfix-firefox-class-in-computed-class-key': [ '7.29.7' ],
7476 silly audit   '@babel/plugin-bugfix-safari-class-field-initializer-scope': [ '7.29.7' ],
7476 silly audit   '@babel/plugin-bugfix-safari-id-destructuring-collision-in-function-expression': [ '7.29.7' ],
7476 silly audit   '@babel/plugin-bugfix-safari-rest-destructuring-rhs-array': [ '7.29.7' ],
7476 silly audit   '@babel/plugin-bugfix-v8-spread-parameters-in-optional-chaining': [ '7.29.7' ],
7476 silly audit   '@babel/plugin-bugfix-v8-static-class-fields-redefine-readonly': [ '7.29.7' ],
7476 silly audit   '@babel/plugin-syntax-import-assertions': [ '7.29.7' ],
7476 silly audit   '@babel/plugin-syntax-import-attributes': [ '7.29.7' ],
7476 silly audit   '@babel/plugin-syntax-unicode-sets-regex': [ '7.18.6' ],
7476 silly audit   '@babel/plugin-transform-arrow-functions': [ '7.29.7' ],
7476 silly audit   '@babel/plugin-transform-async-generator-functions': [ '7.29.7' ],
7476 silly audit   '@babel/plugin-transform-async-to-generator': [ '7.29.7' ],
7476 silly audit   '@babel/plugin-transform-block-scoped-functions': [ '7.29.7' ],
7476 silly audit   '@babel/plugin-transform-block-scoping': [ '7.29.7' ],
7476 silly audit   '@babel/plugin-transform-class-properties': [ '7.29.7' ],
7476 silly audit   '@babel/plugin-transform-class-static-block': [ '7.29.7' ],
7476 silly audit   '@babel/plugin-transform-classes': [ '7.29.7' ],
7476 silly audit   '@babel/plugin-transform-computed-properties': [ '7.29.7' ],
7476 silly audit   '@babel/plugin-transform-destructuring': [ '7.29.7' ],
7476 silly audit   '@babel/plugin-transform-dotall-regex': [ '7.29.7' ],
7476 silly audit   '@babel/plugin-transform-duplicate-keys': [ '7.29.7' ],
7476 silly audit   '@babel/plugin-transform-duplicate-named-capturing-groups-regex': [ '7.29.7' ],
7476 silly audit   '@babel/plugin-transform-dynamic-import': [ '7.29.7' ],
7476 silly audit   '@babel/plugin-transform-explicit-resource-management': [ '7.29.7' ],
7476 silly audit   '@babel/plugin-transform-exponentiation-operator': [ '7.29.7' ],
7476 silly audit   '@babel/plugin-transform-export-namespace-from': [ '7.29.7' ],
7476 silly audit   '@babel/plugin-transform-for-of': [ '7.29.7' ],
7476 silly audit   '@babel/plugin-transform-function-name': [ '7.29.7' ],
7476 silly audit   '@babel/plugin-transform-json-strings': [ '7.29.7' ],
7476 silly audit   '@babel/plugin-transform-literals': [ '7.29.7' ],
7476 silly audit   '@babel/plugin-transform-logical-assignment-operators': [ '7.29.7' ],
7476 silly audit   '@babel/plugin-transform-member-expression-literals': [ '7.29.7' ],
7476 silly audit   '@babel/plugin-transform-modules-amd': [ '7.29.7' ],
7476 silly audit   '@babel/plugin-transform-modules-commonjs': [ '7.29.7' ],
7476 silly audit   '@babel/plugin-transform-modules-systemjs': [ '7.29.7' ],
7476 silly audit   '@babel/plugin-transform-modules-umd': [ '7.29.7' ],
7476 silly audit   '@babel/plugin-transform-named-capturing-groups-regex': [ '7.29.7' ],
7476 silly audit   '@babel/plugin-transform-new-target': [ '7.29.7' ],
7476 silly audit   '@babel/plugin-transform-nullish-coalescing-operator': [ '7.29.7' ],
7476 silly audit   '@babel/plugin-transform-numeric-separator': [ '7.29.7' ],
7476 silly audit   '@babel/plugin-transform-object-rest-spread': [ '7.29.7' ],
7476 silly audit   '@babel/plugin-transform-object-super': [ '7.29.7' ],
7476 silly audit   '@babel/plugin-transform-optional-catch-binding': [ '7.29.7' ],
7476 silly audit   '@babel/plugin-transform-optional-chaining': [ '7.29.7' ],
7476 silly audit   '@babel/plugin-transform-parameters': [ '7.29.7' ],
7476 silly audit   '@babel/plugin-transform-private-methods': [ '7.29.7' ],
7476 silly audit   '@babel/plugin-transform-private-property-in-object': [ '7.29.7' ],
7476 silly audit   '@babel/plugin-transform-property-literals': [ '7.29.7' ],
7476 silly audit   '@babel/plugin-transform-regenerator': [ '7.29.7' ],
7476 silly audit   '@babel/plugin-transform-regexp-modifiers': [ '7.29.7' ],
7476 silly audit   '@babel/plugin-transform-reserved-words': [ '7.29.7' ],
7476 silly audit   '@babel/plugin-transform-shorthand-properties': [ '7.29.7' ],
7476 silly audit   '@babel/plugin-transform-spread': [ '7.29.7' ],
7476 silly audit   '@babel/plugin-transform-sticky-regex': [ '7.29.7' ],
7476 silly audit   '@babel/plugin-transform-template-literals': [ '7.29.7' ],
7476 silly audit   '@babel/plugin-transform-typeof-symbol': [ '7.29.7' ],
7476 silly audit   '@babel/plugin-transform-unicode-escapes': [ '7.29.7' ],
7476 silly audit   '@babel/plugin-transform-unicode-property-regex': [ '7.29.7' ],
7476 silly audit   '@babel/plugin-transform-unicode-regex': [ '7.29.7' ],
7476 silly audit   '@babel/plugin-transform-unicode-sets-regex': [ '7.29.7' ],
7476 silly audit   '@babel/preset-modules': [ '0.1.6-no-external-plugins' ],
7476 silly audit   'babel-plugin-polyfill-corejs2': [ '0.4.17' ],
7476 silly audit   'babel-plugin-polyfill-corejs3': [ '0.14.2', '0.13.0' ],
7476 silly audit   'babel-plugin-polyfill-regenerator': [ '0.6.8' ],
7476 silly audit   'core-js-compat': [ '3.49.0' ],
7476 silly audit   '@babel/helper-create-regexp-features-plugin': [ '7.29.7' ],
7476 silly audit   'regexpu-core': [ '6.4.0' ],
7476 silly audit   '@babel/helper-remap-async-to-generator': [ '7.29.7' ],
7476 silly audit   '@babel/helper-wrap-function': [ '7.29.7' ],
7476 silly audit   '@babel/plugin-transform-react-display-name': [ '7.29.7' ],
7476 silly audit   '@babel/plugin-transform-react-jsx': [ '7.29.7' ],
7476 silly audit   '@babel/plugin-transform-react-jsx-development': [ '7.29.7' ],
7476 silly audit   '@babel/plugin-transform-react-pure-annotations': [ '7.29.7' ],
7476 silly audit   '@babel/plugin-syntax-jsx': [ '7.29.7' ],
7476 silly audit   '@svgr/babel-preset': [ '5.5.0' ],
7476 silly audit   '@svgr/hast-util-to-babel-ast': [ '5.5.0' ],
7476 silly audit   'svg-parser': [ '2.0.4' ],
7476 silly audit   '@svgr/babel-plugin-add-jsx-attribute': [ '5.4.0' ],
7476 silly audit   '@svgr/babel-plugin-remove-jsx-attribute': [ '5.4.0' ],
7476 silly audit   '@svgr/babel-plugin-remove-jsx-empty-expression': [ '5.0.1' ],
7476 silly audit   '@svgr/babel-plugin-replace-jsx-attribute-value': [ '5.0.1' ],
7476 silly audit   '@svgr/babel-plugin-svg-dynamic-title': [ '5.4.0' ],
7476 silly audit   '@svgr/babel-plugin-svg-em-dimensions': [ '5.4.0' ],
7476 silly audit   '@svgr/babel-plugin-transform-react-native-svg': [ '5.4.0' ],
7476 silly audit   '@svgr/babel-plugin-transform-svg-component': [ '5.5.0' ],
7476 silly audit   deepmerge: [ '4.3.1' ],
7476 silly audit   svgo: [ '1.3.2', '2.8.2' ],
7476 silly audit   '@jest/transform': [ '27.5.1' ],
7476 silly audit   '@jest/types': [ '27.5.1', '28.1.3' ],
7476 silly audit   '@types/babel__core': [ '7.20.5' ],
7476 silly audit   'babel-plugin-istanbul': [ '6.1.1' ],
7476 silly audit   'babel-preset-jest': [ '27.5.1' ],
7476 silly audit   'graceful-fs': [ '4.2.11' ],
7476 silly audit   slash: [ '3.0.0', '4.0.0' ],
7476 silly audit   'jest-haste-map': [ '27.5.1' ],
7476 silly audit   'jest-regex-util': [ '27.5.1', '28.0.2' ],
7476 silly audit   'jest-util': [ '27.5.1', '28.1.3' ],
7476 silly audit   micromatch: [ '4.0.8' ],
7476 silly audit   pirates: [ '4.0.7' ],
7476 silly audit   'write-file-atomic': [ '3.0.3' ],
7476 silly audit   '@types/istanbul-lib-coverage': [ '2.0.6' ],
7476 silly audit   '@types/istanbul-reports': [ '3.0.4' ],
7476 silly audit   '@types/node': [ '26.0.1' ],
7476 silly audit   '@types/yargs': [ '16.0.11', '17.0.35' ],
7476 silly audit   '@types/babel__generator': [ '7.27.0' ],
7476 silly audit   '@types/babel__template': [ '7.4.4' ],
7476 silly audit   '@types/babel__traverse': [ '7.28.0' ],
7476 silly audit   '@types/istanbul-lib-report': [ '3.0.3' ],
7476 silly audit   'undici-types': [ '8.3.0' ],
7476 silly audit   '@types/yargs-parser': [ '21.0.3' ],
7476 silly audit   'find-cache-dir': [ '3.3.2' ],
7476 silly audit   'make-dir': [ '3.1.0', '4.0.0' ],
7476 silly audit   '@istanbuljs/load-nyc-config': [ '1.1.0' ],
7476 silly audit   '@istanbuljs/schema': [ '0.1.6' ],
7476 silly audit   'istanbul-lib-instrument': [ '5.2.1' ],
7476 silly audit   'test-exclude': [ '6.0.0' ],
7476 silly audit   'get-package-type': [ '0.1.0' ],
7476 silly audit   '@babel/helper-define-polyfill-provider': [ '0.6.8' ],
7476 silly audit   'lodash.debounce': [ '4.0.8' ],
7476 silly audit   'babel-plugin-jest-hoist': [ '27.5.1' ],
7476 silly audit   'babel-preset-current-node-syntax': [ '1.2.0' ],
7476 silly audit   '@babel/plugin-syntax-async-generators': [ '7.8.4' ],
7476 silly audit   '@babel/plugin-syntax-bigint': [ '7.8.3' ],
7476 silly audit   '@babel/plugin-syntax-class-properties': [ '7.12.13' ],
7476 silly audit   '@babel/plugin-syntax-class-static-block': [ '7.14.5' ],
7476 silly audit   '@babel/plugin-syntax-import-meta': [ '7.10.4' ],
7476 silly audit   '@babel/plugin-syntax-json-strings': [ '7.8.3' ],
7476 silly audit   '@babel/plugin-syntax-logical-assignment-operators': [ '7.10.4' ],
7476 silly audit   '@babel/plugin-syntax-nullish-coalescing-operator': [ '7.8.3' ],
7476 silly audit   '@babel/plugin-syntax-numeric-separator': [ '7.10.4' ],
7476 silly audit   '@babel/plugin-syntax-object-rest-spread': [ '7.8.3' ],
7476 silly audit   '@babel/plugin-syntax-optional-catch-binding': [ '7.8.3' ],
7476 silly audit   '@babel/plugin-syntax-optional-chaining': [ '7.8.3' ],
7476 silly audit   '@babel/plugin-syntax-top-level-await': [ '7.14.5' ],
7476 silly audit   '@babel/plugin-proposal-class-properties': [ '7.18.6' ],
7476 silly audit   '@babel/plugin-proposal-decorators': [ '7.29.7' ],
7476 silly audit   '@babel/plugin-proposal-nullish-coalescing-operator': [ '7.18.6' ],
7476 silly audit   '@babel/plugin-proposal-numeric-separator': [ '7.18.6' ],
7476 silly audit   '@babel/plugin-proposal-optional-chaining': [ '7.21.0' ],
7476 silly audit   '@babel/plugin-proposal-private-methods': [ '7.18.6' ],
7476 silly audit   '@babel/plugin-transform-flow-strip-types': [ '7.29.7' ],
7476 silly audit   '@babel/plugin-transform-runtime': [ '7.29.7' ],
7476 silly audit   '@babel/preset-typescript': [ '7.29.7' ],
7476 silly audit   '@babel/runtime': [ '7.29.7' ],
7476 silly audit   'babel-plugin-macros': [ '3.1.0' ],
7476 silly audit   'babel-plugin-transform-react-remove-prop-types': [ '0.4.24' ],
7476 silly audit   '@babel/plugin-syntax-decorators': [ '7.29.7' ],
7476 silly audit   '@babel/plugin-syntax-flow': [ '7.29.7' ],
7476 silly audit   '@babel/plugin-transform-typescript': [ '7.29.7' ],
7476 silly audit   '@babel/plugin-syntax-typescript': [ '7.29.7' ],
7476 silly audit   bluebird: [ '3.7.2' ],
7476 silly audit   'check-types': [ '11.2.3' ],
7476 silly audit   hoopy: [ '0.1.4' ],
7476 silly audit   jsonpath: [ '1.3.0' ],
7476 silly audit   tryer: [ '1.0.1' ],
7476 silly audit   'icss-utils': [ '5.1.0' ],
7476 silly audit   'postcss-modules-extract-imports': [ '3.1.0' ],
7476 silly audit   'postcss-modules-local-by-default': [ '4.2.0' ],
7476 silly audit   'postcss-modules-scope': [ '3.2.1' ],
7476 silly audit   'postcss-modules-values': [ '4.0.0' ],
7476 silly audit   cssnano: [ '5.1.15' ],
7476 silly audit   'jest-worker': [ '27.5.1', '28.1.3', '26.6.2' ],
7476 silly audit   'serialize-javascript': [ '6.0.2', '4.0.0' ],
7476 silly audit   'cssnano-preset-default': [ '5.2.14' ],
7476 silly audit   lilconfig: [ '2.1.0', '3.1.3' ],
7476 silly audit   'css-declaration-sorter': [ '6.4.1' ],
7476 silly audit   'cssnano-utils': [ '3.1.0' ],
7476 silly audit   'postcss-calc': [ '8.2.4' ],
7476 silly audit   'postcss-colormin': [ '5.3.1' ],
7476 silly audit   'postcss-convert-values': [ '5.1.3' ],
7476 silly audit   'postcss-discard-comments': [ '5.1.2' ],
7476 silly audit   'postcss-discard-duplicates': [ '5.1.0' ],
7476 silly audit   'postcss-discard-empty': [ '5.1.1' ],
7476 silly audit   'postcss-discard-overridden': [ '5.1.0' ],
7476 silly audit   'postcss-merge-longhand': [ '5.1.7' ],
7476 silly audit   'postcss-merge-rules': [ '5.1.4' ],
7476 silly audit   'postcss-minify-font-values': [ '5.1.0' ],
7476 silly audit   'postcss-minify-gradients': [ '5.1.1' ],
7476 silly audit   'postcss-minify-params': [ '5.1.4' ],
7476 silly audit   'postcss-minify-selectors': [ '5.2.1' ],
7476 silly audit   'postcss-normalize-charset': [ '5.1.0' ],
7476 silly audit   'postcss-normalize-display-values': [ '5.1.0' ],
7476 silly audit   'postcss-normalize-positions': [ '5.1.1' ],
7476 silly audit   'postcss-normalize-repeat-style': [ '5.1.1' ],
7476 silly audit   'postcss-normalize-string': [ '5.1.0' ],
7476 silly audit   'postcss-normalize-timing-functions': [ '5.1.0' ],
7476 silly audit   'postcss-normalize-unicode': [ '5.1.1' ],
7476 silly audit   'postcss-normalize-url': [ '5.1.0' ],
7476 silly audit   'postcss-normalize-whitespace': [ '5.1.1' ],
7476 silly audit   'postcss-ordered-values': [ '5.1.3' ],
7476 silly audit   'postcss-reduce-initial': [ '5.1.2' ],
7476 silly audit   'postcss-reduce-transforms': [ '5.1.0' ],
7476 silly audit   'postcss-svgo': [ '5.1.0' ],
7476 silly audit   'postcss-unique-selectors': [ '5.1.1' ],
7476 silly audit   stackframe: [ '1.3.4' ],
7476 silly audit   '@babel/eslint-parser': [ '7.29.7' ],
7476 silly audit   '@rushstack/eslint-patch': [ '1.16.1' ],
7476 silly audit   '@typescript-eslint/eslint-plugin': [ '5.62.0' ],
7476 silly audit   '@typescript-eslint/parser': [ '5.62.0' ],
7476 silly audit   'confusing-browser-globals': [ '1.0.11' ],
7476 silly audit   'eslint-plugin-flowtype': [ '8.0.3' ],
7476 silly audit   'eslint-plugin-jest': [ '25.7.0' ],
7476 silly audit   'eslint-plugin-testing-library': [ '5.11.1' ],
7476 silly audit   '@nicolo-ribaudo/eslint-scope-5-internals': [ '5.1.1-v1' ],
7476 silly audit   '@typescript-eslint/scope-manager': [ '5.62.0' ],
7476 silly audit   '@typescript-eslint/type-utils': [ '5.62.0' ],
7476 silly audit   '@typescript-eslint/utils': [ '5.62.0' ],
7476 silly audit   graphemer: [ '1.4.0' ],
7476 silly audit   'natural-compare-lite': [ '1.4.0' ],
7476 silly audit   tsutils: [ '3.21.0' ],
7476 silly audit   '@typescript-eslint/types': [ '5.62.0' ],
7476 silly audit   '@typescript-eslint/typescript-estree': [ '5.62.0' ],
7476 silly audit   '@typescript-eslint/visitor-keys': [ '5.62.0' ],
7476 silly audit   globby: [ '11.1.0' ],
7476 silly audit   '@types/semver': [ '7.7.1' ],
7476 silly audit   'string-natural-compare': [ '3.0.1' ],
7476 silly audit   '@typescript-eslint/experimental-utils': [ '5.62.0' ],
7476 silly audit   '@types/eslint': [ '8.56.12' ],
7476 silly audit   'normalize-path': [ '3.0.0' ],
7476 silly audit   commondir: [ '1.0.1' ],
7476 silly audit   'pkg-dir': [ '4.2.0' ],
7476 silly audit   jsonfile: [ '6.2.1' ],
7476 silly audit   universalify: [ '2.0.1', '0.2.0' ],
7476 silly audit   'array-union': [ '2.1.0' ],
7476 silly audit   'dir-glob': [ '3.0.1' ],
7476 silly audit   'fast-glob': [ '3.3.3' ],
7476 silly audit   merge2: [ '1.4.1' ],
7476 silly audit   '@nodelib/fs.stat': [ '2.0.5' ],
7476 silly audit   '@nodelib/fs.walk': [ '1.2.8' ],
7476 silly audit   '@nodelib/fs.scandir': [ '2.1.5' ],
7476 silly audit   fastq: [ '1.20.1' ],
7476 silly audit   'run-parallel': [ '1.2.0' ],
7476 silly audit   reusify: [ '1.1.0' ],
7476 silly audit   '@types/html-minifier-terser': [ '6.1.0' ],
7476 silly audit   'html-minifier-terser': [ '6.1.0' ],
7476 silly audit   'pretty-error': [ '4.0.0' ],
7476 silly audit   tapable: [ '2.3.3', '1.1.3' ],
7476 silly audit   'camel-case': [ '4.1.2' ],
7476 silly audit   'clean-css': [ '5.3.3' ],
7476 silly audit   commander: [ '8.3.0', '4.1.1', '2.20.3', '7.2.0' ],
7476 silly audit   he: [ '1.2.0' ],
7476 silly audit   'param-case': [ '3.0.4' ],
7476 silly audit   relateurl: [ '0.2.7' ],
7476 silly audit   terser: [ '5.48.0' ],
7476 silly audit   'pascal-case': [ '3.1.2' ],
7476 silly audit   'harmony-reflect': [ '1.6.2' ],
7476 silly audit   'istanbul-lib-coverage': [ '3.2.2' ],
7476 silly audit   '@jest/core': [ '27.5.1' ],
7476 silly audit   'import-local': [ '3.2.0' ],
7476 silly audit   'jest-cli': [ '27.5.1' ],
7476 silly audit   '@jest/console': [ '27.5.1', '28.1.3' ],
7476 silly audit   '@jest/reporters': [ '27.5.1' ],
7476 silly audit   '@jest/test-result': [ '27.5.1', '28.1.3' ],
7476 silly audit   'ansi-escapes': [ '4.3.2' ],
7476 silly audit   emittery: [ '0.8.1', '0.10.2' ],
7476 silly audit   exit: [ '0.1.2' ],
7476 silly audit   'jest-changed-files': [ '27.5.1' ],
7476 silly audit   'jest-config': [ '27.5.1' ],
7476 silly audit   'jest-message-util': [ '27.5.1', '28.1.3' ],
7476 silly audit   'jest-resolve-dependencies': [ '27.5.1' ],
7476 silly audit   'jest-runner': [ '27.5.1' ],
7476 silly audit   'jest-runtime': [ '27.5.1' ],
7476 silly audit   'jest-snapshot': [ '27.5.1' ],
7476 silly audit   'jest-validate': [ '27.5.1' ],
7476 silly audit   'jest-watcher': [ '27.5.1', '28.1.3' ],
7476 silly audit   rimraf: [ '3.0.2' ],
7476 silly audit   'strip-ansi': [ '6.0.1', '7.2.0' ],
7476 silly audit   '@bcoe/v8-coverage': [ '0.2.3' ],
7476 silly audit   'collect-v8-coverage': [ '1.0.3' ],
7476 silly audit   glob: [ '7.2.3' ],
7476 silly audit   'istanbul-lib-report': [ '3.0.1' ],
7476 silly audit   'istanbul-lib-source-maps': [ '4.0.1' ],
7476 silly audit   'istanbul-reports': [ '3.2.0' ],
7476 silly audit   'string-length': [ '4.0.2', '5.0.1' ],
7476 silly audit   'terminal-link': [ '2.1.1' ],
7476 silly audit   'v8-to-istanbul': [ '8.1.1' ],
7476 silly audit   'type-fest': [ '0.21.3', '0.16.0', '0.20.2' ],
7476 silly audit   'fs.realpath': [ '1.0.0' ],
7476 silly audit   inflight: [ '1.0.6' ],
7476 silly audit   inherits: [ '2.0.4' ],
7476 silly audit   once: [ '1.4.0' ],
7476 silly audit   'path-is-absolute': [ '1.0.1' ],
7476 silly audit   'resolve-cwd': [ '3.0.0' ],
7476 silly audit   wrappy: [ '1.0.2' ],
7476 silly audit   'html-escaper': [ '2.0.2' ],
7476 silly audit   execa: [ '5.1.1' ],
7476 silly audit   throat: [ '6.0.2' ],
7476 silly audit   'get-stream': [ '6.0.1' ],
7476 silly audit   'human-signals': [ '2.1.0' ],
7476 silly audit   'is-stream': [ '2.0.1' ],
7476 silly audit   'merge-stream': [ '2.0.0' ],
7476 silly audit   'npm-run-path': [ '4.0.1' ],
7476 silly audit   onetime: [ '5.1.2' ],
7476 silly audit   'signal-exit': [ '3.0.7' ],
7476 silly audit   'strip-final-newline': [ '2.0.0' ],
7476 silly audit   yargs: [ '16.2.2' ],
7476 silly audit   '@jest/test-sequencer': [ '27.5.1' ],
7476 silly audit   'ci-info': [ '3.9.0' ],
7476 silly audit   'jest-circus': [ '27.5.1' ],
7476 silly audit   'jest-environment-jsdom': [ '27.5.1' ],
7476 silly audit   'jest-environment-node': [ '27.5.1' ],
7476 silly audit   'jest-get-type': [ '27.5.1' ],
7476 silly audit   'jest-jasmine2': [ '27.5.1' ],
7476 silly audit   'pretty-format': [ '27.5.1', '28.1.3' ],
7476 silly audit   '@jest/environment': [ '27.5.1' ],
7476 silly audit   co: [ '4.6.0' ],
7476 silly audit   dedent: [ '0.7.0' ],
7476 silly audit   expect: [ '27.5.1' ],
7476 silly audit   'is-generator-fn': [ '2.1.0' ],
7476 silly audit   'jest-each': [ '27.5.1' ],
7476 silly audit   'jest-matcher-utils': [ '27.5.1' ],
7476 silly audit   'stack-utils': [ '2.0.6' ],
7476 silly audit   '@jest/fake-timers': [ '27.5.1' ],
7476 silly audit   'jest-mock': [ '27.5.1' ],
7476 silly audit   '@sinonjs/fake-timers': [ '8.1.0' ],
7476 silly audit   '@sinonjs/commons': [ '1.8.6' ],
7476 silly audit   'type-detect': [ '4.0.8' ],
7476 silly audit   jsdom: [ '16.7.0' ],
7476 silly audit   '@types/graceful-fs': [ '4.1.9' ],
7476 silly audit   anymatch: [ '3.1.3' ],
7476 silly audit   'fb-watchman': [ '2.0.2' ],
7476 silly audit   'jest-serializer': [ '27.5.1' ],
7476 silly audit   walker: [ '1.0.8' ],
7476 silly audit   picomatch: [ '2.3.2', '4.0.4' ],
7476 silly audit   bser: [ '2.1.1' ],
7476 silly audit   'node-int64': [ '0.4.0' ],
7476 silly audit   '@jest/source-map': [ '27.5.1' ],
7476 silly audit   'jest-diff': [ '27.5.1' ],
7476 silly audit   'diff-sequences': [ '27.5.1' ],
7476 silly audit   '@types/stack-utils': [ '2.0.3' ],
7476 silly audit   'jest-pnp-resolver': [ '1.2.3' ],
7476 silly audit   'resolve.exports': [ '1.1.1' ],
7476 silly audit   'jest-docblock': [ '27.5.1' ],
7476 silly audit   'jest-leak-detector': [ '27.5.1' ],
7476 silly audit   'source-map-support': [ '0.5.21' ],
7476 silly audit   'detect-newline': [ '3.1.0' ],
7476 silly audit   '@jest/globals': [ '27.5.1' ],
7476 silly audit   'cjs-module-lexer': [ '1.4.3' ],
7476 silly audit   'strip-bom': [ '4.0.0', '3.0.0' ],
7476 silly audit   '@types/prettier': [ '2.7.3' ],
7476 silly audit   leven: [ '3.1.0' ],
7476 silly audit   abab: [ '2.0.6' ],
7476 silly audit   'acorn-globals': [ '6.0.0' ],
7476 silly audit   cssom: [ '0.4.4', '0.3.8' ],
7476 silly audit   cssstyle: [ '2.3.0' ],
7476 silly audit   'data-urls': [ '2.0.0' ],
7476 silly audit   'decimal.js': [ '10.6.0' ],
7476 silly audit   domexception: [ '2.0.1' ],
7476 silly audit   escodegen: [ '2.1.0' ],
7476 silly audit   'html-encoding-sniffer': [ '2.0.1' ],
7476 silly audit   'http-proxy-agent': [ '4.0.1' ],
7476 silly audit   'https-proxy-agent': [ '5.0.1' ],
7476 silly audit   'is-potential-custom-element-name': [ '1.0.1' ],
7476 silly audit   nwsapi: [ '2.2.24' ],
7476 silly audit   parse5: [ '6.0.1' ],
7476 silly audit   saxes: [ '5.0.1' ],
7476 silly audit   'symbol-tree': [ '3.2.4' ],
7476 silly audit   'tough-cookie': [ '4.1.4' ],
7476 silly audit   'w3c-hr-time': [ '1.0.2' ],
7476 silly audit   'w3c-xmlserializer': [ '2.0.0' ],
7476 silly audit   'webidl-conversions': [ '6.1.0', '5.0.0', '4.0.2' ],
7476 silly audit   'whatwg-encoding': [ '1.0.5' ],
7476 silly audit   'whatwg-mimetype': [ '2.3.0' ],
7476 silly audit   'whatwg-url': [ '8.7.0', '7.1.0' ],
7476 silly audit   ws: [ '7.5.11', '8.21.0' ],
7476 silly audit   'xml-name-validator': [ '3.0.0' ],
7476 silly audit   'acorn-walk': [ '7.2.0', '8.3.5' ],
7476 silly audit   esprima: [ '4.0.1', '1.2.5' ],
7476 silly audit   '@tootallnate/once': [ '1.1.2' ],
7476 silly audit   'agent-base': [ '6.0.2' ],
7476 silly audit   'static-eval': [ '2.1.1' ],
7476 silly audit   underscore: [ '1.13.6' ],
7476 silly audit   'big.js': [ '5.2.2' ],
7476 silly audit   'emojis-list': [ '3.0.0' ],
7476 silly audit   yallist: [ '3.1.1' ],
7476 silly audit   braces: [ '3.0.3' ],
7476 silly audit   'fill-range': [ '7.1.1' ],
7476 silly audit   'to-regex-range': [ '5.0.1' ],
7476 silly audit   'mimic-fn': [ '2.1.0' ],
7476 silly audit   'dot-case': [ '3.0.4' ],
7476 silly audit   'no-case': [ '3.0.4' ],
7476 silly audit   'lower-case': [ '2.0.2' ],
7476 silly audit   'postcss-selector-parser': [ '6.1.4', '7.1.4' ],
7476 silly audit   'caniuse-api': [ '3.0.0' ],
7476 silly audit   colord: [ '2.9.3' ],
7476 silly audit   'lodash.memoize': [ '4.1.2' ],
7476 silly audit   'lodash.uniq': [ '4.5.0' ],
7476 silly audit   klona: [ '2.0.6' ],
7476 silly audit   stylehacks: [ '5.1.1' ],
7476 silly audit   '@csstools/normalize.css': [ '12.1.1' ],
7476 silly audit   'postcss-browser-comments': [ '4.0.0' ],
7476 silly audit   'sanitize.css': [ '13.0.0' ],
7476 silly audit   'normalize-url': [ '6.1.0' ],
7476 silly audit   '@csstools/postcss-cascade-layers': [ '1.1.1' ],
7476 silly audit   '@csstools/postcss-color-function': [ '1.1.1' ],
7476 silly audit   '@csstools/postcss-font-format-keywords': [ '1.0.1' ],
7476 silly audit   '@csstools/postcss-hwb-function': [ '1.0.2' ],
7476 silly audit   '@csstools/postcss-ic-unit': [ '1.0.1' ],
7476 silly audit   '@csstools/postcss-is-pseudo-class': [ '2.0.7' ],
7476 silly audit   '@csstools/postcss-nested-calc': [ '1.0.0' ],
7476 silly audit   '@csstools/postcss-normalize-display-values': [ '1.0.1' ],
7476 silly audit   '@csstools/postcss-oklab-function': [ '1.1.1' ],
7476 silly audit   '@csstools/postcss-progressive-custom-properties': [ '1.3.0' ],
7476 silly audit   '@csstools/postcss-stepped-value-functions': [ '1.0.1' ],
7476 silly audit   '@csstools/postcss-text-decoration-shorthand': [ '1.0.0' ],
7476 silly audit   '@csstools/postcss-trigonometric-functions': [ '1.0.2' ],
7476 silly audit   '@csstools/postcss-unset-value': [ '1.0.2' ],
7476 silly audit   'css-blank-pseudo': [ '3.0.3' ],
7476 silly audit   'css-has-pseudo': [ '3.0.4' ],
7476 silly audit   'css-prefers-color-scheme': [ '6.0.3' ],
7476 silly audit   cssdb: [ '7.11.2' ],
7476 silly audit   'postcss-attribute-case-insensitive': [ '5.0.2' ],
7476 silly audit   'postcss-clamp': [ '4.1.0' ],
7476 silly audit   'postcss-color-functional-notation': [ '4.2.4' ],
7476 silly audit   'postcss-color-hex-alpha': [ '8.0.4' ],
7476 silly audit   'postcss-color-rebeccapurple': [ '7.1.1' ],
7476 silly audit   'postcss-custom-media': [ '8.0.2' ],
7476 silly audit   'postcss-custom-properties': [ '12.1.11' ],
7476 silly audit   'postcss-custom-selectors': [ '6.0.3' ],
7476 silly audit   'postcss-dir-pseudo-class': [ '6.0.5' ],
7476 silly audit   'postcss-double-position-gradients': [ '3.1.2' ],
7476 silly audit   'postcss-env-function': [ '4.0.6' ],
7476 silly audit   'postcss-focus-visible': [ '6.0.4' ],
7476 silly audit   'postcss-focus-within': [ '5.0.4' ],
7476 silly audit   'postcss-font-variant': [ '5.0.0' ],
7476 silly audit   'postcss-gap-properties': [ '3.0.5' ],
7476 silly audit   'postcss-image-set-function': [ '4.0.7' ],
7476 silly audit   'postcss-initial': [ '4.0.1' ],
7476 silly audit   'postcss-lab-function': [ '4.2.1' ],
7476 silly audit   'postcss-logical': [ '5.0.4' ],
7476 silly audit   'postcss-media-minmax': [ '5.0.0' ],
7476 silly audit   'postcss-nesting': [ '10.2.0' ],
7476 silly audit   'postcss-opacity-percentage': [ '1.1.3' ],
7476 silly audit   'postcss-overflow-shorthand': [ '3.0.4' ],
7476 silly audit   'postcss-page-break': [ '3.0.4' ],
7476 silly audit   'postcss-place': [ '7.0.5' ],
7476 silly audit   'postcss-pseudo-class-any-link': [ '7.1.6' ],
7476 silly audit   'postcss-replace-overflow-wrap': [ '4.0.0' ],
7476 silly audit   'postcss-selector-not': [ '6.0.1' ],
7476 silly audit   '@csstools/selector-specificity': [ '2.2.0' ],
7476 silly audit   cssesc: [ '3.0.0' ],
7476 silly audit   'util-deprecate': [ '1.0.2' ],
7476 silly audit   renderkid: [ '3.0.0' ],
7476 silly audit   'ansi-regex': [ '5.0.1', '6.2.2' ],
7476 silly audit   kleur: [ '3.0.3' ],
7476 silly audit   sisteransi: [ '1.0.5' ],
7476 silly audit   'core-js': [ '3.49.0' ],
7476 silly audit   promise: [ '8.3.0' ],
7476 silly audit   raf: [ '3.4.1' ],
7476 silly audit   'regenerator-runtime': [ '0.13.11' ],
7476 silly audit   'whatwg-fetch': [ '3.6.20' ],
7476 silly audit   asap: [ '2.0.6' ],
7476 silly audit   'performance-now': [ '2.1.0' ],
7476 silly audit   address: [ '1.2.2' ],
7476 silly audit   'detect-port-alt': [ '1.1.6' ],
7476 silly audit   filesize: [ '8.0.7' ],
7476 silly audit   'fork-ts-checker-webpack-plugin': [ '6.5.3' ],
7476 silly audit   'global-modules': [ '2.0.0' ],
7476 silly audit   'gzip-size': [ '6.0.0' ],
7476 silly audit   immer: [ '9.0.21', '10.2.0', '11.1.8' ],
7476 silly audit   'is-root': [ '2.1.0' ],
7476 silly audit   open: [ '8.4.2' ],
7476 silly audit   'pkg-up': [ '3.1.0' ],
7476 silly audit   'react-error-overlay': [ '6.1.0' ],
7476 silly audit   'recursive-readdir': [ '2.2.3' ],
7476 silly audit   'shell-quote': [ '1.9.0' ],
7476 silly audit   'text-table': [ '0.2.0' ],
7476 silly audit   chokidar: [ '3.6.0' ],
7476 silly audit   memfs: [ '3.5.3' ],
7476 silly audit   'is-binary-path': [ '2.1.0' ],
7476 silly audit   readdirp: [ '3.6.0' ],
7476 silly audit   'global-prefix': [ '3.0.0' ],
7476 silly audit   ini: [ '1.3.8' ],
7476 silly audit   'kind-of': [ '6.0.3' ],
7476 silly audit   duplexer: [ '0.1.2' ],
7476 silly audit   'binary-extensions': [ '2.3.0' ],
7476 silly audit   'fs-monkey': [ '1.1.0' ],
7476 silly audit   'define-lazy-prop': [ '2.0.0' ],
7476 silly audit   'is-docker': [ '2.2.1' ],
7476 silly audit   'is-wsl': [ '2.2.0' ],
7476 silly audit   'get-nonce': [ '1.0.1' ],
7476 silly audit   '@reduxjs/toolkit': [ '2.12.0' ],
7476 silly audit   'decimal.js-light': [ '2.5.1' ],
7476 silly audit   'es-toolkit': [ '1.48.1' ],
7476 silly audit   eventemitter3: [ '5.0.4', '4.0.7' ],
7476 silly audit   'react-redux': [ '9.3.0' ],
7476 silly audit   reselect: [ '5.1.1' ],
7476 silly audit   'tiny-invariant': [ '1.3.3' ],
7476 silly audit   'victory-vendor': [ '37.3.6' ],
7476 silly audit   '@standard-schema/spec': [ '1.1.0' ],
7476 silly audit   redux: [ '5.0.1' ],
7476 silly audit   'redux-thunk': [ '3.1.0' ],
7476 silly audit   '@types/use-sync-external-store': [ '0.0.6' ],
7476 silly audit   regenerate: [ '1.4.2' ],
7476 silly audit   'regenerate-unicode-properties': [ '10.2.2' ],
7476 silly audit   regjsgen: [ '0.8.0' ],
7476 silly audit   regjsparser: [ '0.13.2' ],
7476 silly audit   'unicode-match-property-ecmascript': [ '2.0.0' ],
7476 silly audit   'unicode-match-property-value-ecmascript': [ '2.2.1' ],
7476 silly audit   'css-select': [ '4.3.0', '2.1.0' ],
7476 silly audit   'dom-converter': [ '0.2.0' ],
7476 silly audit   htmlparser2: [ '6.1.0' ],
7476 silly audit   boolbase: [ '1.0.0' ],
7476 silly audit   'css-what': [ '6.2.2', '3.4.2' ],
7476 silly audit   domhandler: [ '4.3.1' ],
7476 silly audit   domutils: [ '2.8.0', '1.7.0' ],
7476 silly audit   'nth-check': [ '2.1.1', '1.0.2' ],
7476 silly audit   utila: [ '0.4.0' ],
7476 silly audit   domelementtype: [ '2.3.0', '1.3.1' ],
7476 silly audit   'dom-serializer': [ '1.4.1', '0.2.2' ],
7476 silly audit   entities: [ '2.2.0' ],
7476 silly audit   'node-exports-info': [ '1.6.2' ],
7476 silly audit   'path-parse': [ '1.0.7' ],
7476 silly audit   'supports-preserve-symlinks-flag': [ '1.0.0' ],
7476 silly audit   'adjust-sourcemap-loader': [ '4.0.0' ],
7476 silly audit   'regex-parser': [ '2.3.1' ],
7476 silly audit   'queue-microtask': [ '1.2.3' ],
7476 silly audit   isarray: [ '2.0.5', '1.0.0' ],
7476 silly audit   'neo-async': [ '2.6.2' ],
7476 silly audit   xmlchars: [ '2.2.0' ],
7476 silly audit   'ajv-formats': [ '2.1.1' ],
7476 silly audit   'ajv-keywords': [ '5.1.0', '3.5.2' ],
7476 silly audit   randombytes: [ '2.1.0' ],
7476 silly audit   'safe-buffer': [ '5.2.1', '5.1.2' ],
7476 silly audit   'shebang-regex': [ '3.0.0' ],
7476 silly audit   'side-channel-list': [ '1.0.1' ],
7476 silly audit   'side-channel-map': [ '1.0.1' ],
7476 silly audit   'side-channel-weakmap': [ '1.0.2' ],
7476 silly audit   'iconv-lite': [ '0.6.3', '0.4.24' ],
7476 silly audit   'safer-buffer': [ '2.1.2' ],
7476 silly audit   'buffer-from': [ '1.1.2' ],
7476 silly audit   'char-regex': [ '1.0.2', '2.0.2' ],
7476 silly audit   'has-flag': [ '4.0.0', '3.0.0' ],
7476 silly audit   coa: [ '2.0.2' ],
7476 silly audit   'css-select-base-adapter': [ '0.1.1' ],
7476 silly audit   'css-tree': [ '1.0.0-alpha.37', '1.1.3' ],
7476 silly audit   csso: [ '4.2.0' ],
7476 silly audit   mkdirp: [ '0.5.6' ],
7476 silly audit   sax: [ '1.2.4', '1.6.0' ],
7476 silly audit   stable: [ '0.1.8' ],
7476 silly audit   unquote: [ '1.1.1' ],
7476 silly audit   'util.promisify': [ '1.0.1' ],
7476 silly audit   '@types/q': [ '1.5.8' ],
7476 silly audit   q: [ '1.5.1' ],
7476 silly audit   'mdn-data': [ '2.0.4', '2.0.14' ],
7476 silly audit   minimist: [ '1.2.8' ],
7476 silly audit   dequal: [ '2.0.3' ],
7476 silly audit   '@alloc/quick-lru': [ '5.2.0' ],
7476 silly audit   arg: [ '5.0.2', '4.1.3' ],
7476 silly audit   didyoumean: [ '1.2.2' ],
7476 silly audit   dlv: [ '1.1.3' ],
7476 silly audit   jiti: [ '1.21.7' ],
7476 silly audit   'object-hash': [ '3.0.0' ],
7476 silly audit   'postcss-import': [ '15.1.0' ],
7476 silly audit   'postcss-js': [ '4.1.0' ],
7476 silly audit   'postcss-load-config': [ '4.0.2' ],
7476 silly audit   'postcss-nested': [ '6.2.0' ],
7476 silly audit   sucrase: [ '3.35.1' ],
7476 silly audit   'read-cache': [ '1.0.0' ],
7476 silly audit   'camelcase-css': [ '2.0.1' ],
7476 silly audit   pify: [ '2.3.0' ],
7476 silly audit   mz: [ '2.7.0' ],
7476 silly audit   tinyglobby: [ '0.2.17' ],
7476 silly audit   'ts-interface-checker': [ '0.1.13' ],
7476 silly audit   'any-promise': [ '1.3.0' ],
7476 silly audit   'thenify-all': [ '1.6.0' ],
7476 silly audit   'supports-hyperlinks': [ '2.3.0' ],
7476 silly audit   '@jridgewell/source-map': [ '0.3.11' ],
7476 silly audit   thenify: [ '3.3.1' ],
7476 silly audit   fdir: [ '6.5.0' ],
7476 silly audit   'is-number': [ '7.0.0' ],
7476 silly audit   psl: [ '1.15.0' ],
7476 silly audit   punycode: [ '2.3.1' ],
7476 silly audit   'url-parse': [ '1.5.10' ],
7476 silly audit   '@cspotcode/source-map-support': [ '0.8.1' ],
7476 silly audit   '@tsconfig/node10': [ '1.0.12' ],
7476 silly audit   '@tsconfig/node12': [ '1.0.11' ],
7476 silly audit   '@tsconfig/node14': [ '1.0.3' ],
7476 silly audit   '@tsconfig/node16': [ '1.0.4' ],
7476 silly audit   'create-require': [ '1.1.1' ],
7476 silly audit   diff: [ '4.0.4' ],
7476 silly audit   'make-error': [ '1.3.6' ],
7476 silly audit   'v8-compile-cache-lib': [ '3.0.1' ],
7476 silly audit   yn: [ '3.1.1' ],
7476 silly audit   '@types/json5': [ '0.0.29' ],
7476 silly audit   'for-each': [ '0.3.5' ],
7476 silly audit   'reflect.getprototypeof': [ '1.0.10' ],
7476 silly audit   'which-builtin-type': [ '1.2.1' ],
7476 silly audit   'has-bigints': [ '1.1.0' ],
7476 silly audit   'which-boxed-primitive': [ '1.1.1' ],
7476 silly audit   'unicode-canonical-property-names-ecmascript': [ '2.0.1' ],
7476 silly audit   'unicode-property-aliases-ecmascript': [ '2.2.0' ],
7476 silly audit   escalade: [ '3.2.0' ],
7476 silly audit   querystringify: [ '2.2.0' ],
7476 silly audit   'requires-port': [ '1.0.0' ],
7476 silly audit   'detect-node-es': [ '1.1.0' ],
7476 silly audit   'object.getownpropertydescriptors': [ '2.1.9' ],
7476 silly audit   'array.prototype.reduce': [ '1.0.8' ],
7476 silly audit   'es-array-method-boxes-properly': [ '1.0.0' ],
7476 silly audit   '@types/d3-array': [ '3.2.2' ],
7476 silly audit   '@types/d3-ease': [ '3.0.2' ],
7476 silly audit   '@types/d3-interpolate': [ '3.0.4' ],
7476 silly audit   '@types/d3-scale': [ '4.0.9' ],
7476 silly audit   '@types/d3-shape': [ '3.1.8' ],
7476 silly audit   '@types/d3-time': [ '3.0.4' ],
7476 silly audit   '@types/d3-timer': [ '3.0.2' ],
7476 silly audit   'd3-array': [ '3.2.4' ],
7476 silly audit   'd3-ease': [ '3.0.1' ],
7476 silly audit   'd3-interpolate': [ '3.0.1' ],
7476 silly audit   'd3-scale': [ '4.0.2' ],
7476 silly audit   'd3-shape': [ '3.2.0' ],
7476 silly audit   'd3-time': [ '3.1.0' ],
7476 silly audit   'd3-timer': [ '3.0.1' ],
7476 silly audit   '@types/d3-color': [ '3.1.3' ],
7476 silly audit   '@types/d3-path': [ '3.1.1' ],
7476 silly audit   internmap: [ '2.0.3' ],
7476 silly audit   'd3-color': [ '3.1.0' ],
7476 silly audit   'd3-format': [ '3.1.2' ],
7476 silly audit   'd3-time-format': [ '4.1.0' ],
7476 silly audit   'd3-path': [ '3.1.0' ],
7476 silly audit   'browser-process-hrtime': [ '1.0.0' ],
7476 silly audit   makeerror: [ '1.0.12' ],
7476 silly audit   tmpl: [ '1.0.5' ],
7476 silly audit   '@webassemblyjs/ast': [ '1.14.1' ],
7476 silly audit   '@webassemblyjs/wasm-edit': [ '1.14.1' ],
7476 silly audit   '@webassemblyjs/wasm-parser': [ '1.14.1' ],
7476 silly audit   'acorn-import-phases': [ '1.0.4' ],
7476 silly audit   'chrome-trace-event': [ '1.0.4' ],
7476 silly audit   'enhanced-resolve': [ '5.24.1' ],
7476 silly audit   'es-module-lexer': [ '2.1.0' ],
7476 silly audit   events: [ '3.3.0' ],
7476 silly audit   'loader-runner': [ '4.3.2' ],
7476 silly audit   'minimizer-webpack-plugin': [ '5.6.1' ],
7476 silly audit   watchpack: [ '2.5.2' ],
7476 silly audit   'webpack-sources': [ '3.5.0', '2.3.1', '1.4.3' ],
7476 silly audit   '@webassemblyjs/helper-numbers': [ '1.13.2' ],
7476 silly audit   '@webassemblyjs/helper-wasm-bytecode': [ '1.13.2' ],
7476 silly audit   '@webassemblyjs/floating-point-hex-parser': [ '1.13.2' ],
7476 silly audit   '@webassemblyjs/helper-api-error': [ '1.13.2' ],
7476 silly audit   '@xtuc/long': [ '4.2.2' ],
7476 silly audit   '@webassemblyjs/helper-buffer': [ '1.14.1' ],
7476 silly audit   '@webassemblyjs/helper-wasm-section': [ '1.14.1' ],
7476 silly audit   '@webassemblyjs/wasm-gen': [ '1.14.1' ],
7476 silly audit   '@webassemblyjs/wasm-opt': [ '1.14.1' ],
7476 silly audit   '@webassemblyjs/wast-printer': [ '1.14.1' ],
7476 silly audit   '@webassemblyjs/ieee754': [ '1.13.2' ],
7476 silly audit   '@webassemblyjs/leb128': [ '1.13.2' ],
7476 silly audit   '@webassemblyjs/utf8': [ '1.13.2' ],
7476 silly audit   '@xtuc/ieee754': [ '1.2.0' ],
7476 silly audit   '@types/bonjour': [ '3.5.13' ],
7476 silly audit   '@types/connect-history-api-fallback': [ '1.5.4' ],
7476 silly audit   '@types/express': [ '4.17.25' ],
7476 silly audit   '@types/serve-index': [ '1.9.4' ],
7476 silly audit   '@types/serve-static': [ '1.15.10' ],
7476 silly audit   '@types/sockjs': [ '0.3.36' ],
7476 silly audit   '@types/ws': [ '8.18.1' ],
7476 silly audit   'ansi-html-community': [ '0.0.8' ],
7476 silly audit   'bonjour-service': [ '1.4.2' ],
7476 silly audit   colorette: [ '2.0.20' ],
7476 silly audit   compression: [ '1.8.1' ],
7476 silly audit   'connect-history-api-fallback': [ '2.0.0' ],
7476 silly audit   'default-gateway': [ '6.0.3' ],
7476 silly audit   express: [ '4.22.2' ],
7476 silly audit   'http-proxy-middleware': [ '2.0.10' ],
7476 silly audit   'ipaddr.js': [ '2.4.0', '1.9.1' ],
7476 silly audit   'launch-editor': [ '2.14.1' ],
7476 silly audit   'p-retry': [ '4.6.2' ],
7476 silly audit   selfsigned: [ '2.4.1' ],
7476 silly audit   'serve-index': [ '1.9.2' ],
7476 silly audit   sockjs: [ '0.3.24' ],
7476 silly audit   spdy: [ '4.0.2' ],
7476 silly audit   'webpack-dev-middleware': [ '5.3.4' ],
7476 silly audit   '@types/express-serve-static-core': [ '5.1.1', '4.19.8' ],
7476 silly audit   '@types/body-parser': [ '1.19.6' ],
7476 silly audit   '@types/qs': [ '6.15.1' ],
7476 silly audit   '@types/connect': [ '3.4.38' ],
7476 silly audit   '@types/range-parser': [ '1.2.7' ],
7476 silly audit   '@types/send': [ '1.2.1', '0.17.6' ],
7476 silly audit   '@types/http-errors': [ '2.0.5' ],
7476 silly audit   'multicast-dns': [ '7.2.5' ],
7476 silly audit   bytes: [ '3.1.2' ],
7476 silly audit   compressible: [ '2.0.18' ],
7476 silly audit   negotiator: [ '0.6.4', '0.6.3' ],
7476 silly audit   'on-headers': [ '1.1.0' ],
7476 silly audit   vary: [ '1.1.2' ],
7476 silly audit   accepts: [ '1.3.8' ],
7476 silly audit   'array-flatten': [ '1.1.1' ],
7476 silly audit   'body-parser': [ '1.20.5' ],
7476 silly audit   'content-disposition': [ '0.5.4' ],
7476 silly audit   'content-type': [ '1.0.5' ],
7476 silly audit   'cookie-signature': [ '1.0.7' ],
7476 silly audit   depd: [ '2.0.0', '1.1.2' ],
7476 silly audit   encodeurl: [ '2.0.0' ],
7476 silly audit   'escape-html': [ '1.0.3' ],
7476 silly audit   etag: [ '1.8.1' ],
7476 silly audit   finalhandler: [ '1.3.2' ],
7476 silly audit   fresh: [ '0.5.2' ],
7476 silly audit   'http-errors': [ '2.0.1', '1.8.1' ],
7476 silly audit   'merge-descriptors': [ '1.0.3' ],
7476 silly audit   methods: [ '1.1.2' ],
7476 silly audit   'on-finished': [ '2.4.1' ],
7476 silly audit   parseurl: [ '1.3.3' ],
7476 silly audit   'path-to-regexp': [ '0.1.13' ],
7476 silly audit   'proxy-addr': [ '2.0.7' ],
7476 silly audit   qs: [ '6.15.3' ],
7476 silly audit   'range-parser': [ '1.2.1' ],
7476 silly audit   send: [ '0.19.2' ],
7476 silly audit   'serve-static': [ '1.16.3' ],
7476 silly audit   setprototypeof: [ '1.2.0' ],
7476 silly audit   statuses: [ '2.0.2', '1.5.0' ],
7476 silly audit   'type-is': [ '1.6.18' ],
7476 silly audit   'utils-merge': [ '1.0.1' ],
7476 silly audit   destroy: [ '1.2.0' ],
7476 silly audit   'raw-body': [ '2.5.3' ],
7476 silly audit   unpipe: [ '1.0.0' ],
7476 silly audit   toidentifier: [ '1.0.1' ],
7476 silly audit   '@types/http-proxy': [ '1.17.17' ],
7476 silly audit   'http-proxy': [ '1.18.1' ],
7476 silly audit   'is-plain-obj': [ '3.0.0' ],
7476 silly audit   'dns-packet': [ '5.6.1' ],
7476 silly audit   thunky: [ '1.1.0' ],
7476 silly audit   '@leichtgewicht/ip-codec': [ '2.0.5' ],
7476 silly audit   'ee-first': [ '1.1.1' ],
7476 silly audit   '@types/retry': [ '0.12.0' ],
7476 silly audit   retry: [ '0.13.1' ],
7476 silly audit   forwarded: [ '0.2.0' ],
7476 silly audit   '@types/node-forge': [ '1.3.14' ],
7476 silly audit   'node-forge': [ '1.4.0' ],
7476 silly audit   mime: [ '1.6.0' ],
7476 silly audit   batch: [ '0.6.1' ],
7476 silly audit   'faye-websocket': [ '0.11.4' ],
7476 silly audit   uuid: [ '8.3.2' ],
7476 silly audit   'websocket-driver': [ '0.7.5' ],
7476 silly audit   'handle-thing': [ '2.0.1' ],
7476 silly audit   'http-deceiver': [ '1.2.7' ],
7476 silly audit   'select-hose': [ '2.0.0' ],
7476 silly audit   'spdy-transport': [ '3.0.0' ],
7476 silly audit   'detect-node': [ '2.1.0' ],
7476 silly audit   'hpack.js': [ '2.1.6' ],
7476 silly audit   obuf: [ '1.1.2' ],
7476 silly audit   'readable-stream': [ '3.6.2', '2.3.8' ],
7476 silly audit   wbuf: [ '1.7.3' ],
7476 silly audit   string_decoder: [ '1.3.0', '1.1.1' ],
7476 silly audit   'media-typer': [ '0.3.0' ],
7476 silly audit   'minimalistic-assert': [ '1.0.1' ],
7476 silly audit   'clone-deep': [ '4.0.1' ],
7476 silly audit   flat: [ '5.0.2' ],
7476 silly audit   wildcard: [ '2.0.1' ],
7476 silly audit   'is-plain-object': [ '2.0.4' ],
7476 silly audit   'shallow-clone': [ '3.0.1' ],
7476 silly audit   isobject: [ '3.0.1' ],
7476 silly audit   'http-parser-js': [ '0.5.10' ],
7476 silly audit   'websocket-extensions': [ '0.1.4' ],
7476 silly audit   tr46: [ '2.1.0', '1.0.1' ],
7476 silly audit   isexe: [ '2.0.0' ],
7476 silly audit   'is-bigint': [ '1.1.0' ],
7476 silly audit   'is-boolean-object': [ '1.2.2' ],
7476 silly audit   'is-number-object': [ '1.1.1' ],
7476 silly audit   'is-async-function': [ '2.1.1' ],
7476 silly audit   'is-finalizationregistry': [ '1.1.1' ],
7476 silly audit   'is-generator-function': [ '1.1.2' ],
7476 silly audit   'which-collection': [ '1.0.2' ],
7476 silly audit   'async-function': [ '1.0.0' ],
7476 silly audit   'generator-function': [ '2.0.1' ],
7476 silly audit   'is-map': [ '2.0.3' ],
7476 silly audit   'is-weakmap': [ '2.0.2' ],
7476 silly audit   'is-weakset': [ '2.0.4' ],
7476 silly audit   'pretty-bytes': [ '5.6.0' ],
7476 silly audit   upath: [ '1.2.0' ],
7476 silly audit   'workbox-build': [ '6.6.0' ],
7476 silly audit   '@apideck/better-ajv-errors': [ '0.3.7' ],
7476 silly audit   '@rollup/plugin-babel': [ '5.3.1' ],
7476 silly audit   '@rollup/plugin-node-resolve': [ '11.2.1' ],
7476 silly audit   '@rollup/plugin-replace': [ '2.4.2' ],
7476 silly audit   '@surma/rollup-plugin-off-main-thread': [ '2.2.3' ],
7476 silly audit   'common-tags': [ '1.8.2' ],
7476 silly audit   rollup: [ '2.80.0' ],
7476 silly audit   'rollup-plugin-terser': [ '7.0.2' ],
7476 silly audit   'stringify-object': [ '3.3.0' ],
7476 silly audit   'strip-comments': [ '2.0.1' ],
7476 silly audit   tempy: [ '0.6.0' ],
7476 silly audit   'workbox-background-sync': [ '6.6.0' ],
7476 silly audit   'workbox-broadcast-update': [ '6.6.0' ],
7476 silly audit   'workbox-cacheable-response': [ '6.6.0' ],
7476 silly audit   'workbox-core': [ '6.6.0' ],
7476 silly audit   'workbox-expiration': [ '6.6.0' ],
7476 silly audit   'workbox-google-analytics': [ '6.6.0' ],
7476 silly audit   'workbox-navigation-preload': [ '6.6.0' ],
7476 silly audit   'workbox-precaching': [ '6.6.0' ],
7476 silly audit   'workbox-range-requests': [ '6.6.0' ],
7476 silly audit   'workbox-recipes': [ '6.6.0' ],
7476 silly audit   'workbox-routing': [ '6.6.0' ],
7476 silly audit   'workbox-strategies': [ '6.6.0' ],
7476 silly audit   'workbox-streams': [ '6.6.0' ],
7476 silly audit   'workbox-sw': [ '6.6.0' ],
7476 silly audit   'workbox-window': [ '6.6.0' ],
7476 silly audit   jsonpointer: [ '5.0.1' ],
7476 silly audit   '@rollup/pluginutils': [ '3.1.0' ],
7476 silly audit   '@types/resolve': [ '1.17.1' ],
7476 silly audit   'builtin-modules': [ '3.3.0' ],
7476 silly audit   'is-module': [ '1.0.0' ],
7476 silly audit   'magic-string': [ '0.25.9' ],
7476 silly audit   'estree-walker': [ '1.0.1' ],
7476 silly audit   ejs: [ '3.1.10' ],
7476 silly audit   jake: [ '10.9.4' ],
7476 silly audit   async: [ '3.2.6' ],
7476 silly audit   filelist: [ '1.0.6' ],
7476 silly audit   'sourcemap-codec': [ '1.4.8' ],
7476 silly audit   'get-own-enumerable-property-symbols': [ '3.0.2' ],
7476 silly audit   'is-obj': [ '1.0.1' ],
7476 silly audit   'is-regexp': [ '1.0.0' ],
7476 silly audit   'temp-dir': [ '2.0.0' ],
7476 silly audit   'unique-string': [ '2.0.0' ],
7476 silly audit   'crypto-random-string': [ '2.0.0' ],
7476 silly audit   idb: [ '7.1.1' ],
7476 silly audit   '@types/trusted-types': [ '2.0.7' ],
7476 silly audit   'is-typedarray': [ '1.0.0' ],
7476 silly audit   'typedarray-to-buffer': [ '3.1.5' ],
7476 silly audit   cliui: [ '7.0.4' ],
7476 silly audit   'get-caller-file': [ '2.0.5' ],
7476 silly audit   'require-directory': [ '2.1.1' ],
7476 silly audit   'string-width': [ '4.2.3' ],
7476 silly audit   y18n: [ '5.0.8' ],
7476 silly audit   'yargs-parser': [ '20.2.9' ],
7476 silly audit   'wrap-ansi': [ '7.0.0' ],
7476 silly audit   'is-fullwidth-code-point': [ '3.0.0' ],
7476 silly audit   'sprintf-js': [ '1.0.3' ],
7476 silly audit   'p-try': [ '2.2.0' ],
7476 silly audit   '@types/mime': [ '1.3.5' ],
7476 silly audit   'fast-uri': [ '3.1.2' ],
7476 silly audit   'require-from-string': [ '2.0.2' ],
7476 silly audit   'at-least-node': [ '1.0.0' ],
7476 silly audit   'core-util-is': [ '1.0.3' ],
7476 silly audit   'process-nextick-args': [ '2.0.1' ],
7476 silly audit   '@jest/schemas': [ '28.1.3' ],
7476 silly audit   '@sinclair/typebox': [ '0.24.51' ],
7476 silly audit   '@humanwhocodes/config-array': [ '0.13.0' ],
7476 silly audit   '@ungap/structured-clone': [ '1.3.2' ],
7476 silly audit   'is-path-inside': [ '3.0.3' ],
7476 silly audit   '@humanwhocodes/object-schema': [ '2.0.3' ],
7476 silly audit   'source-list-map': [ '2.0.1' ],
7476 silly audit   'lodash.sortby': [ '4.7.0' ]
7476 silly audit }
7477 http cache source-list-map@https://registry.npmjs.org/source-list-map/-/source-list-map-2.0.1.tgz 0ms (cache hit)
7478 http cache is-path-inside@https://registry.npmjs.org/is-path-inside/-/is-path-inside-3.0.3.tgz 0ms (cache hit)
7479 http cache @ungap/structured-clone@https://registry.npmjs.org/@ungap/structured-clone/-/structured-clone-1.3.2.tgz 0ms (cache hit)
7480 http cache lodash.sortby@https://registry.npmjs.org/lodash.sortby/-/lodash.sortby-4.7.0.tgz 0ms (cache hit)
7481 http cache @sinclair/typebox@https://registry.npmjs.org/@sinclair/typebox/-/typebox-0.24.51.tgz 0ms (cache hit)
7482 http cache @humanwhocodes/config-array@https://registry.npmjs.org/@humanwhocodes/config-array/-/config-array-0.13.0.tgz 0ms (cache hit)
7483 http cache @humanwhocodes/object-schema@https://registry.npmjs.org/@humanwhocodes/object-schema/-/object-schema-2.0.3.tgz 0ms (cache hit)
7484 http cache process-nextick-args@https://registry.npmjs.org/process-nextick-args/-/process-nextick-args-2.0.1.tgz 0ms (cache hit)
7485 http cache at-least-node@https://registry.npmjs.org/at-least-node/-/at-least-node-1.0.0.tgz 0ms (cache hit)
7486 http cache core-util-is@https://registry.npmjs.org/core-util-is/-/core-util-is-1.0.3.tgz 0ms (cache hit)
7487 http cache @jest/schemas@https://registry.npmjs.org/@jest/schemas/-/schemas-28.1.3.tgz 0ms (cache hit)
7488 http cache fast-uri@https://registry.npmjs.org/fast-uri/-/fast-uri-3.1.2.tgz 0ms (cache hit)
7489 http cache p-try@https://registry.npmjs.org/p-try/-/p-try-2.2.0.tgz 0ms (cache hit)
7490 http cache sprintf-js@https://registry.npmjs.org/sprintf-js/-/sprintf-js-1.0.3.tgz 0ms (cache hit)
7491 http cache @types/mime@https://registry.npmjs.org/@types/mime/-/mime-1.3.5.tgz 0ms (cache hit)
7492 http cache wrap-ansi@https://registry.npmjs.org/wrap-ansi/-/wrap-ansi-7.0.0.tgz 0ms (cache hit)
7493 http cache y18n@https://registry.npmjs.org/y18n/-/y18n-5.0.8.tgz 0ms (cache hit)
7494 http cache yargs-parser@https://registry.npmjs.org/yargs-parser/-/yargs-parser-20.2.9.tgz 0ms (cache hit)
7495 http cache string-width@https://registry.npmjs.org/string-width/-/string-width-4.2.3.tgz 0ms (cache hit)
7496 http cache get-caller-file@https://registry.npmjs.org/get-caller-file/-/get-caller-file-2.0.5.tgz 0ms (cache hit)
7497 http cache cliui@https://registry.npmjs.org/cliui/-/cliui-7.0.4.tgz 0ms (cache hit)
7498 http cache require-directory@https://registry.npmjs.org/require-directory/-/require-directory-2.1.1.tgz 0ms (cache hit)
7499 http cache is-fullwidth-code-point@https://registry.npmjs.org/is-fullwidth-code-point/-/is-fullwidth-code-point-3.0.0.tgz 0ms (cache hit)
7500 http cache is-typedarray@https://registry.npmjs.org/is-typedarray/-/is-typedarray-1.0.0.tgz 0ms (cache hit)
7501 http cache idb@https://registry.npmjs.org/idb/-/idb-7.1.1.tgz 0ms (cache hit)
7502 http cache typedarray-to-buffer@https://registry.npmjs.org/typedarray-to-buffer/-/typedarray-to-buffer-3.1.5.tgz 0ms (cache hit)
7503 http cache crypto-random-string@https://registry.npmjs.org/crypto-random-string/-/crypto-random-string-2.0.0.tgz 0ms (cache hit)
7504 http cache @types/trusted-types@https://registry.npmjs.org/@types/trusted-types/-/trusted-types-2.0.7.tgz 0ms (cache hit)
7505 http cache unique-string@https://registry.npmjs.org/unique-string/-/unique-string-2.0.0.tgz 0ms (cache hit)
7506 http cache is-regexp@https://registry.npmjs.org/is-regexp/-/is-regexp-1.0.0.tgz 0ms (cache hit)
7507 http cache temp-dir@https://registry.npmjs.org/temp-dir/-/temp-dir-2.0.0.tgz 0ms (cache hit)
7508 http cache require-from-string@https://registry.npmjs.org/require-from-string/-/require-from-string-2.0.2.tgz 0ms (cache hit)
7509 http cache is-obj@https://registry.npmjs.org/is-obj/-/is-obj-1.0.1.tgz 0ms (cache hit)
7510 http cache filelist@https://registry.npmjs.org/filelist/-/filelist-1.0.6.tgz 0ms (cache hit)
7511 http cache sourcemap-codec@https://registry.npmjs.org/sourcemap-codec/-/sourcemap-codec-1.4.8.tgz 0ms (cache hit)
7512 http cache get-own-enumerable-property-symbols@https://registry.npmjs.org/get-own-enumerable-property-symbols/-/get-own-enumerable-property-symbols-3.0.2.tgz 0ms (cache hit)
7513 http cache jake@https://registry.npmjs.org/jake/-/jake-10.9.4.tgz 0ms (cache hit)
7514 http cache async@https://registry.npmjs.org/async/-/async-3.2.6.tgz 0ms (cache hit)
7515 http cache estree-walker@https://registry.npmjs.org/estree-walker/-/estree-walker-1.0.1.tgz 0ms (cache hit)
7516 http cache magic-string@https://registry.npmjs.org/magic-string/-/magic-string-0.25.9.tgz 0ms (cache hit)
7517 http cache is-module@https://registry.npmjs.org/is-module/-/is-module-1.0.0.tgz 0ms (cache hit)
7518 http cache builtin-modules@https://registry.npmjs.org/builtin-modules/-/builtin-modules-3.3.0.tgz 0ms (cache hit)
7519 http cache @types/resolve@https://registry.npmjs.org/@types/resolve/-/resolve-1.17.1.tgz 0ms (cache hit)
7520 http cache workbox-window@https://registry.npmjs.org/workbox-window/-/workbox-window-6.6.0.tgz 0ms (cache hit)
7521 http cache ejs@https://registry.npmjs.org/ejs/-/ejs-3.1.10.tgz 0ms (cache hit)
7522 http cache workbox-sw@https://registry.npmjs.org/workbox-sw/-/workbox-sw-6.6.0.tgz 0ms (cache hit)
7523 http cache jsonpointer@https://registry.npmjs.org/jsonpointer/-/jsonpointer-5.0.1.tgz 0ms (cache hit)
7524 http cache workbox-streams@https://registry.npmjs.org/workbox-streams/-/workbox-streams-6.6.0.tgz 0ms (cache hit)
7525 http cache workbox-strategies@https://registry.npmjs.org/workbox-strategies/-/workbox-strategies-6.6.0.tgz 0ms (cache hit)
7526 http cache workbox-routing@https://registry.npmjs.org/workbox-routing/-/workbox-routing-6.6.0.tgz 0ms (cache hit)
7527 http cache @rollup/pluginutils@https://registry.npmjs.org/@rollup/pluginutils/-/pluginutils-3.1.0.tgz 1ms (cache hit)
7528 http cache workbox-range-requests@https://registry.npmjs.org/workbox-range-requests/-/workbox-range-requests-6.6.0.tgz 0ms (cache hit)
7529 http cache workbox-precaching@https://registry.npmjs.org/workbox-precaching/-/workbox-precaching-6.6.0.tgz 0ms (cache hit)
7530 http cache workbox-navigation-preload@https://registry.npmjs.org/workbox-navigation-preload/-/workbox-navigation-preload-6.6.0.tgz 0ms (cache hit)
7531 http cache workbox-expiration@https://registry.npmjs.org/workbox-expiration/-/workbox-expiration-6.6.0.tgz 0ms (cache hit)
7532 http cache workbox-core@https://registry.npmjs.org/workbox-core/-/workbox-core-6.6.0.tgz 0ms (cache hit)
7533 http cache workbox-cacheable-response@https://registry.npmjs.org/workbox-cacheable-response/-/workbox-cacheable-response-6.6.0.tgz 0ms (cache hit)
7534 http cache workbox-background-sync@https://registry.npmjs.org/workbox-background-sync/-/workbox-background-sync-6.6.0.tgz 0ms (cache hit)
7535 http cache workbox-broadcast-update@https://registry.npmjs.org/workbox-broadcast-update/-/workbox-broadcast-update-6.6.0.tgz 0ms (cache hit)
7536 http cache workbox-google-analytics@https://registry.npmjs.org/workbox-google-analytics/-/workbox-google-analytics-6.6.0.tgz 0ms (cache hit)
7537 http cache strip-comments@https://registry.npmjs.org/strip-comments/-/strip-comments-2.0.1.tgz 0ms (cache hit)
7538 http cache tempy@https://registry.npmjs.org/tempy/-/tempy-0.6.0.tgz 0ms (cache hit)
7539 http cache stringify-object@https://registry.npmjs.org/stringify-object/-/stringify-object-3.3.0.tgz 0ms (cache hit)
7540 http cache rollup@https://registry.npmjs.org/rollup/-/rollup-2.80.0.tgz 0ms (cache hit)
7541 http cache rollup-plugin-terser@https://registry.npmjs.org/rollup-plugin-terser/-/rollup-plugin-terser-7.0.2.tgz 0ms (cache hit)
7542 http cache workbox-recipes@https://registry.npmjs.org/workbox-recipes/-/workbox-recipes-6.6.0.tgz 0ms (cache hit)
7543 http cache common-tags@https://registry.npmjs.org/common-tags/-/common-tags-1.8.2.tgz 0ms (cache hit)
7544 http cache @rollup/plugin-babel@https://registry.npmjs.org/@rollup/plugin-babel/-/plugin-babel-5.3.1.tgz 0ms (cache hit)
7545 http cache @rollup/plugin-node-resolve@https://registry.npmjs.org/@rollup/plugin-node-resolve/-/plugin-node-resolve-11.2.1.tgz 0ms (cache hit)
7546 http cache @rollup/plugin-replace@https://registry.npmjs.org/@rollup/plugin-replace/-/plugin-replace-2.4.2.tgz 0ms (cache hit)
7547 http cache @surma/rollup-plugin-off-main-thread@https://registry.npmjs.org/@surma/rollup-plugin-off-main-thread/-/rollup-plugin-off-main-thread-2.2.3.tgz 0ms (cache hit)
7548 http cache @apideck/better-ajv-errors@https://registry.npmjs.org/@apideck/better-ajv-errors/-/better-ajv-errors-0.3.7.tgz 0ms (cache hit)
7549 http cache upath@https://registry.npmjs.org/upath/-/upath-1.2.0.tgz 0ms (cache hit)
7550 http cache pretty-bytes@https://registry.npmjs.org/pretty-bytes/-/pretty-bytes-5.6.0.tgz 0ms (cache hit)
7551 http cache is-weakmap@https://registry.npmjs.org/is-weakmap/-/is-weakmap-2.0.2.tgz 0ms (cache hit)
7552 http cache workbox-build@https://registry.npmjs.org/workbox-build/-/workbox-build-6.6.0.tgz 0ms (cache hit)
7553 http cache is-map@https://registry.npmjs.org/is-map/-/is-map-2.0.3.tgz 0ms (cache hit)
7554 http cache is-weakset@https://registry.npmjs.org/is-weakset/-/is-weakset-2.0.4.tgz 0ms (cache hit)
7555 http cache async-function@https://registry.npmjs.org/async-function/-/async-function-1.0.0.tgz 0ms (cache hit)
7556 http cache generator-function@https://registry.npmjs.org/generator-function/-/generator-function-2.0.1.tgz 0ms (cache hit)
7557 http cache which-collection@https://registry.npmjs.org/which-collection/-/which-collection-1.0.2.tgz 0ms (cache hit)
7558 http cache is-generator-function@https://registry.npmjs.org/is-generator-function/-/is-generator-function-1.1.2.tgz 0ms (cache hit)
7559 http cache is-finalizationregistry@https://registry.npmjs.org/is-finalizationregistry/-/is-finalizationregistry-1.1.1.tgz 0ms (cache hit)
7560 http cache is-boolean-object@https://registry.npmjs.org/is-boolean-object/-/is-boolean-object-1.2.2.tgz 0ms (cache hit)
7561 http cache is-async-function@https://registry.npmjs.org/is-async-function/-/is-async-function-2.1.1.tgz 0ms (cache hit)
7562 http cache is-bigint@https://registry.npmjs.org/is-bigint/-/is-bigint-1.1.0.tgz 0ms (cache hit)
7563 http cache is-number-object@https://registry.npmjs.org/is-number-object/-/is-number-object-1.1.1.tgz 0ms (cache hit)
7564 http cache isexe@https://registry.npmjs.org/isexe/-/isexe-2.0.0.tgz 0ms (cache hit)
7565 http cache http-parser-js@https://registry.npmjs.org/http-parser-js/-/http-parser-js-0.5.10.tgz 0ms (cache hit)
7566 http cache isobject@https://registry.npmjs.org/isobject/-/isobject-3.0.1.tgz 0ms (cache hit)
7567 http cache tr46@https://registry.npmjs.org/tr46/-/tr46-2.1.0.tgz 0ms (cache hit)
7568 http cache websocket-extensions@https://registry.npmjs.org/websocket-extensions/-/websocket-extensions-0.1.4.tgz 0ms (cache hit)
7569 http cache wildcard@https://registry.npmjs.org/wildcard/-/wildcard-2.0.1.tgz 0ms (cache hit)
7570 http cache is-plain-object@https://registry.npmjs.org/is-plain-object/-/is-plain-object-2.0.4.tgz 0ms (cache hit)
7571 http cache clone-deep@https://registry.npmjs.org/clone-deep/-/clone-deep-4.0.1.tgz 0ms (cache hit)
7572 http cache flat@https://registry.npmjs.org/flat/-/flat-5.0.2.tgz 0ms (cache hit)
7573 http cache shallow-clone@https://registry.npmjs.org/shallow-clone/-/shallow-clone-3.0.1.tgz 0ms (cache hit)
7574 http cache media-typer@https://registry.npmjs.org/media-typer/-/media-typer-0.3.0.tgz 0ms (cache hit)
7575 http cache wbuf@https://registry.npmjs.org/wbuf/-/wbuf-1.7.3.tgz 0ms (cache hit)
7576 http cache readable-stream@https://registry.npmjs.org/readable-stream/-/readable-stream-3.6.2.tgz 0ms (cache hit)
7577 http cache obuf@https://registry.npmjs.org/obuf/-/obuf-1.1.2.tgz 0ms (cache hit)
7578 http cache detect-node@https://registry.npmjs.org/detect-node/-/detect-node-2.1.0.tgz 0ms (cache hit)
7579 http cache spdy-transport@https://registry.npmjs.org/spdy-transport/-/spdy-transport-3.0.0.tgz 0ms (cache hit)
7580 http cache select-hose@https://registry.npmjs.org/select-hose/-/select-hose-2.0.0.tgz 0ms (cache hit)
7581 http cache hpack.js@https://registry.npmjs.org/hpack.js/-/hpack.js-2.1.6.tgz 0ms (cache hit)
7582 http cache handle-thing@https://registry.npmjs.org/handle-thing/-/handle-thing-2.0.1.tgz 0ms (cache hit)
7583 http cache http-deceiver@https://registry.npmjs.org/http-deceiver/-/http-deceiver-1.2.7.tgz 0ms (cache hit)
7584 http cache string_decoder@https://registry.npmjs.org/string_decoder/-/string_decoder-1.3.0.tgz 0ms (cache hit)
7585 http cache websocket-driver@https://registry.npmjs.org/websocket-driver/-/websocket-driver-0.7.5.tgz 0ms (cache hit)
7586 http cache batch@https://registry.npmjs.org/batch/-/batch-0.6.1.tgz 0ms (cache hit)
7587 http cache mime@https://registry.npmjs.org/mime/-/mime-1.6.0.tgz 0ms (cache hit)
7588 http cache uuid@https://registry.npmjs.org/uuid/-/uuid-8.3.2.tgz 0ms (cache hit)
7589 http cache faye-websocket@https://registry.npmjs.org/faye-websocket/-/faye-websocket-0.11.4.tgz 0ms (cache hit)
7590 http cache @types/node-forge@https://registry.npmjs.org/@types/node-forge/-/node-forge-1.3.14.tgz 0ms (cache hit)
7591 http cache node-forge@https://registry.npmjs.org/node-forge/-/node-forge-1.4.0.tgz 0ms (cache hit)
7592 http cache retry@https://registry.npmjs.org/retry/-/retry-0.13.1.tgz 0ms (cache hit)
7593 http cache ee-first@https://registry.npmjs.org/ee-first/-/ee-first-1.1.1.tgz 0ms (cache hit)
7594 http cache forwarded@https://registry.npmjs.org/forwarded/-/forwarded-0.2.0.tgz 0ms (cache hit)
7595 http cache @types/retry@https://registry.npmjs.org/@types/retry/-/retry-0.12.0.tgz 0ms (cache hit)
7596 http cache @leichtgewicht/ip-codec@https://registry.npmjs.org/@leichtgewicht/ip-codec/-/ip-codec-2.0.5.tgz 0ms (cache hit)
7597 http cache dns-packet@https://registry.npmjs.org/dns-packet/-/dns-packet-5.6.1.tgz 0ms (cache hit)
7598 http cache thunky@https://registry.npmjs.org/thunky/-/thunky-1.1.0.tgz 0ms (cache hit)
7599 http cache http-proxy@https://registry.npmjs.org/http-proxy/-/http-proxy-1.18.1.tgz 0ms (cache hit)
7600 http cache is-plain-obj@https://registry.npmjs.org/is-plain-obj/-/is-plain-obj-3.0.0.tgz 0ms (cache hit)
7601 http cache @types/http-proxy@https://registry.npmjs.org/@types/http-proxy/-/http-proxy-1.17.17.tgz 0ms (cache hit)
7602 http cache toidentifier@https://registry.npmjs.org/toidentifier/-/toidentifier-1.0.1.tgz 0ms (cache hit)
7603 http cache raw-body@https://registry.npmjs.org/raw-body/-/raw-body-2.5.3.tgz 0ms (cache hit)
7604 http cache unpipe@https://registry.npmjs.org/unpipe/-/unpipe-1.0.0.tgz 0ms (cache hit)
7605 http cache utils-merge@https://registry.npmjs.org/utils-merge/-/utils-merge-1.0.1.tgz 0ms (cache hit)
7606 http cache destroy@https://registry.npmjs.org/destroy/-/destroy-1.2.0.tgz 0ms (cache hit)
7607 http cache type-is@https://registry.npmjs.org/type-is/-/type-is-1.6.18.tgz 0ms (cache hit)
7608 http cache statuses@https://registry.npmjs.org/statuses/-/statuses-2.0.2.tgz 0ms (cache hit)
7609 http cache setprototypeof@https://registry.npmjs.org/setprototypeof/-/setprototypeof-1.2.0.tgz 0ms (cache hit)
7610 http cache serve-static@https://registry.npmjs.org/serve-static/-/serve-static-1.16.3.tgz 0ms (cache hit)
7611 http cache send@https://registry.npmjs.org/send/-/send-0.19.2.tgz 0ms (cache hit)
7612 http cache range-parser@https://registry.npmjs.org/range-parser/-/range-parser-1.2.1.tgz 0ms (cache hit)
7613 http cache qs@https://registry.npmjs.org/qs/-/qs-6.15.3.tgz 0ms (cache hit)
7614 http cache minimalistic-assert@https://registry.npmjs.org/minimalistic-assert/-/minimalistic-assert-1.0.1.tgz 0ms (cache hit)
7615 http cache proxy-addr@https://registry.npmjs.org/proxy-addr/-/proxy-addr-2.0.7.tgz 0ms (cache hit)
7616 http cache path-to-regexp@https://registry.npmjs.org/path-to-regexp/-/path-to-regexp-0.1.13.tgz 0ms (cache hit)
7617 http cache on-finished@https://registry.npmjs.org/on-finished/-/on-finished-2.4.1.tgz 0ms (cache hit)
7618 http cache parseurl@https://registry.npmjs.org/parseurl/-/parseurl-1.3.3.tgz 0ms (cache hit)
7619 http cache methods@https://registry.npmjs.org/methods/-/methods-1.1.2.tgz 0ms (cache hit)
7620 http cache http-errors@https://registry.npmjs.org/http-errors/-/http-errors-2.0.1.tgz 0ms (cache hit)
7621 http cache merge-descriptors@https://registry.npmjs.org/merge-descriptors/-/merge-descriptors-1.0.3.tgz 0ms (cache hit)
7622 http cache fresh@https://registry.npmjs.org/fresh/-/fresh-0.5.2.tgz 0ms (cache hit)
7623 http cache escape-html@https://registry.npmjs.org/escape-html/-/escape-html-1.0.3.tgz 0ms (cache hit)
7624 http cache finalhandler@https://registry.npmjs.org/finalhandler/-/finalhandler-1.3.2.tgz 0ms (cache hit)
7625 http cache encodeurl@https://registry.npmjs.org/encodeurl/-/encodeurl-2.0.0.tgz 0ms (cache hit)
7626 http cache cookie-signature@https://registry.npmjs.org/cookie-signature/-/cookie-signature-1.0.7.tgz 0ms (cache hit)
7627 http cache content-type@https://registry.npmjs.org/content-type/-/content-type-1.0.5.tgz 0ms (cache hit)
7628 http cache depd@https://registry.npmjs.org/depd/-/depd-2.0.0.tgz 0ms (cache hit)
7629 http cache content-disposition@https://registry.npmjs.org/content-disposition/-/content-disposition-0.5.4.tgz 0ms (cache hit)
7630 http cache body-parser@https://registry.npmjs.org/body-parser/-/body-parser-1.20.5.tgz 0ms (cache hit)
7631 http cache accepts@https://registry.npmjs.org/accepts/-/accepts-1.3.8.tgz 0ms (cache hit)
7632 http cache array-flatten@https://registry.npmjs.org/array-flatten/-/array-flatten-1.1.1.tgz 0ms (cache hit)
7633 http cache vary@https://registry.npmjs.org/vary/-/vary-1.1.2.tgz 0ms (cache hit)
7634 http cache on-headers@https://registry.npmjs.org/on-headers/-/on-headers-1.1.0.tgz 0ms (cache hit)
7635 http cache negotiator@https://registry.npmjs.org/negotiator/-/negotiator-0.6.4.tgz 0ms (cache hit)
7636 http cache multicast-dns@https://registry.npmjs.org/multicast-dns/-/multicast-dns-7.2.5.tgz 0ms (cache hit)
7637 http cache compressible@https://registry.npmjs.org/compressible/-/compressible-2.0.18.tgz 0ms (cache hit)
7638 http cache bytes@https://registry.npmjs.org/bytes/-/bytes-3.1.2.tgz 0ms (cache hit)
7639 http cache @types/send@https://registry.npmjs.org/@types/send/-/send-1.2.1.tgz 0ms (cache hit)
7640 http cache @types/http-errors@https://registry.npmjs.org/@types/http-errors/-/http-errors-2.0.5.tgz 0ms (cache hit)
7641 http cache @types/range-parser@https://registry.npmjs.org/@types/range-parser/-/range-parser-1.2.7.tgz 0ms (cache hit)
7642 http cache @types/body-parser@https://registry.npmjs.org/@types/body-parser/-/body-parser-1.19.6.tgz 0ms (cache hit)
7643 http cache @types/connect@https://registry.npmjs.org/@types/connect/-/connect-3.4.38.tgz 0ms (cache hit)
7644 http cache @types/qs@https://registry.npmjs.org/@types/qs/-/qs-6.15.1.tgz 0ms (cache hit)
7645 http cache @types/express-serve-static-core@https://registry.npmjs.org/@types/express-serve-static-core/-/express-serve-static-core-5.1.1.tgz 0ms (cache hit)
7646 http cache etag@https://registry.npmjs.org/etag/-/etag-1.8.1.tgz 0ms (cache hit)
7647 http cache webpack-dev-middleware@https://registry.npmjs.org/webpack-dev-middleware/-/webpack-dev-middleware-5.3.4.tgz 0ms (cache hit)
7648 http cache sockjs@https://registry.npmjs.org/sockjs/-/sockjs-0.3.24.tgz 0ms (cache hit)
7649 http cache selfsigned@https://registry.npmjs.org/selfsigned/-/selfsigned-2.4.1.tgz 0ms (cache hit)
7650 http cache serve-index@https://registry.npmjs.org/serve-index/-/serve-index-1.9.2.tgz 0ms (cache hit)
7651 http cache p-retry@https://registry.npmjs.org/p-retry/-/p-retry-4.6.2.tgz 0ms (cache hit)
7652 http cache ipaddr.js@https://registry.npmjs.org/ipaddr.js/-/ipaddr.js-2.4.0.tgz 0ms (cache hit)
7653 http cache express@https://registry.npmjs.org/express/-/express-4.22.2.tgz 0ms (cache hit)
7654 http cache http-proxy-middleware@https://registry.npmjs.org/http-proxy-middleware/-/http-proxy-middleware-2.0.10.tgz 0ms (cache hit)
7655 http cache colorette@https://registry.npmjs.org/colorette/-/colorette-2.0.20.tgz 0ms (cache hit)
7656 http cache default-gateway@https://registry.npmjs.org/default-gateway/-/default-gateway-6.0.3.tgz 0ms (cache hit)
7657 http cache compression@https://registry.npmjs.org/compression/-/compression-1.8.1.tgz 0ms (cache hit)
7658 http cache spdy@https://registry.npmjs.org/spdy/-/spdy-4.0.2.tgz 0ms (cache hit)
7659 http cache bonjour-service@https://registry.npmjs.org/bonjour-service/-/bonjour-service-1.4.2.tgz 0ms (cache hit)
7660 http cache connect-history-api-fallback@https://registry.npmjs.org/connect-history-api-fallback/-/connect-history-api-fallback-2.0.0.tgz 0ms (cache hit)
7661 http cache ansi-html-community@https://registry.npmjs.org/ansi-html-community/-/ansi-html-community-0.0.8.tgz 0ms (cache hit)
7662 http cache @types/serve-static@https://registry.npmjs.org/@types/serve-static/-/serve-static-1.15.10.tgz 0ms (cache hit)
7663 http cache launch-editor@https://registry.npmjs.org/launch-editor/-/launch-editor-2.14.1.tgz 0ms (cache hit)
7664 http cache @types/serve-index@https://registry.npmjs.org/@types/serve-index/-/serve-index-1.9.4.tgz 0ms (cache hit)
7665 http cache @types/connect-history-api-fallback@https://registry.npmjs.org/@types/connect-history-api-fallback/-/connect-history-api-fallback-1.5.4.tgz 0ms (cache hit)
7666 http cache @types/sockjs@https://registry.npmjs.org/@types/sockjs/-/sockjs-0.3.36.tgz 0ms (cache hit)
7667 http cache @types/bonjour@https://registry.npmjs.org/@types/bonjour/-/bonjour-3.5.13.tgz 0ms (cache hit)
7668 http cache @types/express@https://registry.npmjs.org/@types/express/-/express-4.17.25.tgz 0ms (cache hit)
7669 http cache @xtuc/ieee754@https://registry.npmjs.org/@xtuc/ieee754/-/ieee754-1.2.0.tgz 0ms (cache hit)
7670 http cache @webassemblyjs/utf8@https://registry.npmjs.org/@webassemblyjs/utf8/-/utf8-1.13.2.tgz 0ms (cache hit)
7671 http cache @webassemblyjs/wast-printer@https://registry.npmjs.org/@webassemblyjs/wast-printer/-/wast-printer-1.14.1.tgz 0ms (cache hit)
7672 http cache @webassemblyjs/ieee754@https://registry.npmjs.org/@webassemblyjs/ieee754/-/ieee754-1.13.2.tgz 0ms (cache hit)
7673 http cache @webassemblyjs/leb128@https://registry.npmjs.org/@webassemblyjs/leb128/-/leb128-1.13.2.tgz 0ms (cache hit)
7674 http cache @webassemblyjs/wasm-opt@https://registry.npmjs.org/@webassemblyjs/wasm-opt/-/wasm-opt-1.14.1.tgz 0ms (cache hit)
7675 http cache @types/ws@https://registry.npmjs.org/@types/ws/-/ws-8.18.1.tgz 0ms (cache hit)
7676 http cache @webassemblyjs/helper-wasm-section@https://registry.npmjs.org/@webassemblyjs/helper-wasm-section/-/helper-wasm-section-1.14.1.tgz 0ms (cache hit)
7677 http cache @webassemblyjs/wasm-gen@https://registry.npmjs.org/@webassemblyjs/wasm-gen/-/wasm-gen-1.14.1.tgz 0ms (cache hit)
7678 http cache @webassemblyjs/helper-buffer@https://registry.npmjs.org/@webassemblyjs/helper-buffer/-/helper-buffer-1.14.1.tgz 0ms (cache hit)
7679 http cache @xtuc/long@https://registry.npmjs.org/@xtuc/long/-/long-4.2.2.tgz 0ms (cache hit)
7680 http cache webpack-sources@https://registry.npmjs.org/webpack-sources/-/webpack-sources-3.5.0.tgz 0ms (cache hit)
7681 http cache @webassemblyjs/helper-api-error@https://registry.npmjs.org/@webassemblyjs/helper-api-error/-/helper-api-error-1.13.2.tgz 0ms (cache hit)
7682 http cache @webassemblyjs/floating-point-hex-parser@https://registry.npmjs.org/@webassemblyjs/floating-point-hex-parser/-/floating-point-hex-parser-1.13.2.tgz 0ms (cache hit)
7683 http cache @webassemblyjs/helper-wasm-bytecode@https://registry.npmjs.org/@webassemblyjs/helper-wasm-bytecode/-/helper-wasm-bytecode-1.13.2.tgz 0ms (cache hit)
7684 http cache @webassemblyjs/helper-numbers@https://registry.npmjs.org/@webassemblyjs/helper-numbers/-/helper-numbers-1.13.2.tgz 0ms (cache hit)
7685 http cache watchpack@https://registry.npmjs.org/watchpack/-/watchpack-2.5.2.tgz 0ms (cache hit)
7686 http cache minimizer-webpack-plugin@https://registry.npmjs.org/minimizer-webpack-plugin/-/minimizer-webpack-plugin-5.6.1.tgz 0ms (cache hit)
7687 http cache loader-runner@https://registry.npmjs.org/loader-runner/-/loader-runner-4.3.2.tgz 0ms (cache hit)
7688 http cache es-module-lexer@https://registry.npmjs.org/es-module-lexer/-/es-module-lexer-2.1.0.tgz 0ms (cache hit)
7689 http cache events@https://registry.npmjs.org/events/-/events-3.3.0.tgz 0ms (cache hit)
7690 http cache chrome-trace-event@https://registry.npmjs.org/chrome-trace-event/-/chrome-trace-event-1.0.4.tgz 0ms (cache hit)
7691 http cache acorn-import-phases@https://registry.npmjs.org/acorn-import-phases/-/acorn-import-phases-1.0.4.tgz 0ms (cache hit)
7692 http cache @webassemblyjs/wasm-parser@https://registry.npmjs.org/@webassemblyjs/wasm-parser/-/wasm-parser-1.14.1.tgz 0ms (cache hit)
7693 http cache enhanced-resolve@https://registry.npmjs.org/enhanced-resolve/-/enhanced-resolve-5.24.1.tgz 0ms (cache hit)
7694 http cache @webassemblyjs/wasm-edit@https://registry.npmjs.org/@webassemblyjs/wasm-edit/-/wasm-edit-1.14.1.tgz 0ms (cache hit)
7695 http cache tmpl@https://registry.npmjs.org/tmpl/-/tmpl-1.0.5.tgz 0ms (cache hit)
7696 http cache @webassemblyjs/ast@https://registry.npmjs.org/@webassemblyjs/ast/-/ast-1.14.1.tgz 0ms (cache hit)
7697 http cache d3-path@https://registry.npmjs.org/d3-path/-/d3-path-3.1.0.tgz 0ms (cache hit)
7698 http cache d3-time-format@https://registry.npmjs.org/d3-time-format/-/d3-time-format-4.1.0.tgz 0ms (cache hit)
7699 http cache d3-format@https://registry.npmjs.org/d3-format/-/d3-format-3.1.2.tgz 0ms (cache hit)
7700 http cache browser-process-hrtime@https://registry.npmjs.org/browser-process-hrtime/-/browser-process-hrtime-1.0.0.tgz 0ms (cache hit)
7701 http cache internmap@https://registry.npmjs.org/internmap/-/internmap-2.0.3.tgz 0ms (cache hit)
7702 http cache d3-color@https://registry.npmjs.org/d3-color/-/d3-color-3.1.0.tgz 0ms (cache hit)
7703 http cache @types/d3-path@https://registry.npmjs.org/@types/d3-path/-/d3-path-3.1.1.tgz 0ms (cache hit)
7704 http cache @types/d3-color@https://registry.npmjs.org/@types/d3-color/-/d3-color-3.1.3.tgz 0ms (cache hit)
7705 http cache d3-time@https://registry.npmjs.org/d3-time/-/d3-time-3.1.0.tgz 0ms (cache hit)
7706 http cache d3-shape@https://registry.npmjs.org/d3-shape/-/d3-shape-3.2.0.tgz 0ms (cache hit)
7707 http cache makeerror@https://registry.npmjs.org/makeerror/-/makeerror-1.0.12.tgz 0ms (cache hit)
7708 http cache d3-interpolate@https://registry.npmjs.org/d3-interpolate/-/d3-interpolate-3.0.1.tgz 0ms (cache hit)
7709 http cache d3-ease@https://registry.npmjs.org/d3-ease/-/d3-ease-3.0.1.tgz 0ms (cache hit)
7710 http cache d3-array@https://registry.npmjs.org/d3-array/-/d3-array-3.2.4.tgz 0ms (cache hit)
7711 http cache @types/d3-time@https://registry.npmjs.org/@types/d3-time/-/d3-time-3.0.4.tgz 0ms (cache hit)
7712 http cache @types/d3-timer@https://registry.npmjs.org/@types/d3-timer/-/d3-timer-3.0.2.tgz 0ms (cache hit)
7713 http cache @types/d3-shape@https://registry.npmjs.org/@types/d3-shape/-/d3-shape-3.1.8.tgz 0ms (cache hit)
7714 http cache d3-scale@https://registry.npmjs.org/d3-scale/-/d3-scale-4.0.2.tgz 0ms (cache hit)
7715 http cache @types/d3-interpolate@https://registry.npmjs.org/@types/d3-interpolate/-/d3-interpolate-3.0.4.tgz 0ms (cache hit)
7716 http cache @types/d3-array@https://registry.npmjs.org/@types/d3-array/-/d3-array-3.2.2.tgz 0ms (cache hit)
7717 http cache @types/d3-ease@https://registry.npmjs.org/@types/d3-ease/-/d3-ease-3.0.2.tgz 0ms (cache hit)
7718 http cache es-array-method-boxes-properly@https://registry.npmjs.org/es-array-method-boxes-properly/-/es-array-method-boxes-properly-1.0.0.tgz 0ms (cache hit)
7719 http cache array.prototype.reduce@https://registry.npmjs.org/array.prototype.reduce/-/array.prototype.reduce-1.0.8.tgz 0ms (cache hit)
7720 http cache d3-timer@https://registry.npmjs.org/d3-timer/-/d3-timer-3.0.1.tgz 0ms (cache hit)
7721 http cache detect-node-es@https://registry.npmjs.org/detect-node-es/-/detect-node-es-1.1.0.tgz 0ms (cache hit)
7722 http cache object.getownpropertydescriptors@https://registry.npmjs.org/object.getownpropertydescriptors/-/object.getownpropertydescriptors-2.1.9.tgz 0ms (cache hit)
7723 http cache requires-port@https://registry.npmjs.org/requires-port/-/requires-port-1.0.0.tgz 0ms (cache hit)
7724 http cache @types/d3-scale@https://registry.npmjs.org/@types/d3-scale/-/d3-scale-4.0.9.tgz 0ms (cache hit)
7725 http cache querystringify@https://registry.npmjs.org/querystringify/-/querystringify-2.2.0.tgz 0ms (cache hit)
7726 http cache escalade@https://registry.npmjs.org/escalade/-/escalade-3.2.0.tgz 0ms (cache hit)
7727 http cache unicode-canonical-property-names-ecmascript@https://registry.npmjs.org/unicode-canonical-property-names-ecmascript/-/unicode-canonical-property-names-ecmascript-2.0.1.tgz 0ms (cache hit)
7728 http cache unicode-property-aliases-ecmascript@https://registry.npmjs.org/unicode-property-aliases-ecmascript/-/unicode-property-aliases-ecmascript-2.2.0.tgz 0ms (cache hit)
7729 http cache which-boxed-primitive@https://registry.npmjs.org/which-boxed-primitive/-/which-boxed-primitive-1.1.1.tgz 0ms (cache hit)
7730 http cache has-bigints@https://registry.npmjs.org/has-bigints/-/has-bigints-1.1.0.tgz 0ms (cache hit)
7731 http cache which-builtin-type@https://registry.npmjs.org/which-builtin-type/-/which-builtin-type-1.2.1.tgz 0ms (cache hit)
7732 http cache reflect.getprototypeof@https://registry.npmjs.org/reflect.getprototypeof/-/reflect.getprototypeof-1.0.10.tgz 0ms (cache hit)
7733 http cache yn@https://registry.npmjs.org/yn/-/yn-3.1.1.tgz 0ms (cache hit)
7734 http cache v8-compile-cache-lib@https://registry.npmjs.org/v8-compile-cache-lib/-/v8-compile-cache-lib-3.0.1.tgz 0ms (cache hit)
7735 http cache for-each@https://registry.npmjs.org/for-each/-/for-each-0.3.5.tgz 0ms (cache hit)
7736 http cache @types/json5@https://registry.npmjs.org/@types/json5/-/json5-0.0.29.tgz 0ms (cache hit)
7737 http cache diff@https://registry.npmjs.org/diff/-/diff-4.0.4.tgz 0ms (cache hit)
7738 http cache @tsconfig/node16@https://registry.npmjs.org/@tsconfig/node16/-/node16-1.0.4.tgz 0ms (cache hit)
7739 http cache @tsconfig/node14@https://registry.npmjs.org/@tsconfig/node14/-/node14-1.0.3.tgz 0ms (cache hit)
7740 http cache make-error@https://registry.npmjs.org/make-error/-/make-error-1.3.6.tgz 0ms (cache hit)
7741 http cache @tsconfig/node12@https://registry.npmjs.org/@tsconfig/node12/-/node12-1.0.11.tgz 0ms (cache hit)
7742 http cache create-require@https://registry.npmjs.org/create-require/-/create-require-1.1.1.tgz 0ms (cache hit)
7743 http cache @tsconfig/node10@https://registry.npmjs.org/@tsconfig/node10/-/node10-1.0.12.tgz 0ms (cache hit)
7744 http cache punycode@https://registry.npmjs.org/punycode/-/punycode-2.3.1.tgz 0ms (cache hit)
7745 http cache url-parse@https://registry.npmjs.org/url-parse/-/url-parse-1.5.10.tgz 0ms (cache hit)
7746 http cache @cspotcode/source-map-support@https://registry.npmjs.org/@cspotcode/source-map-support/-/source-map-support-0.8.1.tgz 0ms (cache hit)
7747 http cache psl@https://registry.npmjs.org/psl/-/psl-1.15.0.tgz 0ms (cache hit)
7748 http cache thenify@https://registry.npmjs.org/thenify/-/thenify-3.3.1.tgz 0ms (cache hit)
7749 http cache fdir@https://registry.npmjs.org/fdir/-/fdir-6.5.0.tgz 0ms (cache hit)
7750 http cache @jridgewell/source-map@https://registry.npmjs.org/@jridgewell/source-map/-/source-map-0.3.11.tgz 0ms (cache hit)
7751 http cache is-number@https://registry.npmjs.org/is-number/-/is-number-7.0.0.tgz 0ms (cache hit)
7752 http cache supports-hyperlinks@https://registry.npmjs.org/supports-hyperlinks/-/supports-hyperlinks-2.3.0.tgz 0ms (cache hit)
7753 http cache any-promise@https://registry.npmjs.org/any-promise/-/any-promise-1.3.0.tgz 0ms (cache hit)
7754 http cache ts-interface-checker@https://registry.npmjs.org/ts-interface-checker/-/ts-interface-checker-0.1.13.tgz 0ms (cache hit)
7755 http cache thenify-all@https://registry.npmjs.org/thenify-all/-/thenify-all-1.6.0.tgz 0ms (cache hit)
7756 http cache tinyglobby@https://registry.npmjs.org/tinyglobby/-/tinyglobby-0.2.17.tgz 0ms (cache hit)
7757 http cache pify@https://registry.npmjs.org/pify/-/pify-2.3.0.tgz 0ms (cache hit)
7758 http cache camelcase-css@https://registry.npmjs.org/camelcase-css/-/camelcase-css-2.0.1.tgz 0ms (cache hit)
7759 http cache mz@https://registry.npmjs.org/mz/-/mz-2.7.0.tgz 0ms (cache hit)
7760 http cache read-cache@https://registry.npmjs.org/read-cache/-/read-cache-1.0.0.tgz 0ms (cache hit)
7761 http cache postcss-load-config@https://registry.npmjs.org/postcss-load-config/-/postcss-load-config-4.0.2.tgz 0ms (cache hit)
7762 http cache postcss-js@https://registry.npmjs.org/postcss-js/-/postcss-js-4.1.0.tgz 0ms (cache hit)
7763 http cache sucrase@https://registry.npmjs.org/sucrase/-/sucrase-3.35.1.tgz 0ms (cache hit)
7764 http cache postcss-nested@https://registry.npmjs.org/postcss-nested/-/postcss-nested-6.2.0.tgz 0ms (cache hit)
7765 http cache object-hash@https://registry.npmjs.org/object-hash/-/object-hash-3.0.0.tgz 0ms (cache hit)
7766 http cache didyoumean@https://registry.npmjs.org/didyoumean/-/didyoumean-1.2.2.tgz 0ms (cache hit)
7767 http cache dlv@https://registry.npmjs.org/dlv/-/dlv-1.1.3.tgz 0ms (cache hit)
7768 http cache jiti@https://registry.npmjs.org/jiti/-/jiti-1.21.7.tgz 0ms (cache hit)
7769 http cache arg@https://registry.npmjs.org/arg/-/arg-5.0.2.tgz 0ms (cache hit)
7770 http cache mdn-data@https://registry.npmjs.org/mdn-data/-/mdn-data-2.0.4.tgz 0ms (cache hit)
7771 http cache dequal@https://registry.npmjs.org/dequal/-/dequal-2.0.3.tgz 0ms (cache hit)
7772 http cache @alloc/quick-lru@https://registry.npmjs.org/@alloc/quick-lru/-/quick-lru-5.2.0.tgz 0ms (cache hit)
7773 http cache postcss-import@https://registry.npmjs.org/postcss-import/-/postcss-import-15.1.0.tgz 0ms (cache hit)
7774 http cache minimist@https://registry.npmjs.org/minimist/-/minimist-1.2.8.tgz 0ms (cache hit)
7775 http cache unquote@https://registry.npmjs.org/unquote/-/unquote-1.1.1.tgz 0ms (cache hit)
7776 http cache @types/q@https://registry.npmjs.org/@types/q/-/q-1.5.8.tgz 0ms (cache hit)
7777 http cache q@https://registry.npmjs.org/q/-/q-1.5.1.tgz 0ms (cache hit)
7778 http cache stable@https://registry.npmjs.org/stable/-/stable-0.1.8.tgz 0ms (cache hit)
7779 http cache sax@https://registry.npmjs.org/sax/-/sax-1.2.4.tgz 0ms (cache hit)
7780 http cache util.promisify@https://registry.npmjs.org/util.promisify/-/util.promisify-1.0.1.tgz 0ms (cache hit)
7781 http cache csso@https://registry.npmjs.org/csso/-/csso-4.2.0.tgz 0ms (cache hit)
7782 http cache css-tree@https://registry.npmjs.org/css-tree/-/css-tree-1.0.0-alpha.37.tgz 0ms (cache hit)
7783 http cache coa@https://registry.npmjs.org/coa/-/coa-2.0.2.tgz 0ms (cache hit)
7784 http cache css-select-base-adapter@https://registry.npmjs.org/css-select-base-adapter/-/css-select-base-adapter-0.1.1.tgz 0ms (cache hit)
7785 http cache mkdirp@https://registry.npmjs.org/mkdirp/-/mkdirp-0.5.6.tgz 0ms (cache hit)
7786 http cache char-regex@https://registry.npmjs.org/char-regex/-/char-regex-1.0.2.tgz 0ms (cache hit)
7787 http cache buffer-from@https://registry.npmjs.org/buffer-from/-/buffer-from-1.1.2.tgz 0ms (cache hit)
7788 http cache has-flag@https://registry.npmjs.org/has-flag/-/has-flag-4.0.0.tgz 0ms (cache hit)
7789 http cache iconv-lite@https://registry.npmjs.org/iconv-lite/-/iconv-lite-0.6.3.tgz 0ms (cache hit)
7790 http cache side-channel-weakmap@https://registry.npmjs.org/side-channel-weakmap/-/side-channel-weakmap-1.0.2.tgz 0ms (cache hit)
7791 http cache shebang-regex@https://registry.npmjs.org/shebang-regex/-/shebang-regex-3.0.0.tgz 0ms (cache hit)
7792 http cache safe-buffer@https://registry.npmjs.org/safe-buffer/-/safe-buffer-5.2.1.tgz 0ms (cache hit)
7793 http cache randombytes@https://registry.npmjs.org/randombytes/-/randombytes-2.1.0.tgz 0ms (cache hit)
7794 http cache side-channel-map@https://registry.npmjs.org/side-channel-map/-/side-channel-map-1.0.1.tgz 0ms (cache hit)
7795 http cache side-channel-list@https://registry.npmjs.org/side-channel-list/-/side-channel-list-1.0.1.tgz 0ms (cache hit)
7796 http cache ajv-formats@https://registry.npmjs.org/ajv-formats/-/ajv-formats-2.1.1.tgz 0ms (cache hit)
7797 http cache neo-async@https://registry.npmjs.org/neo-async/-/neo-async-2.6.2.tgz 0ms (cache hit)
7798 http cache ajv-keywords@https://registry.npmjs.org/ajv-keywords/-/ajv-keywords-5.1.0.tgz 0ms (cache hit)
7799 http cache xmlchars@https://registry.npmjs.org/xmlchars/-/xmlchars-2.2.0.tgz 0ms (cache hit)
7800 http cache queue-microtask@https://registry.npmjs.org/queue-microtask/-/queue-microtask-1.2.3.tgz 0ms (cache hit)
7801 http cache isarray@https://registry.npmjs.org/isarray/-/isarray-2.0.5.tgz 0ms (cache hit)
7802 http cache regex-parser@https://registry.npmjs.org/regex-parser/-/regex-parser-2.3.1.tgz 0ms (cache hit)
7803 http cache supports-preserve-symlinks-flag@https://registry.npmjs.org/supports-preserve-symlinks-flag/-/supports-preserve-symlinks-flag-1.0.0.tgz 0ms (cache hit)
7804 http cache adjust-sourcemap-loader@https://registry.npmjs.org/adjust-sourcemap-loader/-/adjust-sourcemap-loader-4.0.0.tgz 0ms (cache hit)
7805 http cache path-parse@https://registry.npmjs.org/path-parse/-/path-parse-1.0.7.tgz 0ms (cache hit)
7806 http cache entities@https://registry.npmjs.org/entities/-/entities-2.2.0.tgz 0ms (cache hit)
7807 http cache node-exports-info@https://registry.npmjs.org/node-exports-info/-/node-exports-info-1.6.2.tgz 0ms (cache hit)
7808 http cache utila@https://registry.npmjs.org/utila/-/utila-0.4.0.tgz 0ms (cache hit)
7809 http cache domelementtype@https://registry.npmjs.org/domelementtype/-/domelementtype-2.3.0.tgz 0ms (cache hit)
7810 http cache dom-serializer@https://registry.npmjs.org/dom-serializer/-/dom-serializer-1.4.1.tgz 0ms (cache hit)
7811 http cache nth-check@https://registry.npmjs.org/nth-check/-/nth-check-2.1.1.tgz 0ms (cache hit)
7812 http cache domhandler@https://registry.npmjs.org/domhandler/-/domhandler-4.3.1.tgz 0ms (cache hit)
7813 http cache boolbase@https://registry.npmjs.org/boolbase/-/boolbase-1.0.0.tgz 0ms (cache hit)
7814 http cache htmlparser2@https://registry.npmjs.org/htmlparser2/-/htmlparser2-6.1.0.tgz 0ms (cache hit)
7815 http cache dom-converter@https://registry.npmjs.org/dom-converter/-/dom-converter-0.2.0.tgz 0ms (cache hit)
7816 http cache css-select@https://registry.npmjs.org/css-select/-/css-select-4.3.0.tgz 0ms (cache hit)
7817 http cache css-what@https://registry.npmjs.org/css-what/-/css-what-6.2.2.tgz 0ms (cache hit)
7818 http cache unicode-match-property-value-ecmascript@https://registry.npmjs.org/unicode-match-property-value-ecmascript/-/unicode-match-property-value-ecmascript-2.2.1.tgz 0ms (cache hit)
7819 http cache unicode-match-property-ecmascript@https://registry.npmjs.org/unicode-match-property-ecmascript/-/unicode-match-property-ecmascript-2.0.0.tgz 0ms (cache hit)
7820 http cache regjsgen@https://registry.npmjs.org/regjsgen/-/regjsgen-0.8.0.tgz 0ms (cache hit)
7821 http cache regjsparser@https://registry.npmjs.org/regjsparser/-/regjsparser-0.13.2.tgz 0ms (cache hit)
7822 http cache regenerate-unicode-properties@https://registry.npmjs.org/regenerate-unicode-properties/-/regenerate-unicode-properties-10.2.2.tgz 0ms (cache hit)
7823 http cache regenerate@https://registry.npmjs.org/regenerate/-/regenerate-1.4.2.tgz 0ms (cache hit)
7824 http cache @types/use-sync-external-store@https://registry.npmjs.org/@types/use-sync-external-store/-/use-sync-external-store-0.0.6.tgz 0ms (cache hit)
7825 http cache redux@https://registry.npmjs.org/redux/-/redux-5.0.1.tgz 0ms (cache hit)
7826 http cache @standard-schema/spec@https://registry.npmjs.org/@standard-schema/spec/-/spec-1.1.0.tgz 0ms (cache hit)
7827 http cache victory-vendor@https://registry.npmjs.org/victory-vendor/-/victory-vendor-37.3.6.tgz 0ms (cache hit)
7828 http cache redux-thunk@https://registry.npmjs.org/redux-thunk/-/redux-thunk-3.1.0.tgz 0ms (cache hit)
7829 http cache reselect@https://registry.npmjs.org/reselect/-/reselect-5.1.1.tgz 0ms (cache hit)
7830 http cache es-toolkit@https://registry.npmjs.org/es-toolkit/-/es-toolkit-1.48.1.tgz 0ms (cache hit)
7831 http cache eventemitter3@https://registry.npmjs.org/eventemitter3/-/eventemitter3-5.0.4.tgz 0ms (cache hit)
7832 http cache react-redux@https://registry.npmjs.org/react-redux/-/react-redux-9.3.0.tgz 0ms (cache hit)
7833 http cache decimal.js-light@https://registry.npmjs.org/decimal.js-light/-/decimal.js-light-2.5.1.tgz 0ms (cache hit)
7834 http cache tiny-invariant@https://registry.npmjs.org/tiny-invariant/-/tiny-invariant-1.3.3.tgz 0ms (cache hit)
7835 http cache safer-buffer@https://registry.npmjs.org/safer-buffer/-/safer-buffer-2.1.2.tgz 0ms (cache hit)
7836 http cache get-nonce@https://registry.npmjs.org/get-nonce/-/get-nonce-1.0.1.tgz 0ms (cache hit)
7837 http cache @reduxjs/toolkit@https://registry.npmjs.org/@reduxjs/toolkit/-/toolkit-2.12.0.tgz 0ms (cache hit)
7838 http cache is-wsl@https://registry.npmjs.org/is-wsl/-/is-wsl-2.2.0.tgz 0ms (cache hit)
7839 http cache define-lazy-prop@https://registry.npmjs.org/define-lazy-prop/-/define-lazy-prop-2.0.0.tgz 0ms (cache hit)
7840 http cache fs-monkey@https://registry.npmjs.org/fs-monkey/-/fs-monkey-1.1.0.tgz 0ms (cache hit)
7841 http cache is-docker@https://registry.npmjs.org/is-docker/-/is-docker-2.2.1.tgz 0ms (cache hit)
7842 http cache binary-extensions@https://registry.npmjs.org/binary-extensions/-/binary-extensions-2.3.0.tgz 0ms (cache hit)
7843 http cache duplexer@https://registry.npmjs.org/duplexer/-/duplexer-0.1.2.tgz 0ms (cache hit)
7844 http cache kind-of@https://registry.npmjs.org/kind-of/-/kind-of-6.0.3.tgz 0ms (cache hit)
7845 http cache ini@https://registry.npmjs.org/ini/-/ini-1.3.8.tgz 0ms (cache hit)
7846 http cache global-prefix@https://registry.npmjs.org/global-prefix/-/global-prefix-3.0.0.tgz 0ms (cache hit)
7847 http cache readdirp@https://registry.npmjs.org/readdirp/-/readdirp-3.6.0.tgz 0ms (cache hit)
7848 http cache is-binary-path@https://registry.npmjs.org/is-binary-path/-/is-binary-path-2.1.0.tgz 0ms (cache hit)
7849 http cache chokidar@https://registry.npmjs.org/chokidar/-/chokidar-3.6.0.tgz 0ms (cache hit)
7850 http cache memfs@https://registry.npmjs.org/memfs/-/memfs-3.5.3.tgz 0ms (cache hit)
7851 http cache shell-quote@https://registry.npmjs.org/shell-quote/-/shell-quote-1.9.0.tgz 0ms (cache hit)
7852 http cache recursive-readdir@https://registry.npmjs.org/recursive-readdir/-/recursive-readdir-2.2.3.tgz 0ms (cache hit)
7853 http cache text-table@https://registry.npmjs.org/text-table/-/text-table-0.2.0.tgz 0ms (cache hit)
7854 http cache pkg-up@https://registry.npmjs.org/pkg-up/-/pkg-up-3.1.0.tgz 0ms (cache hit)
7855 http cache react-error-overlay@https://registry.npmjs.org/react-error-overlay/-/react-error-overlay-6.1.0.tgz 0ms (cache hit)
7856 http cache open@https://registry.npmjs.org/open/-/open-8.4.2.tgz 0ms (cache hit)
7857 http cache is-root@https://registry.npmjs.org/is-root/-/is-root-2.1.0.tgz 0ms (cache hit)
7858 http cache immer@https://registry.npmjs.org/immer/-/immer-9.0.21.tgz 0ms (cache hit)
7859 http cache gzip-size@https://registry.npmjs.org/gzip-size/-/gzip-size-6.0.0.tgz 0ms (cache hit)
7860 http cache fork-ts-checker-webpack-plugin@https://registry.npmjs.org/fork-ts-checker-webpack-plugin/-/fork-ts-checker-webpack-plugin-6.5.3.tgz 0ms (cache hit)
7861 http cache filesize@https://registry.npmjs.org/filesize/-/filesize-8.0.7.tgz 0ms (cache hit)
7862 http cache global-modules@https://registry.npmjs.org/global-modules/-/global-modules-2.0.0.tgz 0ms (cache hit)
7863 http cache detect-port-alt@https://registry.npmjs.org/detect-port-alt/-/detect-port-alt-1.1.6.tgz 0ms (cache hit)
7864 http cache asap@https://registry.npmjs.org/asap/-/asap-2.0.6.tgz 0ms (cache hit)
7865 http cache address@https://registry.npmjs.org/address/-/address-1.2.2.tgz 0ms (cache hit)
7866 http cache performance-now@https://registry.npmjs.org/performance-now/-/performance-now-2.1.0.tgz 0ms (cache hit)
7867 http cache whatwg-fetch@https://registry.npmjs.org/whatwg-fetch/-/whatwg-fetch-3.6.20.tgz 0ms (cache hit)
7868 http cache regenerator-runtime@https://registry.npmjs.org/regenerator-runtime/-/regenerator-runtime-0.13.11.tgz 0ms (cache hit)
7869 http cache raf@https://registry.npmjs.org/raf/-/raf-3.4.1.tgz 0ms (cache hit)
7870 http cache promise@https://registry.npmjs.org/promise/-/promise-8.3.0.tgz 0ms (cache hit)
7871 http cache core-js@https://registry.npmjs.org/core-js/-/core-js-3.49.0.tgz 0ms (cache hit)
7872 http cache sisteransi@https://registry.npmjs.org/sisteransi/-/sisteransi-1.0.5.tgz 0ms (cache hit)
7873 http cache kleur@https://registry.npmjs.org/kleur/-/kleur-3.0.3.tgz 0ms (cache hit)
7874 http cache ansi-regex@https://registry.npmjs.org/ansi-regex/-/ansi-regex-5.0.1.tgz 0ms (cache hit)
7875 http cache renderkid@https://registry.npmjs.org/renderkid/-/renderkid-3.0.0.tgz 0ms (cache hit)
7876 http cache util-deprecate@https://registry.npmjs.org/util-deprecate/-/util-deprecate-1.0.2.tgz 0ms (cache hit)
7877 http cache cssesc@https://registry.npmjs.org/cssesc/-/cssesc-3.0.0.tgz 0ms (cache hit)
7878 http cache postcss-selector-not@https://registry.npmjs.org/postcss-selector-not/-/postcss-selector-not-6.0.1.tgz 0ms (cache hit)
7879 http cache @csstools/selector-specificity@https://registry.npmjs.org/@csstools/selector-specificity/-/selector-specificity-2.2.0.tgz 0ms (cache hit)
7880 http cache postcss-replace-overflow-wrap@https://registry.npmjs.org/postcss-replace-overflow-wrap/-/postcss-replace-overflow-wrap-4.0.0.tgz 0ms (cache hit)
7881 http cache postcss-pseudo-class-any-link@https://registry.npmjs.org/postcss-pseudo-class-any-link/-/postcss-pseudo-class-any-link-7.1.6.tgz 0ms (cache hit)
7882 http cache postcss-place@https://registry.npmjs.org/postcss-place/-/postcss-place-7.0.5.tgz 0ms (cache hit)
7883 http cache postcss-page-break@https://registry.npmjs.org/postcss-page-break/-/postcss-page-break-3.0.4.tgz 0ms (cache hit)
7884 http cache postcss-overflow-shorthand@https://registry.npmjs.org/postcss-overflow-shorthand/-/postcss-overflow-shorthand-3.0.4.tgz 0ms (cache hit)
7885 http cache postcss-opacity-percentage@https://registry.npmjs.org/postcss-opacity-percentage/-/postcss-opacity-percentage-1.1.3.tgz 0ms (cache hit)
7886 http cache postcss-logical@https://registry.npmjs.org/postcss-logical/-/postcss-logical-5.0.4.tgz 0ms (cache hit)
7887 http cache postcss-nesting@https://registry.npmjs.org/postcss-nesting/-/postcss-nesting-10.2.0.tgz 0ms (cache hit)
7888 http cache postcss-media-minmax@https://registry.npmjs.org/postcss-media-minmax/-/postcss-media-minmax-5.0.0.tgz 0ms (cache hit)
7889 http cache postcss-initial@https://registry.npmjs.org/postcss-initial/-/postcss-initial-4.0.1.tgz 0ms (cache hit)
7890 http cache postcss-lab-function@https://registry.npmjs.org/postcss-lab-function/-/postcss-lab-function-4.2.1.tgz 0ms (cache hit)
7891 http cache postcss-image-set-function@https://registry.npmjs.org/postcss-image-set-function/-/postcss-image-set-function-4.0.7.tgz 0ms (cache hit)
7892 http cache postcss-font-variant@https://registry.npmjs.org/postcss-font-variant/-/postcss-font-variant-5.0.0.tgz 0ms (cache hit)
7893 http cache postcss-focus-within@https://registry.npmjs.org/postcss-focus-within/-/postcss-focus-within-5.0.4.tgz 0ms (cache hit)
7894 http cache postcss-env-function@https://registry.npmjs.org/postcss-env-function/-/postcss-env-function-4.0.6.tgz 0ms (cache hit)
7895 http cache domutils@https://registry.npmjs.org/domutils/-/domutils-2.8.0.tgz 0ms (cache hit)
7896 http cache postcss-dir-pseudo-class@https://registry.npmjs.org/postcss-dir-pseudo-class/-/postcss-dir-pseudo-class-6.0.5.tgz 0ms (cache hit)
7897 http cache postcss-double-position-gradients@https://registry.npmjs.org/postcss-double-position-gradients/-/postcss-double-position-gradients-3.1.2.tgz 0ms (cache hit)
7898 http cache postcss-focus-visible@https://registry.npmjs.org/postcss-focus-visible/-/postcss-focus-visible-6.0.4.tgz 0ms (cache hit)
7899 http cache postcss-custom-properties@https://registry.npmjs.org/postcss-custom-properties/-/postcss-custom-properties-12.1.11.tgz 0ms (cache hit)
7900 http cache postcss-custom-selectors@https://registry.npmjs.org/postcss-custom-selectors/-/postcss-custom-selectors-6.0.3.tgz 0ms (cache hit)
7901 http cache postcss-custom-media@https://registry.npmjs.org/postcss-custom-media/-/postcss-custom-media-8.0.2.tgz 0ms (cache hit)
7902 http cache postcss-color-rebeccapurple@https://registry.npmjs.org/postcss-color-rebeccapurple/-/postcss-color-rebeccapurple-7.1.1.tgz 0ms (cache hit)
7903 http cache postcss-color-hex-alpha@https://registry.npmjs.org/postcss-color-hex-alpha/-/postcss-color-hex-alpha-8.0.4.tgz 0ms (cache hit)
7904 http cache postcss-clamp@https://registry.npmjs.org/postcss-clamp/-/postcss-clamp-4.1.0.tgz 0ms (cache hit)
7905 http cache postcss-color-functional-notation@https://registry.npmjs.org/postcss-color-functional-notation/-/postcss-color-functional-notation-4.2.4.tgz 0ms (cache hit)
7906 http cache postcss-gap-properties@https://registry.npmjs.org/postcss-gap-properties/-/postcss-gap-properties-3.0.5.tgz 0ms (cache hit)
7907 http cache cssdb@https://registry.npmjs.org/cssdb/-/cssdb-7.11.2.tgz 0ms (cache hit)
7908 http cache postcss-attribute-case-insensitive@https://registry.npmjs.org/postcss-attribute-case-insensitive/-/postcss-attribute-case-insensitive-5.0.2.tgz 0ms (cache hit)
7909 http cache css-prefers-color-scheme@https://registry.npmjs.org/css-prefers-color-scheme/-/css-prefers-color-scheme-6.0.3.tgz 0ms (cache hit)
7910 http cache @csstools/postcss-unset-value@https://registry.npmjs.org/@csstools/postcss-unset-value/-/postcss-unset-value-1.0.2.tgz 0ms (cache hit)
7911 http cache css-blank-pseudo@https://registry.npmjs.org/css-blank-pseudo/-/css-blank-pseudo-3.0.3.tgz 0ms (cache hit)
7912 http cache @csstools/postcss-trigonometric-functions@https://registry.npmjs.org/@csstools/postcss-trigonometric-functions/-/postcss-trigonometric-functions-1.0.2.tgz 0ms (cache hit)
7913 http cache css-has-pseudo@https://registry.npmjs.org/css-has-pseudo/-/css-has-pseudo-3.0.4.tgz 0ms (cache hit)
7914 http cache @csstools/postcss-progressive-custom-properties@https://registry.npmjs.org/@csstools/postcss-progressive-custom-properties/-/postcss-progressive-custom-properties-1.3.0.tgz 0ms (cache hit)
7915 http cache @csstools/postcss-stepped-value-functions@https://registry.npmjs.org/@csstools/postcss-stepped-value-functions/-/postcss-stepped-value-functions-1.0.1.tgz 0ms (cache hit)
7916 http cache @csstools/postcss-text-decoration-shorthand@https://registry.npmjs.org/@csstools/postcss-text-decoration-shorthand/-/postcss-text-decoration-shorthand-1.0.0.tgz 0ms (cache hit)
7917 http cache @csstools/postcss-oklab-function@https://registry.npmjs.org/@csstools/postcss-oklab-function/-/postcss-oklab-function-1.1.1.tgz 0ms (cache hit)
7918 http cache @csstools/postcss-normalize-display-values@https://registry.npmjs.org/@csstools/postcss-normalize-display-values/-/postcss-normalize-display-values-1.0.1.tgz 0ms (cache hit)
7919 http cache @csstools/postcss-nested-calc@https://registry.npmjs.org/@csstools/postcss-nested-calc/-/postcss-nested-calc-1.0.0.tgz 0ms (cache hit)
7920 http cache @csstools/postcss-is-pseudo-class@https://registry.npmjs.org/@csstools/postcss-is-pseudo-class/-/postcss-is-pseudo-class-2.0.7.tgz 0ms (cache hit)
7921 http cache @csstools/postcss-ic-unit@https://registry.npmjs.org/@csstools/postcss-ic-unit/-/postcss-ic-unit-1.0.1.tgz 0ms (cache hit)
7922 http cache @csstools/postcss-font-format-keywords@https://registry.npmjs.org/@csstools/postcss-font-format-keywords/-/postcss-font-format-keywords-1.0.1.tgz 0ms (cache hit)
7923 http cache @csstools/postcss-cascade-layers@https://registry.npmjs.org/@csstools/postcss-cascade-layers/-/postcss-cascade-layers-1.1.1.tgz 0ms (cache hit)
7924 http cache @csstools/postcss-color-function@https://registry.npmjs.org/@csstools/postcss-color-function/-/postcss-color-function-1.1.1.tgz 0ms (cache hit)
7925 http cache normalize-url@https://registry.npmjs.org/normalize-url/-/normalize-url-6.1.0.tgz 0ms (cache hit)
7926 http cache postcss-browser-comments@https://registry.npmjs.org/postcss-browser-comments/-/postcss-browser-comments-4.0.0.tgz 0ms (cache hit)
7927 http cache sanitize.css@https://registry.npmjs.org/sanitize.css/-/sanitize.css-13.0.0.tgz 0ms (cache hit)
7928 http cache @csstools/normalize.css@https://registry.npmjs.org/@csstools/normalize.css/-/normalize.css-12.1.1.tgz 0ms (cache hit)
7929 http cache stylehacks@https://registry.npmjs.org/stylehacks/-/stylehacks-5.1.1.tgz 0ms (cache hit)
7930 http cache lodash.uniq@https://registry.npmjs.org/lodash.uniq/-/lodash.uniq-4.5.0.tgz 0ms (cache hit)
7931 http cache klona@https://registry.npmjs.org/klona/-/klona-2.0.6.tgz 0ms (cache hit)
7932 http cache lodash.memoize@https://registry.npmjs.org/lodash.memoize/-/lodash.memoize-4.1.2.tgz 0ms (cache hit)
7933 http cache postcss-selector-parser@https://registry.npmjs.org/postcss-selector-parser/-/postcss-selector-parser-6.1.4.tgz 0ms (cache hit)
7934 http cache lower-case@https://registry.npmjs.org/lower-case/-/lower-case-2.0.2.tgz 0ms (cache hit)
7935 http cache caniuse-api@https://registry.npmjs.org/caniuse-api/-/caniuse-api-3.0.0.tgz 0ms (cache hit)
7936 http cache colord@https://registry.npmjs.org/colord/-/colord-2.9.3.tgz 0ms (cache hit)
7937 http cache no-case@https://registry.npmjs.org/no-case/-/no-case-3.0.4.tgz 0ms (cache hit)
7938 http cache mimic-fn@https://registry.npmjs.org/mimic-fn/-/mimic-fn-2.1.0.tgz 0ms (cache hit)
7939 http cache to-regex-range@https://registry.npmjs.org/to-regex-range/-/to-regex-range-5.0.1.tgz 0ms (cache hit)
7940 http cache braces@https://registry.npmjs.org/braces/-/braces-3.0.3.tgz 0ms (cache hit)
7941 http cache dot-case@https://registry.npmjs.org/dot-case/-/dot-case-3.0.4.tgz 0ms (cache hit)
7942 http cache yallist@https://registry.npmjs.org/yallist/-/yallist-3.1.1.tgz 0ms (cache hit)
7943 http cache fill-range@https://registry.npmjs.org/fill-range/-/fill-range-7.1.1.tgz 0ms (cache hit)
7944 http cache emojis-list@https://registry.npmjs.org/emojis-list/-/emojis-list-3.0.0.tgz 0ms (cache hit)
7945 http cache underscore@https://registry.npmjs.org/underscore/-/underscore-1.13.6.tgz 0ms (cache hit)
7946 http cache big.js@https://registry.npmjs.org/big.js/-/big.js-5.2.2.tgz 0ms (cache hit)
7947 http cache agent-base@https://registry.npmjs.org/agent-base/-/agent-base-6.0.2.tgz 0ms (cache hit)
7948 http cache @tootallnate/once@https://registry.npmjs.org/@tootallnate/once/-/once-1.1.2.tgz 0ms (cache hit)
7949 http cache static-eval@https://registry.npmjs.org/static-eval/-/static-eval-2.1.1.tgz 0ms (cache hit)
7950 http cache esprima@https://registry.npmjs.org/esprima/-/esprima-4.0.1.tgz 0ms (cache hit)
7951 http cache xml-name-validator@https://registry.npmjs.org/xml-name-validator/-/xml-name-validator-3.0.0.tgz 0ms (cache hit)
7952 http cache @csstools/postcss-hwb-function@https://registry.npmjs.org/@csstools/postcss-hwb-function/-/postcss-hwb-function-1.0.2.tgz 0ms (cache hit)
7953 http cache ws@https://registry.npmjs.org/ws/-/ws-7.5.11.tgz 0ms (cache hit)
7954 http cache whatwg-mimetype@https://registry.npmjs.org/whatwg-mimetype/-/whatwg-mimetype-2.3.0.tgz 0ms (cache hit)
7955 http cache whatwg-url@https://registry.npmjs.org/whatwg-url/-/whatwg-url-8.7.0.tgz 0ms (cache hit)
7956 http cache whatwg-encoding@https://registry.npmjs.org/whatwg-encoding/-/whatwg-encoding-1.0.5.tgz 0ms (cache hit)
7957 http cache w3c-hr-time@https://registry.npmjs.org/w3c-hr-time/-/w3c-hr-time-1.0.2.tgz 0ms (cache hit)
7958 http cache webidl-conversions@https://registry.npmjs.org/webidl-conversions/-/webidl-conversions-6.1.0.tgz 0ms (cache hit)
7959 http cache w3c-xmlserializer@https://registry.npmjs.org/w3c-xmlserializer/-/w3c-xmlserializer-2.0.0.tgz 0ms (cache hit)
7960 http cache tough-cookie@https://registry.npmjs.org/tough-cookie/-/tough-cookie-4.1.4.tgz 0ms (cache hit)
7961 http cache symbol-tree@https://registry.npmjs.org/symbol-tree/-/symbol-tree-3.2.4.tgz 0ms (cache hit)
7962 http cache saxes@https://registry.npmjs.org/saxes/-/saxes-5.0.1.tgz 0ms (cache hit)
7963 http cache https-proxy-agent@https://registry.npmjs.org/https-proxy-agent/-/https-proxy-agent-5.0.1.tgz 0ms (cache hit)
7964 http cache parse5@https://registry.npmjs.org/parse5/-/parse5-6.0.1.tgz 0ms (cache hit)
7965 http cache acorn-walk@https://registry.npmjs.org/acorn-walk/-/acorn-walk-7.2.0.tgz 0ms (cache hit)
7966 http cache escodegen@https://registry.npmjs.org/escodegen/-/escodegen-2.1.0.tgz 0ms (cache hit)
7967 http cache html-encoding-sniffer@https://registry.npmjs.org/html-encoding-sniffer/-/html-encoding-sniffer-2.0.1.tgz 0ms (cache hit)
7968 http cache http-proxy-agent@https://registry.npmjs.org/http-proxy-agent/-/http-proxy-agent-4.0.1.tgz 0ms (cache hit)
7969 http cache domexception@https://registry.npmjs.org/domexception/-/domexception-2.0.1.tgz 0ms (cache hit)
7970 http cache is-potential-custom-element-name@https://registry.npmjs.org/is-potential-custom-element-name/-/is-potential-custom-element-name-1.0.1.tgz 0ms (cache hit)
7971 http cache decimal.js@https://registry.npmjs.org/decimal.js/-/decimal.js-10.6.0.tgz 0ms (cache hit)
7972 http cache data-urls@https://registry.npmjs.org/data-urls/-/data-urls-2.0.0.tgz 0ms (cache hit)
7973 http cache cssom@https://registry.npmjs.org/cssom/-/cssom-0.4.4.tgz 0ms (cache hit)
7974 http cache acorn-globals@https://registry.npmjs.org/acorn-globals/-/acorn-globals-6.0.0.tgz 0ms (cache hit)
7975 http cache nwsapi@https://registry.npmjs.org/nwsapi/-/nwsapi-2.2.24.tgz 0ms (cache hit)
7976 http cache abab@https://registry.npmjs.org/abab/-/abab-2.0.6.tgz 0ms (cache hit)
7977 http cache leven@https://registry.npmjs.org/leven/-/leven-3.1.0.tgz 0ms (cache hit)
7978 http cache @types/prettier@https://registry.npmjs.org/@types/prettier/-/prettier-2.7.3.tgz 0ms (cache hit)
7979 http cache @jest/globals@https://registry.npmjs.org/@jest/globals/-/globals-27.5.1.tgz 0ms (cache hit)
7980 http cache detect-newline@https://registry.npmjs.org/detect-newline/-/detect-newline-3.1.0.tgz 0ms (cache hit)
7981 http cache strip-bom@https://registry.npmjs.org/strip-bom/-/strip-bom-4.0.0.tgz 0ms (cache hit)
7982 http cache cjs-module-lexer@https://registry.npmjs.org/cjs-module-lexer/-/cjs-module-lexer-1.4.3.tgz 0ms (cache hit)
7983 http cache source-map-support@https://registry.npmjs.org/source-map-support/-/source-map-support-0.5.21.tgz 0ms (cache hit)
7984 http cache jest-leak-detector@https://registry.npmjs.org/jest-leak-detector/-/jest-leak-detector-27.5.1.tgz 0ms (cache hit)
7985 http cache resolve.exports@https://registry.npmjs.org/resolve.exports/-/resolve.exports-1.1.1.tgz 0ms (cache hit)
7986 http cache jest-pnp-resolver@https://registry.npmjs.org/jest-pnp-resolver/-/jest-pnp-resolver-1.2.3.tgz 0ms (cache hit)
7987 http cache @types/stack-utils@https://registry.npmjs.org/@types/stack-utils/-/stack-utils-2.0.3.tgz 0ms (cache hit)
7988 http cache jest-docblock@https://registry.npmjs.org/jest-docblock/-/jest-docblock-27.5.1.tgz 0ms (cache hit)
7989 http cache cssstyle@https://registry.npmjs.org/cssstyle/-/cssstyle-2.3.0.tgz 0ms (cache hit)
7990 http cache diff-sequences@https://registry.npmjs.org/diff-sequences/-/diff-sequences-27.5.1.tgz 0ms (cache hit)
7991 http cache bser@https://registry.npmjs.org/bser/-/bser-2.1.1.tgz 0ms (cache hit)
7992 http cache @jest/source-map@https://registry.npmjs.org/@jest/source-map/-/source-map-27.5.1.tgz 0ms (cache hit)
7993 http cache node-int64@https://registry.npmjs.org/node-int64/-/node-int64-0.4.0.tgz 0ms (cache hit)
7994 http cache picomatch@https://registry.npmjs.org/picomatch/-/picomatch-2.3.2.tgz 0ms (cache hit)
7995 http cache walker@https://registry.npmjs.org/walker/-/walker-1.0.8.tgz 0ms (cache hit)
7996 http cache jest-serializer@https://registry.npmjs.org/jest-serializer/-/jest-serializer-27.5.1.tgz 0ms (cache hit)
7997 http cache fb-watchman@https://registry.npmjs.org/fb-watchman/-/fb-watchman-2.0.2.tgz 0ms (cache hit)
7998 http cache anymatch@https://registry.npmjs.org/anymatch/-/anymatch-3.1.3.tgz 0ms (cache hit)
7999 http cache jsdom@https://registry.npmjs.org/jsdom/-/jsdom-16.7.0.tgz 0ms (cache hit)
8000 http cache jest-diff@https://registry.npmjs.org/jest-diff/-/jest-diff-27.5.1.tgz 0ms (cache hit)
8001 http cache @types/graceful-fs@https://registry.npmjs.org/@types/graceful-fs/-/graceful-fs-4.1.9.tgz 0ms (cache hit)
8002 http cache @sinonjs/fake-timers@https://registry.npmjs.org/@sinonjs/fake-timers/-/fake-timers-8.1.0.tgz 0ms (cache hit)
8003 http cache jest-mock@https://registry.npmjs.org/jest-mock/-/jest-mock-27.5.1.tgz 0ms (cache hit)
8004 http cache @sinonjs/commons@https://registry.npmjs.org/@sinonjs/commons/-/commons-1.8.6.tgz 0ms (cache hit)
8005 http cache @jest/fake-timers@https://registry.npmjs.org/@jest/fake-timers/-/fake-timers-27.5.1.tgz 0ms (cache hit)
8006 http cache stack-utils@https://registry.npmjs.org/stack-utils/-/stack-utils-2.0.6.tgz 0ms (cache hit)
8007 http cache is-generator-fn@https://registry.npmjs.org/is-generator-fn/-/is-generator-fn-2.1.0.tgz 0ms (cache hit)
8008 http cache dedent@https://registry.npmjs.org/dedent/-/dedent-0.7.0.tgz 0ms (cache hit)
8009 http cache expect@https://registry.npmjs.org/expect/-/expect-27.5.1.tgz 0ms (cache hit)
8010 http cache co@https://registry.npmjs.org/co/-/co-4.6.0.tgz 0ms (cache hit)
8011 http cache jest-matcher-utils@https://registry.npmjs.org/jest-matcher-utils/-/jest-matcher-utils-27.5.1.tgz 0ms (cache hit)
8012 http cache @jest/environment@https://registry.npmjs.org/@jest/environment/-/environment-27.5.1.tgz 0ms (cache hit)
8013 http cache jest-jasmine2@https://registry.npmjs.org/jest-jasmine2/-/jest-jasmine2-27.5.1.tgz 0ms (cache hit)
8014 http cache pretty-format@https://registry.npmjs.org/pretty-format/-/pretty-format-27.5.1.tgz 0ms (cache hit)
8015 http cache jest-each@https://registry.npmjs.org/jest-each/-/jest-each-27.5.1.tgz 0ms (cache hit)
8016 http cache jest-environment-node@https://registry.npmjs.org/jest-environment-node/-/jest-environment-node-27.5.1.tgz 0ms (cache hit)
8017 http cache jest-get-type@https://registry.npmjs.org/jest-get-type/-/jest-get-type-27.5.1.tgz 0ms (cache hit)
8018 http cache jest-environment-jsdom@https://registry.npmjs.org/jest-environment-jsdom/-/jest-environment-jsdom-27.5.1.tgz 0ms (cache hit)
8019 http cache @jest/test-sequencer@https://registry.npmjs.org/@jest/test-sequencer/-/test-sequencer-27.5.1.tgz 0ms (cache hit)
8020 http cache type-detect@https://registry.npmjs.org/type-detect/-/type-detect-4.0.8.tgz 0ms (cache hit)
8021 http cache yargs@https://registry.npmjs.org/yargs/-/yargs-16.2.2.tgz 0ms (cache hit)
8022 http cache signal-exit@https://registry.npmjs.org/signal-exit/-/signal-exit-3.0.7.tgz 0ms (cache hit)
8023 http cache onetime@https://registry.npmjs.org/onetime/-/onetime-5.1.2.tgz 0ms (cache hit)
8024 http cache npm-run-path@https://registry.npmjs.org/npm-run-path/-/npm-run-path-4.0.1.tgz 0ms (cache hit)
8025 http cache strip-final-newline@https://registry.npmjs.org/strip-final-newline/-/strip-final-newline-2.0.0.tgz 0ms (cache hit)
8026 http cache merge-stream@https://registry.npmjs.org/merge-stream/-/merge-stream-2.0.0.tgz 0ms (cache hit)
8027 http cache human-signals@https://registry.npmjs.org/human-signals/-/human-signals-2.1.0.tgz 0ms (cache hit)
8028 http cache get-stream@https://registry.npmjs.org/get-stream/-/get-stream-6.0.1.tgz 0ms (cache hit)
8029 http cache is-stream@https://registry.npmjs.org/is-stream/-/is-stream-2.0.1.tgz 0ms (cache hit)
8030 http cache execa@https://registry.npmjs.org/execa/-/execa-5.1.1.tgz 0ms (cache hit)
8031 http cache wrappy@https://registry.npmjs.org/wrappy/-/wrappy-1.0.2.tgz 0ms (cache hit)
8032 http cache throat@https://registry.npmjs.org/throat/-/throat-6.0.2.tgz 0ms (cache hit)
8033 http cache html-escaper@https://registry.npmjs.org/html-escaper/-/html-escaper-2.0.2.tgz 0ms (cache hit)
8034 http cache resolve-cwd@https://registry.npmjs.org/resolve-cwd/-/resolve-cwd-3.0.0.tgz 0ms (cache hit)
8035 http cache inherits@https://registry.npmjs.org/inherits/-/inherits-2.0.4.tgz 0ms (cache hit)
8036 http cache path-is-absolute@https://registry.npmjs.org/path-is-absolute/-/path-is-absolute-1.0.1.tgz 0ms (cache hit)
8037 http cache ci-info@https://registry.npmjs.org/ci-info/-/ci-info-3.9.0.tgz 0ms (cache hit)
8038 http cache inflight@https://registry.npmjs.org/inflight/-/inflight-1.0.6.tgz 0ms (cache hit)
8039 http cache type-fest@https://registry.npmjs.org/type-fest/-/type-fest-0.21.3.tgz 0ms (cache hit)
8040 http cache fs.realpath@https://registry.npmjs.org/fs.realpath/-/fs.realpath-1.0.0.tgz 0ms (cache hit)
8041 http cache v8-to-istanbul@https://registry.npmjs.org/v8-to-istanbul/-/v8-to-istanbul-8.1.1.tgz 0ms (cache hit)
8042 http cache terminal-link@https://registry.npmjs.org/terminal-link/-/terminal-link-2.1.1.tgz 0ms (cache hit)
8043 http cache string-length@https://registry.npmjs.org/string-length/-/string-length-4.0.2.tgz 0ms (cache hit)
8044 http cache istanbul-reports@https://registry.npmjs.org/istanbul-reports/-/istanbul-reports-3.2.0.tgz 0ms (cache hit)
8045 http cache glob@https://registry.npmjs.org/glob/-/glob-7.2.3.tgz 0ms (cache hit)
8046 http cache istanbul-lib-source-maps@https://registry.npmjs.org/istanbul-lib-source-maps/-/istanbul-lib-source-maps-4.0.1.tgz 0ms (cache hit)
8047 http cache collect-v8-coverage@https://registry.npmjs.org/collect-v8-coverage/-/collect-v8-coverage-1.0.3.tgz 0ms (cache hit)
8048 http cache @bcoe/v8-coverage@https://registry.npmjs.org/@bcoe/v8-coverage/-/v8-coverage-0.2.3.tgz 0ms (cache hit)
8049 http cache istanbul-lib-report@https://registry.npmjs.org/istanbul-lib-report/-/istanbul-lib-report-3.0.1.tgz 0ms (cache hit)
8050 http cache strip-ansi@https://registry.npmjs.org/strip-ansi/-/strip-ansi-6.0.1.tgz 0ms (cache hit)
8051 http cache jest-watcher@https://registry.npmjs.org/jest-watcher/-/jest-watcher-27.5.1.tgz 0ms (cache hit)
8052 http cache rimraf@https://registry.npmjs.org/rimraf/-/rimraf-3.0.2.tgz 0ms (cache hit)
8053 http cache jest-snapshot@https://registry.npmjs.org/jest-snapshot/-/jest-snapshot-27.5.1.tgz 0ms (cache hit)
8054 http cache jest-runner@https://registry.npmjs.org/jest-runner/-/jest-runner-27.5.1.tgz 0ms (cache hit)
8055 http cache jest-runtime@https://registry.npmjs.org/jest-runtime/-/jest-runtime-27.5.1.tgz 0ms (cache hit)
8056 http cache jest-message-util@https://registry.npmjs.org/jest-message-util/-/jest-message-util-27.5.1.tgz 0ms (cache hit)
8057 http cache jest-resolve-dependencies@https://registry.npmjs.org/jest-resolve-dependencies/-/jest-resolve-dependencies-27.5.1.tgz 0ms (cache hit)
8058 http cache jest-validate@https://registry.npmjs.org/jest-validate/-/jest-validate-27.5.1.tgz 0ms (cache hit)
8059 http cache jest-config@https://registry.npmjs.org/jest-config/-/jest-config-27.5.1.tgz 0ms (cache hit)
8060 http cache once@https://registry.npmjs.org/once/-/once-1.4.0.tgz 0ms (cache hit)
8061 http cache exit@https://registry.npmjs.org/exit/-/exit-0.1.2.tgz 0ms (cache hit)
8062 http cache jest-changed-files@https://registry.npmjs.org/jest-changed-files/-/jest-changed-files-27.5.1.tgz 0ms (cache hit)
8063 http cache @jest/test-result@https://registry.npmjs.org/@jest/test-result/-/test-result-27.5.1.tgz 0ms (cache hit)
8064 http cache emittery@https://registry.npmjs.org/emittery/-/emittery-0.8.1.tgz 0ms (cache hit)
8065 http cache ansi-escapes@https://registry.npmjs.org/ansi-escapes/-/ansi-escapes-4.3.2.tgz 0ms (cache hit)
8066 http cache import-local@https://registry.npmjs.org/import-local/-/import-local-3.2.0.tgz 0ms (cache hit)
8067 http cache jest-cli@https://registry.npmjs.org/jest-cli/-/jest-cli-27.5.1.tgz 0ms (cache hit)
8068 http cache @jest/reporters@https://registry.npmjs.org/@jest/reporters/-/reporters-27.5.1.tgz 0ms (cache hit)
8069 http cache @jest/core@https://registry.npmjs.org/@jest/core/-/core-27.5.1.tgz 0ms (cache hit)
8070 http cache jest-circus@https://registry.npmjs.org/jest-circus/-/jest-circus-27.5.1.tgz 0ms (cache hit)
8071 http cache @jest/console@https://registry.npmjs.org/@jest/console/-/console-27.5.1.tgz 0ms (cache hit)
8072 http cache istanbul-lib-coverage@https://registry.npmjs.org/istanbul-lib-coverage/-/istanbul-lib-coverage-3.2.2.tgz 0ms (cache hit)
8073 http cache harmony-reflect@https://registry.npmjs.org/harmony-reflect/-/harmony-reflect-1.6.2.tgz 0ms (cache hit)
8074 http cache relateurl@https://registry.npmjs.org/relateurl/-/relateurl-0.2.7.tgz 0ms (cache hit)
8075 http cache terser@https://registry.npmjs.org/terser/-/terser-5.48.0.tgz 0ms (cache hit)
8076 http cache pascal-case@https://registry.npmjs.org/pascal-case/-/pascal-case-3.1.2.tgz 0ms (cache hit)
8077 http cache param-case@https://registry.npmjs.org/param-case/-/param-case-3.0.4.tgz 0ms (cache hit)
8078 http cache clean-css@https://registry.npmjs.org/clean-css/-/clean-css-5.3.3.tgz 0ms (cache hit)
8079 http cache he@https://registry.npmjs.org/he/-/he-1.2.0.tgz 0ms (cache hit)
8080 http cache commander@https://registry.npmjs.org/commander/-/commander-8.3.0.tgz 0ms (cache hit)
8081 http cache camel-case@https://registry.npmjs.org/camel-case/-/camel-case-4.1.2.tgz 0ms (cache hit)
8082 http cache pretty-error@https://registry.npmjs.org/pretty-error/-/pretty-error-4.0.0.tgz 0ms (cache hit)
8083 http cache html-minifier-terser@https://registry.npmjs.org/html-minifier-terser/-/html-minifier-terser-6.1.0.tgz 0ms (cache hit)
8084 http cache @types/html-minifier-terser@https://registry.npmjs.org/@types/html-minifier-terser/-/html-minifier-terser-6.1.0.tgz 0ms (cache hit)
8085 http cache reusify@https://registry.npmjs.org/reusify/-/reusify-1.1.0.tgz 0ms (cache hit)
8086 http cache tapable@https://registry.npmjs.org/tapable/-/tapable-2.3.3.tgz 0ms (cache hit)
8087 http cache fastq@https://registry.npmjs.org/fastq/-/fastq-1.20.1.tgz 0ms (cache hit)
8088 http cache @nodelib/fs.scandir@https://registry.npmjs.org/@nodelib/fs.scandir/-/fs.scandir-2.1.5.tgz 0ms (cache hit)
8089 http cache run-parallel@https://registry.npmjs.org/run-parallel/-/run-parallel-1.2.0.tgz 0ms (cache hit)
8090 http cache merge2@https://registry.npmjs.org/merge2/-/merge2-1.4.1.tgz 0ms (cache hit)
8091 http cache dir-glob@https://registry.npmjs.org/dir-glob/-/dir-glob-3.0.1.tgz 0ms (cache hit)
8092 http cache fast-glob@https://registry.npmjs.org/fast-glob/-/fast-glob-3.3.3.tgz 0ms (cache hit)
8093 http cache array-union@https://registry.npmjs.org/array-union/-/array-union-2.1.0.tgz 0ms (cache hit)
8094 http cache universalify@https://registry.npmjs.org/universalify/-/universalify-2.0.1.tgz 0ms (cache hit)
8095 http cache commondir@https://registry.npmjs.org/commondir/-/commondir-1.0.1.tgz 0ms (cache hit)
8096 http cache jsonfile@https://registry.npmjs.org/jsonfile/-/jsonfile-6.2.1.tgz 0ms (cache hit)
8097 http cache @nodelib/fs.stat@https://registry.npmjs.org/@nodelib/fs.stat/-/fs.stat-2.0.5.tgz 0ms (cache hit)
8098 http cache pkg-dir@https://registry.npmjs.org/pkg-dir/-/pkg-dir-4.2.0.tgz 0ms (cache hit)
8099 http cache @types/eslint@https://registry.npmjs.org/@types/eslint/-/eslint-8.56.12.tgz 0ms (cache hit)
8100 http cache string-natural-compare@https://registry.npmjs.org/string-natural-compare/-/string-natural-compare-3.0.1.tgz 0ms (cache hit)
8101 http cache @typescript-eslint/experimental-utils@https://registry.npmjs.org/@typescript-eslint/experimental-utils/-/experimental-utils-5.62.0.tgz 0ms (cache hit)
8102 http cache globby@https://registry.npmjs.org/globby/-/globby-11.1.0.tgz 0ms (cache hit)
8103 http cache @types/semver@https://registry.npmjs.org/@types/semver/-/semver-7.7.1.tgz 0ms (cache hit)
8104 http cache @typescript-eslint/typescript-estree@https://registry.npmjs.org/@typescript-eslint/typescript-estree/-/typescript-estree-5.62.0.tgz 0ms (cache hit)
8105 http cache normalize-path@https://registry.npmjs.org/normalize-path/-/normalize-path-3.0.0.tgz 0ms (cache hit)
8106 http cache @typescript-eslint/types@https://registry.npmjs.org/@typescript-eslint/types/-/types-5.62.0.tgz 0ms (cache hit)
8107 http cache @typescript-eslint/visitor-keys@https://registry.npmjs.org/@typescript-eslint/visitor-keys/-/visitor-keys-5.62.0.tgz 0ms (cache hit)
8108 http cache tsutils@https://registry.npmjs.org/tsutils/-/tsutils-3.21.0.tgz 0ms (cache hit)
8109 http cache natural-compare-lite@https://registry.npmjs.org/natural-compare-lite/-/natural-compare-lite-1.4.0.tgz 0ms (cache hit)
8110 http cache @typescript-eslint/utils@https://registry.npmjs.org/@typescript-eslint/utils/-/utils-5.62.0.tgz 0ms (cache hit)
8111 http cache @typescript-eslint/scope-manager@https://registry.npmjs.org/@typescript-eslint/scope-manager/-/scope-manager-5.62.0.tgz 0ms (cache hit)
8112 http cache @typescript-eslint/type-utils@https://registry.npmjs.org/@typescript-eslint/type-utils/-/type-utils-5.62.0.tgz 0ms (cache hit)
8113 http cache eslint-plugin-testing-library@https://registry.npmjs.org/eslint-plugin-testing-library/-/eslint-plugin-testing-library-5.11.1.tgz 0ms (cache hit)
8114 http cache eslint-plugin-jest@https://registry.npmjs.org/eslint-plugin-jest/-/eslint-plugin-jest-25.7.0.tgz 0ms (cache hit)
8115 http cache @nicolo-ribaudo/eslint-scope-5-internals@https://registry.npmjs.org/@nicolo-ribaudo/eslint-scope-5-internals/-/eslint-scope-5-internals-5.1.1-v1.tgz 0ms (cache hit)
8116 http cache graphemer@https://registry.npmjs.org/graphemer/-/graphemer-1.4.0.tgz 0ms (cache hit)
8117 http cache eslint-plugin-flowtype@https://registry.npmjs.org/eslint-plugin-flowtype/-/eslint-plugin-flowtype-8.0.3.tgz 0ms (cache hit)
8118 http cache confusing-browser-globals@https://registry.npmjs.org/confusing-browser-globals/-/confusing-browser-globals-1.0.11.tgz 0ms (cache hit)
8119 http cache @babel/eslint-parser@https://registry.npmjs.org/@babel/eslint-parser/-/eslint-parser-7.29.7.tgz 0ms (cache hit)
8120 http cache @typescript-eslint/eslint-plugin@https://registry.npmjs.org/@typescript-eslint/eslint-plugin/-/eslint-plugin-5.62.0.tgz 0ms (cache hit)
8121 http cache @typescript-eslint/parser@https://registry.npmjs.org/@typescript-eslint/parser/-/parser-5.62.0.tgz 0ms (cache hit)
8122 http cache postcss-unique-selectors@https://registry.npmjs.org/postcss-unique-selectors/-/postcss-unique-selectors-5.1.1.tgz 0ms (cache hit)
8123 http cache @rushstack/eslint-patch@https://registry.npmjs.org/@rushstack/eslint-patch/-/eslint-patch-1.16.1.tgz 0ms (cache hit)
8124 http cache postcss-svgo@https://registry.npmjs.org/postcss-svgo/-/postcss-svgo-5.1.0.tgz 0ms (cache hit)
8125 http cache stackframe@https://registry.npmjs.org/stackframe/-/stackframe-1.3.4.tgz 0ms (cache hit)
8126 http cache @nodelib/fs.walk@https://registry.npmjs.org/@nodelib/fs.walk/-/fs.walk-1.2.8.tgz 0ms (cache hit)
8127 http cache postcss-reduce-transforms@https://registry.npmjs.org/postcss-reduce-transforms/-/postcss-reduce-transforms-5.1.0.tgz 0ms (cache hit)
8128 http cache postcss-reduce-initial@https://registry.npmjs.org/postcss-reduce-initial/-/postcss-reduce-initial-5.1.2.tgz 0ms (cache hit)
8129 http cache postcss-ordered-values@https://registry.npmjs.org/postcss-ordered-values/-/postcss-ordered-values-5.1.3.tgz 0ms (cache hit)
8130 http cache postcss-normalize-whitespace@https://registry.npmjs.org/postcss-normalize-whitespace/-/postcss-normalize-whitespace-5.1.1.tgz 0ms (cache hit)
8131 http cache postcss-normalize-unicode@https://registry.npmjs.org/postcss-normalize-unicode/-/postcss-normalize-unicode-5.1.1.tgz 0ms (cache hit)
8132 http cache postcss-normalize-timing-functions@https://registry.npmjs.org/postcss-normalize-timing-functions/-/postcss-normalize-timing-functions-5.1.0.tgz 0ms (cache hit)
8133 http cache postcss-normalize-repeat-style@https://registry.npmjs.org/postcss-normalize-repeat-style/-/postcss-normalize-repeat-style-5.1.1.tgz 0ms (cache hit)
8134 http cache postcss-normalize-positions@https://registry.npmjs.org/postcss-normalize-positions/-/postcss-normalize-positions-5.1.1.tgz 0ms (cache hit)
8135 http cache postcss-normalize-url@https://registry.npmjs.org/postcss-normalize-url/-/postcss-normalize-url-5.1.0.tgz 0ms (cache hit)
8136 http cache postcss-normalize-display-values@https://registry.npmjs.org/postcss-normalize-display-values/-/postcss-normalize-display-values-5.1.0.tgz 0ms (cache hit)
8137 http cache postcss-normalize-charset@https://registry.npmjs.org/postcss-normalize-charset/-/postcss-normalize-charset-5.1.0.tgz 0ms (cache hit)
8138 http cache postcss-minify-params@https://registry.npmjs.org/postcss-minify-params/-/postcss-minify-params-5.1.4.tgz 0ms (cache hit)
8139 http cache postcss-minify-gradients@https://registry.npmjs.org/postcss-minify-gradients/-/postcss-minify-gradients-5.1.1.tgz 0ms (cache hit)
8140 http cache postcss-minify-font-values@https://registry.npmjs.org/postcss-minify-font-values/-/postcss-minify-font-values-5.1.0.tgz 0ms (cache hit)
8141 http cache postcss-merge-rules@https://registry.npmjs.org/postcss-merge-rules/-/postcss-merge-rules-5.1.4.tgz 0ms (cache hit)
8142 http cache postcss-merge-longhand@https://registry.npmjs.org/postcss-merge-longhand/-/postcss-merge-longhand-5.1.7.tgz 0ms (cache hit)
8143 http cache postcss-minify-selectors@https://registry.npmjs.org/postcss-minify-selectors/-/postcss-minify-selectors-5.2.1.tgz 0ms (cache hit)
8144 http cache postcss-discard-comments@https://registry.npmjs.org/postcss-discard-comments/-/postcss-discard-comments-5.1.2.tgz 0ms (cache hit)
8145 http cache postcss-discard-overridden@https://registry.npmjs.org/postcss-discard-overridden/-/postcss-discard-overridden-5.1.0.tgz 0ms (cache hit)
8146 http cache postcss-discard-duplicates@https://registry.npmjs.org/postcss-discard-duplicates/-/postcss-discard-duplicates-5.1.0.tgz 0ms (cache hit)
8147 http cache postcss-discard-empty@https://registry.npmjs.org/postcss-discard-empty/-/postcss-discard-empty-5.1.1.tgz 0ms (cache hit)
8148 http cache postcss-normalize-string@https://registry.npmjs.org/postcss-normalize-string/-/postcss-normalize-string-5.1.0.tgz 0ms (cache hit)
8149 http cache cssnano-preset-default@https://registry.npmjs.org/cssnano-preset-default/-/cssnano-preset-default-5.2.14.tgz 0ms (cache hit)
8150 http cache postcss-convert-values@https://registry.npmjs.org/postcss-convert-values/-/postcss-convert-values-5.1.3.tgz 0ms (cache hit)
8151 http cache css-declaration-sorter@https://registry.npmjs.org/css-declaration-sorter/-/css-declaration-sorter-6.4.1.tgz 0ms (cache hit)
8152 http cache postcss-calc@https://registry.npmjs.org/postcss-calc/-/postcss-calc-8.2.4.tgz 0ms (cache hit)
8153 http cache postcss-colormin@https://registry.npmjs.org/postcss-colormin/-/postcss-colormin-5.3.1.tgz 0ms (cache hit)
8154 http cache lilconfig@https://registry.npmjs.org/lilconfig/-/lilconfig-2.1.0.tgz 0ms (cache hit)
8155 http cache cssnano-utils@https://registry.npmjs.org/cssnano-utils/-/cssnano-utils-3.1.0.tgz 0ms (cache hit)
8156 http cache postcss-modules-values@https://registry.npmjs.org/postcss-modules-values/-/postcss-modules-values-4.0.0.tgz 0ms (cache hit)
8157 http cache serialize-javascript@https://registry.npmjs.org/serialize-javascript/-/serialize-javascript-6.0.2.tgz 0ms (cache hit)
8158 http cache cssnano@https://registry.npmjs.org/cssnano/-/cssnano-5.1.15.tgz 0ms (cache hit)
8159 http cache postcss-modules-scope@https://registry.npmjs.org/postcss-modules-scope/-/postcss-modules-scope-3.2.1.tgz 0ms (cache hit)
8160 http cache icss-utils@https://registry.npmjs.org/icss-utils/-/icss-utils-5.1.0.tgz 0ms (cache hit)
8161 http cache postcss-modules-extract-imports@https://registry.npmjs.org/postcss-modules-extract-imports/-/postcss-modules-extract-imports-3.1.0.tgz 0ms (cache hit)
8162 http cache tryer@https://registry.npmjs.org/tryer/-/tryer-1.0.1.tgz 0ms (cache hit)
8163 http cache hoopy@https://registry.npmjs.org/hoopy/-/hoopy-0.1.4.tgz 0ms (cache hit)
8164 http cache jsonpath@https://registry.npmjs.org/jsonpath/-/jsonpath-1.3.0.tgz 0ms (cache hit)
8165 http cache check-types@https://registry.npmjs.org/check-types/-/check-types-11.2.3.tgz 0ms (cache hit)
8166 http cache bluebird@https://registry.npmjs.org/bluebird/-/bluebird-3.7.2.tgz 0ms (cache hit)
8167 http cache @babel/plugin-transform-typescript@https://registry.npmjs.org/@babel/plugin-transform-typescript/-/plugin-transform-typescript-7.29.7.tgz 0ms (cache hit)
8168 http cache @babel/plugin-syntax-flow@https://registry.npmjs.org/@babel/plugin-syntax-flow/-/plugin-syntax-flow-7.29.7.tgz 0ms (cache hit)
8169 http cache @babel/plugin-syntax-typescript@https://registry.npmjs.org/@babel/plugin-syntax-typescript/-/plugin-syntax-typescript-7.29.7.tgz 0ms (cache hit)
8170 http cache @babel/plugin-syntax-decorators@https://registry.npmjs.org/@babel/plugin-syntax-decorators/-/plugin-syntax-decorators-7.29.7.tgz 0ms (cache hit)
8171 http cache jest-worker@https://registry.npmjs.org/jest-worker/-/jest-worker-27.5.1.tgz 0ms (cache hit)
8172 http cache babel-plugin-transform-react-remove-prop-types@https://registry.npmjs.org/babel-plugin-transform-react-remove-prop-types/-/babel-plugin-transform-react-remove-prop-types-0.4.24.tgz 0ms (cache hit)
8173 http cache @babel/preset-typescript@https://registry.npmjs.org/@babel/preset-typescript/-/preset-typescript-7.29.7.tgz 0ms (cache hit)
8174 http cache @babel/runtime@https://registry.npmjs.org/@babel/runtime/-/runtime-7.29.7.tgz 0ms (cache hit)
8175 http cache babel-plugin-macros@https://registry.npmjs.org/babel-plugin-macros/-/babel-plugin-macros-3.1.0.tgz 0ms (cache hit)
8176 http cache @babel/plugin-transform-runtime@https://registry.npmjs.org/@babel/plugin-transform-runtime/-/plugin-transform-runtime-7.29.7.tgz 0ms (cache hit)
8177 http cache @babel/plugin-transform-flow-strip-types@https://registry.npmjs.org/@babel/plugin-transform-flow-strip-types/-/plugin-transform-flow-strip-types-7.29.7.tgz 0ms (cache hit)
8178 http cache @babel/plugin-proposal-private-methods@https://registry.npmjs.org/@babel/plugin-proposal-private-methods/-/plugin-proposal-private-methods-7.18.6.tgz 0ms (cache hit)
8179 http cache @babel/plugin-proposal-optional-chaining@https://registry.npmjs.org/@babel/plugin-proposal-optional-chaining/-/plugin-proposal-optional-chaining-7.21.0.tgz 0ms (cache hit)
8180 http cache @babel/plugin-proposal-numeric-separator@https://registry.npmjs.org/@babel/plugin-proposal-numeric-separator/-/plugin-proposal-numeric-separator-7.18.6.tgz 0ms (cache hit)
8181 http cache @babel/plugin-proposal-decorators@https://registry.npmjs.org/@babel/plugin-proposal-decorators/-/plugin-proposal-decorators-7.29.7.tgz 0ms (cache hit)
8182 http cache @babel/plugin-proposal-nullish-coalescing-operator@https://registry.npmjs.org/@babel/plugin-proposal-nullish-coalescing-operator/-/plugin-proposal-nullish-coalescing-operator-7.18.6.tgz 0ms (cache hit)
8183 http cache @babel/plugin-proposal-class-properties@https://registry.npmjs.org/@babel/plugin-proposal-class-properties/-/plugin-proposal-class-properties-7.18.6.tgz 0ms (cache hit)
8184 http cache @babel/plugin-syntax-top-level-await@https://registry.npmjs.org/@babel/plugin-syntax-top-level-await/-/plugin-syntax-top-level-await-7.14.5.tgz 0ms (cache hit)
8185 http cache @babel/plugin-syntax-optional-catch-binding@https://registry.npmjs.org/@babel/plugin-syntax-optional-catch-binding/-/plugin-syntax-optional-catch-binding-7.8.3.tgz 0ms (cache hit)
8186 http cache @babel/plugin-syntax-object-rest-spread@https://registry.npmjs.org/@babel/plugin-syntax-object-rest-spread/-/plugin-syntax-object-rest-spread-7.8.3.tgz 0ms (cache hit)
8187 http cache @babel/plugin-syntax-numeric-separator@https://registry.npmjs.org/@babel/plugin-syntax-numeric-separator/-/plugin-syntax-numeric-separator-7.10.4.tgz 0ms (cache hit)
8188 http cache @babel/plugin-syntax-logical-assignment-operators@https://registry.npmjs.org/@babel/plugin-syntax-logical-assignment-operators/-/plugin-syntax-logical-assignment-operators-7.10.4.tgz 0ms (cache hit)
8189 http cache @babel/plugin-syntax-nullish-coalescing-operator@https://registry.npmjs.org/@babel/plugin-syntax-nullish-coalescing-operator/-/plugin-syntax-nullish-coalescing-operator-7.8.3.tgz 0ms (cache hit)
8190 http cache @babel/plugin-syntax-json-strings@https://registry.npmjs.org/@babel/plugin-syntax-json-strings/-/plugin-syntax-json-strings-7.8.3.tgz 0ms (cache hit)
8191 http cache postcss-modules-local-by-default@https://registry.npmjs.org/postcss-modules-local-by-default/-/postcss-modules-local-by-default-4.2.0.tgz 0ms (cache hit)
8192 http cache @babel/plugin-syntax-class-properties@https://registry.npmjs.org/@babel/plugin-syntax-class-properties/-/plugin-syntax-class-properties-7.12.13.tgz 0ms (cache hit)
8193 http cache @babel/plugin-syntax-class-static-block@https://registry.npmjs.org/@babel/plugin-syntax-class-static-block/-/plugin-syntax-class-static-block-7.14.5.tgz 0ms (cache hit)
8194 http cache @babel/plugin-syntax-bigint@https://registry.npmjs.org/@babel/plugin-syntax-bigint/-/plugin-syntax-bigint-7.8.3.tgz 0ms (cache hit)
8195 http cache @babel/plugin-syntax-async-generators@https://registry.npmjs.org/@babel/plugin-syntax-async-generators/-/plugin-syntax-async-generators-7.8.4.tgz 0ms (cache hit)
8196 http cache @babel/plugin-syntax-optional-chaining@https://registry.npmjs.org/@babel/plugin-syntax-optional-chaining/-/plugin-syntax-optional-chaining-7.8.3.tgz 0ms (cache hit)
8197 http cache @babel/plugin-syntax-import-meta@https://registry.npmjs.org/@babel/plugin-syntax-import-meta/-/plugin-syntax-import-meta-7.10.4.tgz 0ms (cache hit)
8198 http cache @babel/helper-define-polyfill-provider@https://registry.npmjs.org/@babel/helper-define-polyfill-provider/-/helper-define-polyfill-provider-0.6.8.tgz 0ms (cache hit)
8199 http cache lodash.debounce@https://registry.npmjs.org/lodash.debounce/-/lodash.debounce-4.0.8.tgz 0ms (cache hit)
8200 http cache babel-preset-current-node-syntax@https://registry.npmjs.org/babel-preset-current-node-syntax/-/babel-preset-current-node-syntax-1.2.0.tgz 0ms (cache hit)
8201 http cache test-exclude@https://registry.npmjs.org/test-exclude/-/test-exclude-6.0.0.tgz 0ms (cache hit)
8202 http cache get-package-type@https://registry.npmjs.org/get-package-type/-/get-package-type-0.1.0.tgz 0ms (cache hit)
8203 http cache istanbul-lib-instrument@https://registry.npmjs.org/istanbul-lib-instrument/-/istanbul-lib-instrument-5.2.1.tgz 0ms (cache hit)
8204 http cache @istanbuljs/load-nyc-config@https://registry.npmjs.org/@istanbuljs/load-nyc-config/-/load-nyc-config-1.1.0.tgz 0ms (cache hit)
8205 http cache @istanbuljs/schema@https://registry.npmjs.org/@istanbuljs/schema/-/schema-0.1.6.tgz 0ms (cache hit)
8206 http cache find-cache-dir@https://registry.npmjs.org/find-cache-dir/-/find-cache-dir-3.3.2.tgz 0ms (cache hit)
8207 http cache undici-types@https://registry.npmjs.org/undici-types/-/undici-types-8.3.0.tgz 0ms (cache hit)
8208 http cache @types/istanbul-lib-report@https://registry.npmjs.org/@types/istanbul-lib-report/-/istanbul-lib-report-3.0.3.tgz 0ms (cache hit)
8209 http cache make-dir@https://registry.npmjs.org/make-dir/-/make-dir-3.1.0.tgz 0ms (cache hit)
8210 http cache @types/babel__traverse@https://registry.npmjs.org/@types/babel__traverse/-/babel__traverse-7.28.0.tgz 0ms (cache hit)
8211 http cache @types/babel__template@https://registry.npmjs.org/@types/babel__template/-/babel__template-7.4.4.tgz 0ms (cache hit)
8212 http cache @types/babel__generator@https://registry.npmjs.org/@types/babel__generator/-/babel__generator-7.27.0.tgz 0ms (cache hit)
8213 http cache @types/node@https://registry.npmjs.org/@types/node/-/node-26.0.1.tgz 0ms (cache hit)
8214 http cache @types/yargs@https://registry.npmjs.org/@types/yargs/-/yargs-16.0.11.tgz 0ms (cache hit)
8215 http cache @types/istanbul-reports@https://registry.npmjs.org/@types/istanbul-reports/-/istanbul-reports-3.0.4.tgz 0ms (cache hit)
8216 http cache @types/istanbul-lib-coverage@https://registry.npmjs.org/@types/istanbul-lib-coverage/-/istanbul-lib-coverage-2.0.6.tgz 0ms (cache hit)
8217 http cache write-file-atomic@https://registry.npmjs.org/write-file-atomic/-/write-file-atomic-3.0.3.tgz 0ms (cache hit)
8218 http cache jest-util@https://registry.npmjs.org/jest-util/-/jest-util-27.5.1.tgz 0ms (cache hit)
8219 http cache @types/yargs-parser@https://registry.npmjs.org/@types/yargs-parser/-/yargs-parser-21.0.3.tgz 0ms (cache hit)
8220 http cache jest-regex-util@https://registry.npmjs.org/jest-regex-util/-/jest-regex-util-27.5.1.tgz 0ms (cache hit)
8221 http cache micromatch@https://registry.npmjs.org/micromatch/-/micromatch-4.0.8.tgz 0ms (cache hit)
8222 http cache jest-haste-map@https://registry.npmjs.org/jest-haste-map/-/jest-haste-map-27.5.1.tgz 0ms (cache hit)
8223 http cache pirates@https://registry.npmjs.org/pirates/-/pirates-4.0.7.tgz 0ms (cache hit)
8224 http cache babel-preset-jest@https://registry.npmjs.org/babel-preset-jest/-/babel-preset-jest-27.5.1.tgz 0ms (cache hit)
8225 http cache slash@https://registry.npmjs.org/slash/-/slash-3.0.0.tgz 0ms (cache hit)
8226 http cache graceful-fs@https://registry.npmjs.org/graceful-fs/-/graceful-fs-4.2.11.tgz 0ms (cache hit)
8227 http cache babel-plugin-istanbul@https://registry.npmjs.org/babel-plugin-istanbul/-/babel-plugin-istanbul-6.1.1.tgz 0ms (cache hit)
8228 http cache @jest/types@https://registry.npmjs.org/@jest/types/-/types-27.5.1.tgz 0ms (cache hit)
8229 http cache @types/babel__core@https://registry.npmjs.org/@types/babel__core/-/babel__core-7.20.5.tgz 0ms (cache hit)
8230 http cache @jest/transform@https://registry.npmjs.org/@jest/transform/-/transform-27.5.1.tgz 0ms (cache hit)
8231 http cache svgo@https://registry.npmjs.org/svgo/-/svgo-1.3.2.tgz 0ms (cache hit)
8232 http cache deepmerge@https://registry.npmjs.org/deepmerge/-/deepmerge-4.3.1.tgz 0ms (cache hit)
8233 http cache @svgr/babel-plugin-transform-svg-component@https://registry.npmjs.org/@svgr/babel-plugin-transform-svg-component/-/babel-plugin-transform-svg-component-5.5.0.tgz 0ms (cache hit)
8234 http cache @svgr/babel-plugin-transform-react-native-svg@https://registry.npmjs.org/@svgr/babel-plugin-transform-react-native-svg/-/babel-plugin-transform-react-native-svg-5.4.0.tgz 0ms (cache hit)
8235 http cache @svgr/babel-plugin-svg-dynamic-title@https://registry.npmjs.org/@svgr/babel-plugin-svg-dynamic-title/-/babel-plugin-svg-dynamic-title-5.4.0.tgz 0ms (cache hit)
8236 http cache @svgr/babel-plugin-svg-em-dimensions@https://registry.npmjs.org/@svgr/babel-plugin-svg-em-dimensions/-/babel-plugin-svg-em-dimensions-5.4.0.tgz 0ms (cache hit)
8237 http cache @svgr/babel-plugin-remove-jsx-attribute@https://registry.npmjs.org/@svgr/babel-plugin-remove-jsx-attribute/-/babel-plugin-remove-jsx-attribute-5.4.0.tgz 0ms (cache hit)
8238 http cache @svgr/babel-plugin-replace-jsx-attribute-value@https://registry.npmjs.org/@svgr/babel-plugin-replace-jsx-attribute-value/-/babel-plugin-replace-jsx-attribute-value-5.0.1.tgz 0ms (cache hit)
8239 http cache babel-plugin-jest-hoist@https://registry.npmjs.org/babel-plugin-jest-hoist/-/babel-plugin-jest-hoist-27.5.1.tgz 0ms (cache hit)
8240 http cache svg-parser@https://registry.npmjs.org/svg-parser/-/svg-parser-2.0.4.tgz 0ms (cache hit)
8241 http cache @svgr/babel-plugin-remove-jsx-empty-expression@https://registry.npmjs.org/@svgr/babel-plugin-remove-jsx-empty-expression/-/babel-plugin-remove-jsx-empty-expression-5.0.1.tgz 0ms (cache hit)
8242 http cache @svgr/babel-plugin-add-jsx-attribute@https://registry.npmjs.org/@svgr/babel-plugin-add-jsx-attribute/-/babel-plugin-add-jsx-attribute-5.4.0.tgz 0ms (cache hit)
8243 http cache @svgr/hast-util-to-babel-ast@https://registry.npmjs.org/@svgr/hast-util-to-babel-ast/-/hast-util-to-babel-ast-5.5.0.tgz 0ms (cache hit)
8244 http cache @svgr/babel-preset@https://registry.npmjs.org/@svgr/babel-preset/-/babel-preset-5.5.0.tgz 0ms (cache hit)
8245 http cache @babel/plugin-transform-react-pure-annotations@https://registry.npmjs.org/@babel/plugin-transform-react-pure-annotations/-/plugin-transform-react-pure-annotations-7.29.7.tgz 0ms (cache hit)
8246 http cache @babel/plugin-transform-react-display-name@https://registry.npmjs.org/@babel/plugin-transform-react-display-name/-/plugin-transform-react-display-name-7.29.7.tgz 0ms (cache hit)
8247 http cache @babel/plugin-transform-react-jsx@https://registry.npmjs.org/@babel/plugin-transform-react-jsx/-/plugin-transform-react-jsx-7.29.7.tgz 0ms (cache hit)
8248 http cache regexpu-core@https://registry.npmjs.org/regexpu-core/-/regexpu-core-6.4.0.tgz 0ms (cache hit)
8249 http cache @babel/helper-remap-async-to-generator@https://registry.npmjs.org/@babel/helper-remap-async-to-generator/-/helper-remap-async-to-generator-7.29.7.tgz 0ms (cache hit)
8250 http cache @babel/helper-create-regexp-features-plugin@https://registry.npmjs.org/@babel/helper-create-regexp-features-plugin/-/helper-create-regexp-features-plugin-7.29.7.tgz 0ms (cache hit)
8251 http cache core-js-compat@https://registry.npmjs.org/core-js-compat/-/core-js-compat-3.49.0.tgz 0ms (cache hit)
8252 http cache @babel/helper-wrap-function@https://registry.npmjs.org/@babel/helper-wrap-function/-/helper-wrap-function-7.29.7.tgz 0ms (cache hit)
8253 http cache babel-plugin-polyfill-corejs3@https://registry.npmjs.org/babel-plugin-polyfill-corejs3/-/babel-plugin-polyfill-corejs3-0.14.2.tgz 0ms (cache hit)
8254 http cache @babel/plugin-syntax-jsx@https://registry.npmjs.org/@babel/plugin-syntax-jsx/-/plugin-syntax-jsx-7.29.7.tgz 0ms (cache hit)
8255 http cache babel-plugin-polyfill-corejs2@https://registry.npmjs.org/babel-plugin-polyfill-corejs2/-/babel-plugin-polyfill-corejs2-0.4.17.tgz 0ms (cache hit)
8256 http cache @babel/preset-modules@https://registry.npmjs.org/@babel/preset-modules/-/preset-modules-0.1.6-no-external-plugins.tgz 0ms (cache hit)
8257 http cache @babel/plugin-transform-unicode-sets-regex@https://registry.npmjs.org/@babel/plugin-transform-unicode-sets-regex/-/plugin-transform-unicode-sets-regex-7.29.7.tgz 0ms (cache hit)
8258 http cache @babel/plugin-transform-unicode-regex@https://registry.npmjs.org/@babel/plugin-transform-unicode-regex/-/plugin-transform-unicode-regex-7.29.7.tgz 0ms (cache hit)
8259 http cache @babel/plugin-transform-typeof-symbol@https://registry.npmjs.org/@babel/plugin-transform-typeof-symbol/-/plugin-transform-typeof-symbol-7.29.7.tgz 0ms (cache hit)
8260 http cache @babel/plugin-transform-unicode-property-regex@https://registry.npmjs.org/@babel/plugin-transform-unicode-property-regex/-/plugin-transform-unicode-property-regex-7.29.7.tgz 0ms (cache hit)
8261 http cache @babel/plugin-transform-template-literals@https://registry.npmjs.org/@babel/plugin-transform-template-literals/-/plugin-transform-template-literals-7.29.7.tgz 0ms (cache hit)
8262 http cache @babel/plugin-transform-spread@https://registry.npmjs.org/@babel/plugin-transform-spread/-/plugin-transform-spread-7.29.7.tgz 0ms (cache hit)
8263 http cache @babel/plugin-transform-unicode-escapes@https://registry.npmjs.org/@babel/plugin-transform-unicode-escapes/-/plugin-transform-unicode-escapes-7.29.7.tgz 0ms (cache hit)
8264 http cache @babel/plugin-transform-sticky-regex@https://registry.npmjs.org/@babel/plugin-transform-sticky-regex/-/plugin-transform-sticky-regex-7.29.7.tgz 0ms (cache hit)
8265 http cache @babel/plugin-transform-shorthand-properties@https://registry.npmjs.org/@babel/plugin-transform-shorthand-properties/-/plugin-transform-shorthand-properties-7.29.7.tgz 0ms (cache hit)
8266 http cache @babel/plugin-transform-reserved-words@https://registry.npmjs.org/@babel/plugin-transform-reserved-words/-/plugin-transform-reserved-words-7.29.7.tgz 0ms (cache hit)
8267 http cache @babel/plugin-transform-regexp-modifiers@https://registry.npmjs.org/@babel/plugin-transform-regexp-modifiers/-/plugin-transform-regexp-modifiers-7.29.7.tgz 0ms (cache hit)
8268 http cache @babel/plugin-transform-property-literals@https://registry.npmjs.org/@babel/plugin-transform-property-literals/-/plugin-transform-property-literals-7.29.7.tgz 0ms (cache hit)
8269 http cache babel-plugin-polyfill-regenerator@https://registry.npmjs.org/babel-plugin-polyfill-regenerator/-/babel-plugin-polyfill-regenerator-0.6.8.tgz 0ms (cache hit)
8270 http cache @babel/plugin-transform-regenerator@https://registry.npmjs.org/@babel/plugin-transform-regenerator/-/plugin-transform-regenerator-7.29.7.tgz 0ms (cache hit)
8271 http cache @babel/plugin-transform-private-property-in-object@https://registry.npmjs.org/@babel/plugin-transform-private-property-in-object/-/plugin-transform-private-property-in-object-7.29.7.tgz 0ms (cache hit)
8272 http cache @babel/plugin-transform-optional-chaining@https://registry.npmjs.org/@babel/plugin-transform-optional-chaining/-/plugin-transform-optional-chaining-7.29.7.tgz 0ms (cache hit)
8273 http cache @babel/plugin-transform-parameters@https://registry.npmjs.org/@babel/plugin-transform-parameters/-/plugin-transform-parameters-7.29.7.tgz 0ms (cache hit)
8274 http cache @babel/plugin-transform-private-methods@https://registry.npmjs.org/@babel/plugin-transform-private-methods/-/plugin-transform-private-methods-7.29.7.tgz 0ms (cache hit)
8275 http cache @babel/plugin-transform-object-super@https://registry.npmjs.org/@babel/plugin-transform-object-super/-/plugin-transform-object-super-7.29.7.tgz 0ms (cache hit)
8276 http cache @babel/plugin-transform-object-rest-spread@https://registry.npmjs.org/@babel/plugin-transform-object-rest-spread/-/plugin-transform-object-rest-spread-7.29.7.tgz 0ms (cache hit)
8277 http cache @babel/plugin-transform-numeric-separator@https://registry.npmjs.org/@babel/plugin-transform-numeric-separator/-/plugin-transform-numeric-separator-7.29.7.tgz 0ms (cache hit)
8278 http cache @babel/plugin-transform-react-jsx-development@https://registry.npmjs.org/@babel/plugin-transform-react-jsx-development/-/plugin-transform-react-jsx-development-7.29.7.tgz 0ms (cache hit)
8279 http cache @babel/plugin-transform-nullish-coalescing-operator@https://registry.npmjs.org/@babel/plugin-transform-nullish-coalescing-operator/-/plugin-transform-nullish-coalescing-operator-7.29.7.tgz 0ms (cache hit)
8280 http cache @babel/plugin-transform-new-target@https://registry.npmjs.org/@babel/plugin-transform-new-target/-/plugin-transform-new-target-7.29.7.tgz 0ms (cache hit)
8281 http cache @babel/plugin-transform-modules-umd@https://registry.npmjs.org/@babel/plugin-transform-modules-umd/-/plugin-transform-modules-umd-7.29.7.tgz 0ms (cache hit)
8282 http cache @babel/plugin-transform-named-capturing-groups-regex@https://registry.npmjs.org/@babel/plugin-transform-named-capturing-groups-regex/-/plugin-transform-named-capturing-groups-regex-7.29.7.tgz 0ms (cache hit)
8283 http cache @babel/plugin-transform-modules-systemjs@https://registry.npmjs.org/@babel/plugin-transform-modules-systemjs/-/plugin-transform-modules-systemjs-7.29.7.tgz 0ms (cache hit)
8284 http cache @babel/plugin-transform-member-expression-literals@https://registry.npmjs.org/@babel/plugin-transform-member-expression-literals/-/plugin-transform-member-expression-literals-7.29.7.tgz 0ms (cache hit)
8285 http cache @babel/plugin-transform-modules-commonjs@https://registry.npmjs.org/@babel/plugin-transform-modules-commonjs/-/plugin-transform-modules-commonjs-7.29.7.tgz 0ms (cache hit)
8286 http cache @babel/plugin-transform-modules-amd@https://registry.npmjs.org/@babel/plugin-transform-modules-amd/-/plugin-transform-modules-amd-7.29.7.tgz 0ms (cache hit)
8287 http cache @babel/plugin-transform-logical-assignment-operators@https://registry.npmjs.org/@babel/plugin-transform-logical-assignment-operators/-/plugin-transform-logical-assignment-operators-7.29.7.tgz 0ms (cache hit)
8288 http cache @babel/plugin-transform-literals@https://registry.npmjs.org/@babel/plugin-transform-literals/-/plugin-transform-literals-7.29.7.tgz 0ms (cache hit)
8289 http cache @babel/plugin-transform-json-strings@https://registry.npmjs.org/@babel/plugin-transform-json-strings/-/plugin-transform-json-strings-7.29.7.tgz 0ms (cache hit)
8290 http cache @babel/plugin-transform-for-of@https://registry.npmjs.org/@babel/plugin-transform-for-of/-/plugin-transform-for-of-7.29.7.tgz 0ms (cache hit)
8291 http cache @babel/plugin-transform-function-name@https://registry.npmjs.org/@babel/plugin-transform-function-name/-/plugin-transform-function-name-7.29.7.tgz 0ms (cache hit)
8292 http cache @babel/plugin-transform-exponentiation-operator@https://registry.npmjs.org/@babel/plugin-transform-exponentiation-operator/-/plugin-transform-exponentiation-operator-7.29.7.tgz 0ms (cache hit)
8293 http cache @babel/plugin-transform-dynamic-import@https://registry.npmjs.org/@babel/plugin-transform-dynamic-import/-/plugin-transform-dynamic-import-7.29.7.tgz 0ms (cache hit)
8294 http cache @babel/plugin-transform-explicit-resource-management@https://registry.npmjs.org/@babel/plugin-transform-explicit-resource-management/-/plugin-transform-explicit-resource-management-7.29.7.tgz 0ms (cache hit)
8295 http cache @babel/plugin-transform-duplicate-keys@https://registry.npmjs.org/@babel/plugin-transform-duplicate-keys/-/plugin-transform-duplicate-keys-7.29.7.tgz 0ms (cache hit)
8296 http cache @babel/plugin-transform-duplicate-named-capturing-groups-regex@https://registry.npmjs.org/@babel/plugin-transform-duplicate-named-capturing-groups-regex/-/plugin-transform-duplicate-named-capturing-groups-regex-7.29.7.tgz 0ms (cache hit)
8297 http cache @babel/plugin-transform-dotall-regex@https://registry.npmjs.org/@babel/plugin-transform-dotall-regex/-/plugin-transform-dotall-regex-7.29.7.tgz 0ms (cache hit)
8298 http cache @babel/plugin-transform-destructuring@https://registry.npmjs.org/@babel/plugin-transform-destructuring/-/plugin-transform-destructuring-7.29.7.tgz 0ms (cache hit)
8299 http cache @babel/plugin-transform-computed-properties@https://registry.npmjs.org/@babel/plugin-transform-computed-properties/-/plugin-transform-computed-properties-7.29.7.tgz 0ms (cache hit)
8300 http cache @babel/plugin-transform-classes@https://registry.npmjs.org/@babel/plugin-transform-classes/-/plugin-transform-classes-7.29.7.tgz 0ms (cache hit)
8301 http cache @babel/plugin-transform-class-static-block@https://registry.npmjs.org/@babel/plugin-transform-class-static-block/-/plugin-transform-class-static-block-7.29.7.tgz 0ms (cache hit)
8302 http cache @babel/plugin-transform-class-properties@https://registry.npmjs.org/@babel/plugin-transform-class-properties/-/plugin-transform-class-properties-7.29.7.tgz 0ms (cache hit)
8303 http cache @babel/plugin-transform-block-scoping@https://registry.npmjs.org/@babel/plugin-transform-block-scoping/-/plugin-transform-block-scoping-7.29.7.tgz 0ms (cache hit)
8304 http cache @babel/plugin-transform-block-scoped-functions@https://registry.npmjs.org/@babel/plugin-transform-block-scoped-functions/-/plugin-transform-block-scoped-functions-7.29.7.tgz 0ms (cache hit)
8305 http cache @babel/plugin-transform-async-to-generator@https://registry.npmjs.org/@babel/plugin-transform-async-to-generator/-/plugin-transform-async-to-generator-7.29.7.tgz 0ms (cache hit)
8306 http cache @babel/plugin-transform-arrow-functions@https://registry.npmjs.org/@babel/plugin-transform-arrow-functions/-/plugin-transform-arrow-functions-7.29.7.tgz 0ms (cache hit)
8307 http cache @babel/plugin-transform-async-generator-functions@https://registry.npmjs.org/@babel/plugin-transform-async-generator-functions/-/plugin-transform-async-generator-functions-7.29.7.tgz 0ms (cache hit)
8308 http cache @babel/plugin-syntax-unicode-sets-regex@https://registry.npmjs.org/@babel/plugin-syntax-unicode-sets-regex/-/plugin-syntax-unicode-sets-regex-7.18.6.tgz 0ms (cache hit)
8309 http cache @babel/plugin-syntax-import-assertions@https://registry.npmjs.org/@babel/plugin-syntax-import-assertions/-/plugin-syntax-import-assertions-7.29.7.tgz 0ms (cache hit)
8310 http cache @babel/plugin-bugfix-v8-static-class-fields-redefine-readonly@https://registry.npmjs.org/@babel/plugin-bugfix-v8-static-class-fields-redefine-readonly/-/plugin-bugfix-v8-static-class-fields-redefine-readonly-7.29.7.tgz 0ms (cache hit)
8311 http cache @babel/plugin-transform-optional-catch-binding@https://registry.npmjs.org/@babel/plugin-transform-optional-catch-binding/-/plugin-transform-optional-catch-binding-7.29.7.tgz 0ms (cache hit)
8312 http cache @babel/plugin-bugfix-v8-spread-parameters-in-optional-chaining@https://registry.npmjs.org/@babel/plugin-bugfix-v8-spread-parameters-in-optional-chaining/-/plugin-bugfix-v8-spread-parameters-in-optional-chaining-7.29.7.tgz 0ms (cache hit)
8313 http cache @babel/plugin-bugfix-safari-rest-destructuring-rhs-array@https://registry.npmjs.org/@babel/plugin-bugfix-safari-rest-destructuring-rhs-array/-/plugin-bugfix-safari-rest-destructuring-rhs-array-7.29.7.tgz 0ms (cache hit)
8314 http cache @babel/plugin-bugfix-safari-id-destructuring-collision-in-function-expression@https://registry.npmjs.org/@babel/plugin-bugfix-safari-id-destructuring-collision-in-function-expression/-/plugin-bugfix-safari-id-destructuring-collision-in-function-expression-7.29.7.tgz 0ms (cache hit)
8315 http cache @babel/plugin-bugfix-safari-class-field-initializer-scope@https://registry.npmjs.org/@babel/plugin-bugfix-safari-class-field-initializer-scope/-/plugin-bugfix-safari-class-field-initializer-scope-7.29.7.tgz 0ms (cache hit)
8316 http cache @babel/plugin-bugfix-firefox-class-in-computed-class-key@https://registry.npmjs.org/@babel/plugin-bugfix-firefox-class-in-computed-class-key/-/plugin-bugfix-firefox-class-in-computed-class-key-7.29.7.tgz 0ms (cache hit)
8317 http cache @svgr/plugin-jsx@https://registry.npmjs.org/@svgr/plugin-jsx/-/plugin-jsx-5.5.0.tgz 0ms (cache hit)
8318 http cache @svgr/plugin-svgo@https://registry.npmjs.org/@svgr/plugin-svgo/-/plugin-svgo-5.5.0.tgz 0ms (cache hit)
8319 http cache @babel/preset-react@https://registry.npmjs.org/@babel/preset-react/-/preset-react-7.29.7.tgz 0ms (cache hit)
8320 http cache @svgr/core@https://registry.npmjs.org/@svgr/core/-/core-5.5.0.tgz 0ms (cache hit)
8321 http cache @babel/preset-env@https://registry.npmjs.org/@babel/preset-env/-/preset-env-7.29.7.tgz 0ms (cache hit)
8322 http cache source-map@https://registry.npmjs.org/source-map/-/source-map-0.7.6.tgz 0ms (cache hit)
8323 http cache @babel/plugin-transform-react-constant-elements@https://registry.npmjs.org/@babel/plugin-transform-react-constant-elements/-/plugin-transform-react-constant-elements-7.29.7.tgz 0ms (cache hit)
8324 http cache loader-utils@https://registry.npmjs.org/loader-utils/-/loader-utils-2.0.4.tgz 0ms (cache hit)
8325 http cache schema-utils@https://registry.npmjs.org/schema-utils/-/schema-utils-4.3.3.tgz 0ms (cache hit)
8326 http cache html-entities@https://registry.npmjs.org/html-entities/-/html-entities-2.6.0.tgz 0ms (cache hit)
8327 http cache error-stack-parser@https://registry.npmjs.org/error-stack-parser/-/error-stack-parser-2.1.4.tgz 0ms (cache hit)
8328 http cache core-js-pure@https://registry.npmjs.org/core-js-pure/-/core-js-pure-3.49.0.tgz 0ms (cache hit)
8329 http cache @babel/helper-module-imports@https://registry.npmjs.org/@babel/helper-module-imports/-/helper-module-imports-7.29.7.tgz 0ms (cache hit)
8330 http cache ansi-html@https://registry.npmjs.org/ansi-html/-/ansi-html-0.0.9.tgz 0ms (cache hit)
8331 http cache lru-cache@https://registry.npmjs.org/lru-cache/-/lru-cache-5.1.1.tgz 0ms (cache hit)
8332 http cache @babel/compat-data@https://registry.npmjs.org/@babel/compat-data/-/compat-data-7.29.7.tgz 0ms (cache hit)
8333 http cache @babel/helper-validator-option@https://registry.npmjs.org/@babel/helper-validator-option/-/helper-validator-option-7.29.7.tgz 0ms (cache hit)
8334 http cache json5@https://registry.npmjs.org/json5/-/json5-2.2.3.tgz 0ms (cache hit)
8335 http cache gensync@https://registry.npmjs.org/gensync/-/gensync-1.0.0-beta.2.tgz 0ms (cache hit)
8336 http cache convert-source-map@https://registry.npmjs.org/convert-source-map/-/convert-source-map-2.0.0.tgz 0ms (cache hit)
8337 http cache @babel/helpers@https://registry.npmjs.org/@babel/helpers/-/helpers-7.29.7.tgz 0ms (cache hit)
8338 http cache @jridgewell/remapping@https://registry.npmjs.org/@jridgewell/remapping/-/remapping-2.3.5.tgz 0ms (cache hit)
8339 http cache @babel/helper-module-transforms@https://registry.npmjs.org/@babel/helper-module-transforms/-/helper-module-transforms-7.29.7.tgz 0ms (cache hit)
8340 http cache workbox-webpack-plugin@https://registry.npmjs.org/workbox-webpack-plugin/-/workbox-webpack-plugin-6.6.0.tgz 0ms (cache hit)
8341 http cache @babel/helper-compilation-targets@https://registry.npmjs.org/@babel/helper-compilation-targets/-/helper-compilation-targets-7.29.7.tgz 0ms (cache hit)
8342 http cache webpack-manifest-plugin@https://registry.npmjs.org/webpack-manifest-plugin/-/webpack-manifest-plugin-4.1.1.tgz 0ms (cache hit)
8343 http cache webpack-dev-server@https://registry.npmjs.org/webpack-dev-server/-/webpack-dev-server-4.15.2.tgz 0ms (cache hit)
8344 http cache webpack@https://registry.npmjs.org/webpack/-/webpack-5.108.0.tgz 0ms (cache hit)
8345 http cache source-map-loader@https://registry.npmjs.org/source-map-loader/-/source-map-loader-3.0.2.tgz 0ms (cache hit)
8346 http cache terser-webpack-plugin@https://registry.npmjs.org/terser-webpack-plugin/-/terser-webpack-plugin-5.6.1.tgz 0ms (cache hit)
8347 http cache sass-loader@https://registry.npmjs.org/sass-loader/-/sass-loader-12.6.0.tgz 0ms (cache hit)
8348 http cache style-loader@https://registry.npmjs.org/style-loader/-/style-loader-3.3.4.tgz 0ms (cache hit)
8349 http cache resolve-url-loader@https://registry.npmjs.org/resolve-url-loader/-/resolve-url-loader-4.0.0.tgz 0ms (cache hit)
8350 http cache react-refresh@https://registry.npmjs.org/react-refresh/-/react-refresh-0.11.0.tgz 0ms (cache hit)
8351 http cache react-dev-utils@https://registry.npmjs.org/react-dev-utils/-/react-dev-utils-12.0.1.tgz 0ms (cache hit)
8352 http cache react-app-polyfill@https://registry.npmjs.org/react-app-polyfill/-/react-app-polyfill-3.0.0.tgz 0ms (cache hit)
8353 http cache postcss-preset-env@https://registry.npmjs.org/postcss-preset-env/-/postcss-preset-env-7.8.3.tgz 0ms (cache hit)
8354 http cache prompts@https://registry.npmjs.org/prompts/-/prompts-2.4.2.tgz 0ms (cache hit)
8355 http cache postcss-normalize@https://registry.npmjs.org/postcss-normalize/-/postcss-normalize-10.0.1.tgz 0ms (cache hit)
8356 http cache mini-css-extract-plugin@https://registry.npmjs.org/mini-css-extract-plugin/-/mini-css-extract-plugin-2.10.2.tgz 0ms (cache hit)
8357 http cache postcss-flexbugs-fixes@https://registry.npmjs.org/postcss-flexbugs-fixes/-/postcss-flexbugs-fixes-5.0.2.tgz 0ms (cache hit)
8358 http cache postcss-loader@https://registry.npmjs.org/postcss-loader/-/postcss-loader-6.2.1.tgz 0ms (cache hit)
8359 http cache jest-watch-typeahead@https://registry.npmjs.org/jest-watch-typeahead/-/jest-watch-typeahead-1.1.0.tgz 0ms (cache hit)
8360 http cache jest@https://registry.npmjs.org/jest/-/jest-27.5.1.tgz 0ms (cache hit)
8361 http cache jest-resolve@https://registry.npmjs.org/jest-resolve/-/jest-resolve-27.5.1.tgz 0ms (cache hit)
8362 http cache identity-obj-proxy@https://registry.npmjs.org/identity-obj-proxy/-/identity-obj-proxy-3.0.0.tgz 0ms (cache hit)
8363 http cache html-webpack-plugin@https://registry.npmjs.org/html-webpack-plugin/-/html-webpack-plugin-5.6.7.tgz 0ms (cache hit)
8364 http cache fsevents@https://registry.npmjs.org/fsevents/-/fsevents-2.3.3.tgz 0ms (cache hit)
8365 http cache fs-extra@https://registry.npmjs.org/fs-extra/-/fs-extra-10.1.0.tgz 0ms (cache hit)
8366 http cache file-loader@https://registry.npmjs.org/file-loader/-/file-loader-6.2.0.tgz 0ms (cache hit)
8367 http cache eslint-webpack-plugin@https://registry.npmjs.org/eslint-webpack-plugin/-/eslint-webpack-plugin-3.2.0.tgz 0ms (cache hit)
8368 http cache css-minimizer-webpack-plugin@https://registry.npmjs.org/css-minimizer-webpack-plugin/-/css-minimizer-webpack-plugin-3.4.1.tgz 0ms (cache hit)
8369 http cache css-loader@https://registry.npmjs.org/css-loader/-/css-loader-6.11.0.tgz 0ms (cache hit)
8370 http cache dotenv-expand@https://registry.npmjs.org/dotenv-expand/-/dotenv-expand-5.1.0.tgz 0ms (cache hit)
8371 http cache case-sensitive-paths-webpack-plugin@https://registry.npmjs.org/case-sensitive-paths-webpack-plugin/-/case-sensitive-paths-webpack-plugin-2.4.0.tgz 0ms (cache hit)
8372 http cache eslint-config-react-app@https://registry.npmjs.org/eslint-config-react-app/-/eslint-config-react-app-7.0.1.tgz 0ms (cache hit)
8373 http cache babel-preset-react-app@https://registry.npmjs.org/babel-preset-react-app/-/babel-preset-react-app-10.1.0.tgz 0ms (cache hit)
8374 http cache camelcase@https://registry.npmjs.org/camelcase/-/camelcase-6.3.0.tgz 0ms (cache hit)
8375 http cache @babel/plugin-transform-export-namespace-from@https://registry.npmjs.org/@babel/plugin-transform-export-namespace-from/-/plugin-transform-export-namespace-from-7.29.7.tgz 0ms (cache hit)
8376 http cache bfj@https://registry.npmjs.org/bfj/-/bfj-7.1.0.tgz 0ms (cache hit)
8377 http cache babel-jest@https://registry.npmjs.org/babel-jest/-/babel-jest-27.5.1.tgz 0ms (cache hit)
8378 http cache @babel/plugin-syntax-import-attributes@https://registry.npmjs.org/@babel/plugin-syntax-import-attributes/-/plugin-syntax-import-attributes-7.29.7.tgz 0ms (cache hit)
8379 http cache babel-plugin-named-asset-import@https://registry.npmjs.org/babel-plugin-named-asset-import/-/babel-plugin-named-asset-import-0.3.8.tgz 0ms (cache hit)
8380 http cache @svgr/webpack@https://registry.npmjs.org/@svgr/webpack/-/webpack-5.5.0.tgz 0ms (cache hit)
8381 http cache @pmmmwh/react-refresh-webpack-plugin@https://registry.npmjs.org/@pmmmwh/react-refresh-webpack-plugin/-/react-refresh-webpack-plugin-0.5.17.tgz 0ms (cache hit)
8382 http cache babel-loader@https://registry.npmjs.org/babel-loader/-/babel-loader-8.4.1.tgz 0ms (cache hit)
8383 http cache @babel/core@https://registry.npmjs.org/@babel/core/-/core-7.29.7.tgz 0ms (cache hit)
8384 http cache react-router@https://registry.npmjs.org/react-router/-/react-router-7.15.0.tgz 0ms (cache hit)
8385 http cache cookie@https://registry.npmjs.org/cookie/-/cookie-1.1.1.tgz 0ms (cache hit)
8386 http cache use-sidecar@https://registry.npmjs.org/use-sidecar/-/use-sidecar-1.1.3.tgz 0ms (cache hit)
8387 http cache set-cookie-parser@https://registry.npmjs.org/set-cookie-parser/-/set-cookie-parser-2.7.2.tgz 0ms (cache hit)
8388 http cache use-callback-ref@https://registry.npmjs.org/use-callback-ref/-/use-callback-ref-1.3.3.tgz 0ms (cache hit)
8389 http cache react-style-singleton@https://registry.npmjs.org/react-style-singleton/-/react-style-singleton-2.2.3.tgz 0ms (cache hit)
8390 http cache object-assign@https://registry.npmjs.org/object-assign/-/object-assign-4.1.1.tgz 0ms (cache hit)
8391 http cache react-is@https://registry.npmjs.org/react-is/-/react-is-16.13.1.tgz 0ms (cache hit)
8392 http cache loose-envify@https://registry.npmjs.org/loose-envify/-/loose-envify-1.4.0.tgz 0ms (cache hit)
8393 http cache scheduler@https://registry.npmjs.org/scheduler/-/scheduler-0.25.0.tgz 0ms (cache hit)
8394 http cache nanoid@https://registry.npmjs.org/nanoid/-/nanoid-3.3.15.tgz 0ms (cache hit)
8395 http cache react-remove-scroll-bar@https://registry.npmjs.org/react-remove-scroll-bar/-/react-remove-scroll-bar-2.3.8.tgz 0ms (cache hit)
8396 http cache is-arrayish@https://registry.npmjs.org/is-arrayish/-/is-arrayish-0.2.1.tgz 0ms (cache hit)
8397 http cache lines-and-columns@https://registry.npmjs.org/lines-and-columns/-/lines-and-columns-1.2.4.tgz 0ms (cache hit)
8398 http cache json-parse-even-better-errors@https://registry.npmjs.org/json-parse-even-better-errors/-/json-parse-even-better-errors-2.3.1.tgz 0ms (cache hit)
8399 http cache error-ex@https://registry.npmjs.org/error-ex/-/error-ex-1.3.4.tgz 0ms (cache hit)
8400 http cache yocto-queue@https://registry.npmjs.org/yocto-queue/-/yocto-queue-0.1.0.tgz 0ms (cache hit)
8401 http cache source-map-js@https://registry.npmjs.org/source-map-js/-/source-map-js-1.2.1.tgz 0ms (cache hit)
8402 http cache fast-levenshtein@https://registry.npmjs.org/fast-levenshtein/-/fast-levenshtein-2.0.6.tgz 0ms (cache hit)
8403 http cache p-limit@https://registry.npmjs.org/p-limit/-/p-limit-3.1.0.tgz 0ms (cache hit)
8404 http cache word-wrap@https://registry.npmjs.org/word-wrap/-/word-wrap-1.2.5.tgz 0ms (cache hit)
8405 http cache deep-is@https://registry.npmjs.org/deep-is/-/deep-is-0.1.4.tgz 0ms (cache hit)
8406 http cache concat-map@https://registry.npmjs.org/concat-map/-/concat-map-0.0.1.tgz 0ms (cache hit)
8407 http cache brace-expansion@https://registry.npmjs.org/brace-expansion/-/brace-expansion-1.1.15.tgz 0ms (cache hit)
8408 http cache balanced-match@https://registry.npmjs.org/balanced-match/-/balanced-match-1.0.2.tgz 0ms (cache hit)
8409 http cache prelude-ls@https://registry.npmjs.org/prelude-ls/-/prelude-ls-1.2.1.tgz 0ms (cache hit)
8410 http cache p-locate@https://registry.npmjs.org/p-locate/-/p-locate-5.0.0.tgz 0ms (cache hit)
8411 http cache mime-db@https://registry.npmjs.org/mime-db/-/mime-db-1.52.0.tgz 0ms (cache hit)
8412 http cache type-check@https://registry.npmjs.org/type-check/-/type-check-0.4.0.tgz 0ms (cache hit)
8413 http cache argparse@https://registry.npmjs.org/argparse/-/argparse-2.0.1.tgz 0ms (cache hit)
8414 http cache json-buffer@https://registry.npmjs.org/json-buffer/-/json-buffer-3.0.1.tgz 0ms (cache hit)
8415 http cache is-extglob@https://registry.npmjs.org/is-extglob/-/is-extglob-2.1.1.tgz 0ms (cache hit)
8416 http cache set-function-name@https://registry.npmjs.org/set-function-name/-/set-function-name-2.0.2.tgz 0ms (cache hit)
8417 http cache side-channel@https://registry.npmjs.org/side-channel/-/side-channel-1.1.1.tgz 0ms (cache hit)
8418 http cache parent-module@https://registry.npmjs.org/parent-module/-/parent-module-1.0.1.tgz 0ms (cache hit)
8419 http cache is-document.all@https://registry.npmjs.org/is-document.all/-/is-document.all-1.0.0.tgz 0ms (cache hit)
8420 http cache resolve-from@https://registry.npmjs.org/resolve-from/-/resolve-from-4.0.0.tgz 0ms (cache hit)
8421 http cache dunder-proto@https://registry.npmjs.org/dunder-proto/-/dunder-proto-1.0.1.tgz 0ms (cache hit)
8422 http cache motion-utils@https://registry.npmjs.org/motion-utils/-/motion-utils-11.18.1.tgz 0ms (cache hit)
8423 http cache motion-dom@https://registry.npmjs.org/motion-dom/-/motion-dom-11.18.1.tgz 0ms (cache hit)
8424 http cache delayed-stream@https://registry.npmjs.org/delayed-stream/-/delayed-stream-1.0.0.tgz 0ms (cache hit)
8425 http cache callsites@https://registry.npmjs.org/callsites/-/callsites-3.1.0.tgz 0ms (cache hit)
8426 http cache mime-types@https://registry.npmjs.org/mime-types/-/mime-types-2.1.35.tgz 0ms (cache hit)
8427 http cache asynckit@https://registry.npmjs.org/asynckit/-/asynckit-0.4.0.tgz 0ms (cache hit)
8428 http cache language-subtag-registry@https://registry.npmjs.org/language-subtag-registry/-/language-subtag-registry-0.3.23.tgz 0ms (cache hit)
8429 http cache path-exists@https://registry.npmjs.org/path-exists/-/path-exists-4.0.0.tgz 0ms (cache hit)
8430 http cache flatted@https://registry.npmjs.org/flatted/-/flatted-3.4.2.tgz 0ms (cache hit)
8431 http cache locate-path@https://registry.npmjs.org/locate-path/-/locate-path-6.0.0.tgz 0ms (cache hit)
8432 http cache flat-cache@https://registry.npmjs.org/flat-cache/-/flat-cache-4.0.1.tgz 0ms (cache hit)
8433 http cache acorn@https://registry.npmjs.org/acorn/-/acorn-8.17.0.tgz 0ms (cache hit)
8434 http cache acorn-jsx@https://registry.npmjs.org/acorn-jsx/-/acorn-jsx-5.3.2.tgz 0ms (cache hit)
8435 http cache combined-stream@https://registry.npmjs.org/combined-stream/-/combined-stream-1.0.8.tgz 0ms (cache hit)
8436 http cache iterator.prototype@https://registry.npmjs.org/iterator.prototype/-/iterator.prototype-1.1.5.tgz 0ms (cache hit)
8437 http cache esrecurse@https://registry.npmjs.org/esrecurse/-/esrecurse-4.3.0.tgz 0ms (cache hit)
8438 http cache string.prototype.matchall@https://registry.npmjs.org/string.prototype.matchall/-/string.prototype.matchall-4.0.12.tgz 0ms (cache hit)
8439 http cache string.prototype.repeat@https://registry.npmjs.org/string.prototype.repeat/-/string.prototype.repeat-1.0.0.tgz 0ms (cache hit)
8440 http cache keyv@https://registry.npmjs.org/keyv/-/keyv-4.5.4.tgz 0ms (cache hit)
8441 http cache prop-types@https://registry.npmjs.org/prop-types/-/prop-types-15.8.1.tgz 0ms (cache hit)
8442 http cache estraverse@https://registry.npmjs.org/estraverse/-/estraverse-5.3.0.tgz 0ms (cache hit)
8443 http cache object.entries@https://registry.npmjs.org/object.entries/-/object.entries-1.1.9.tgz 0ms (cache hit)
8444 http cache array.prototype.tosorted@https://registry.npmjs.org/array.prototype.tosorted/-/array.prototype.tosorted-1.1.4.tgz 0ms (cache hit)
8445 http cache es-iterator-helpers@https://registry.npmjs.org/es-iterator-helpers/-/es-iterator-helpers-1.3.3.tgz 0ms (cache hit)
8446 http cache array.prototype.findlast@https://registry.npmjs.org/array.prototype.findlast/-/array.prototype.findlast-1.2.5.tgz 0ms (cache hit)
8447 http cache language-tags@https://registry.npmjs.org/language-tags/-/language-tags-1.0.9.tgz 0ms (cache hit)
8448 http cache string.prototype.includes@https://registry.npmjs.org/string.prototype.includes/-/string.prototype.includes-2.0.1.tgz 0ms (cache hit)
8449 http cache jsx-ast-utils@https://registry.npmjs.org/jsx-ast-utils/-/jsx-ast-utils-3.3.5.tgz 0ms (cache hit)
8450 http cache damerau-levenshtein@https://registry.npmjs.org/damerau-levenshtein/-/damerau-levenshtein-1.0.8.tgz 0ms (cache hit)
8451 http cache axobject-query@https://registry.npmjs.org/axobject-query/-/axobject-query-4.1.0.tgz 0ms (cache hit)
8452 http cache emoji-regex@https://registry.npmjs.org/emoji-regex/-/emoji-regex-9.2.2.tgz 0ms (cache hit)
8453 http cache axe-core@https://registry.npmjs.org/axe-core/-/axe-core-4.12.1.tgz 0ms (cache hit)
8454 http cache is-symbol@https://registry.npmjs.org/is-symbol/-/is-symbol-1.1.1.tgz 0ms (cache hit)
8455 http cache aria-query@https://registry.npmjs.org/aria-query/-/aria-query-5.3.2.tgz 0ms (cache hit)
8456 http cache is-date-object@https://registry.npmjs.org/is-date-object/-/is-date-object-1.1.0.tgz 0ms (cache hit)
8457 http cache ast-types-flow@https://registry.npmjs.org/ast-types-flow/-/ast-types-flow-0.0.8.tgz 0ms (cache hit)
8458 http cache es-abstract-get@https://registry.npmjs.org/es-abstract-get/-/es-abstract-get-1.0.0.tgz 0ms (cache hit)
8459 http cache has-tostringtag@https://registry.npmjs.org/has-tostringtag/-/has-tostringtag-1.0.2.tgz 0ms (cache hit)
8460 http cache possible-typed-array-names@https://registry.npmjs.org/possible-typed-array-names/-/possible-typed-array-names-1.1.0.tgz 0ms (cache hit)
8461 http cache resolve@https://registry.npmjs.org/resolve/-/resolve-2.0.0-next.7.tgz 0ms (cache hit)
8462 http cache which-typed-array@https://registry.npmjs.org/which-typed-array/-/which-typed-array-1.1.22.tgz 0ms (cache hit)
8463 http cache typed-array-length@https://registry.npmjs.org/typed-array-length/-/typed-array-length-1.0.8.tgz 0ms (cache hit)
8464 http cache typed-array-byte-length@https://registry.npmjs.org/typed-array-byte-length/-/typed-array-byte-length-1.0.3.tgz 0ms (cache hit)
8465 http cache unbox-primitive@https://registry.npmjs.org/unbox-primitive/-/unbox-primitive-1.1.0.tgz 0ms (cache hit)
8466 http cache typed-array-byte-offset@https://registry.npmjs.org/typed-array-byte-offset/-/typed-array-byte-offset-1.0.4.tgz 0ms (cache hit)
8467 http cache typed-array-buffer@https://registry.npmjs.org/typed-array-buffer/-/typed-array-buffer-1.0.3.tgz 0ms (cache hit)
8468 http cache string.prototype.trim@https://registry.npmjs.org/string.prototype.trim/-/string.prototype.trim-1.2.11.tgz 0ms (cache hit)
8469 http cache safe-regex-test@https://registry.npmjs.org/safe-regex-test/-/safe-regex-test-1.1.0.tgz 0ms (cache hit)
8470 http cache set-proto@https://registry.npmjs.org/set-proto/-/set-proto-1.0.0.tgz 0ms (cache hit)
8471 http cache stop-iteration-iterator@https://registry.npmjs.org/stop-iteration-iterator/-/stop-iteration-iterator-1.1.0.tgz 0ms (cache hit)
8472 http cache string.prototype.trimstart@https://registry.npmjs.org/string.prototype.trimstart/-/string.prototype.trimstart-1.0.8.tgz 0ms (cache hit)
8473 http cache safe-push-apply@https://registry.npmjs.org/safe-push-apply/-/safe-push-apply-1.0.0.tgz 0ms (cache hit)
8474 http cache own-keys@https://registry.npmjs.org/own-keys/-/own-keys-1.0.1.tgz 0ms (cache hit)
8475 http cache regexp.prototype.flags@https://registry.npmjs.org/regexp.prototype.flags/-/regexp.prototype.flags-1.5.4.tgz 0ms (cache hit)
8476 http cache object.assign@https://registry.npmjs.org/object.assign/-/object.assign-4.1.7.tgz 0ms (cache hit)
8477 http cache safe-array-concat@https://registry.npmjs.org/safe-array-concat/-/safe-array-concat-1.1.4.tgz 0ms (cache hit)
8478 http cache is-weakref@https://registry.npmjs.org/is-weakref/-/is-weakref-1.1.1.tgz 0ms (cache hit)
8479 http cache object-inspect@https://registry.npmjs.org/object-inspect/-/object-inspect-1.13.4.tgz 0ms (cache hit)
8480 http cache is-shared-array-buffer@https://registry.npmjs.org/is-shared-array-buffer/-/is-shared-array-buffer-1.0.4.tgz 0ms (cache hit)
8481 http cache is-regex@https://registry.npmjs.org/is-regex/-/is-regex-1.2.1.tgz 0ms (cache hit)
8482 http cache is-set@https://registry.npmjs.org/is-set/-/is-set-2.0.3.tgz 0ms (cache hit)
8483 http cache is-array-buffer@https://registry.npmjs.org/is-array-buffer/-/is-array-buffer-3.0.5.tgz 0ms (cache hit)
8484 http cache is-negative-zero@https://registry.npmjs.org/is-negative-zero/-/is-negative-zero-2.0.3.tgz 0ms (cache hit)
8485 http cache is-typed-array@https://registry.npmjs.org/is-typed-array/-/is-typed-array-1.1.15.tgz 0ms (cache hit)
8486 http cache is-data-view@https://registry.npmjs.org/is-data-view/-/is-data-view-1.0.2.tgz 0ms (cache hit)
8487 http cache internal-slot@https://registry.npmjs.org/internal-slot/-/internal-slot-1.1.0.tgz 0ms (cache hit)
8488 http cache has-proto@https://registry.npmjs.org/has-proto/-/has-proto-1.2.0.tgz 0ms (cache hit)
8489 http cache has-symbols@https://registry.npmjs.org/has-symbols/-/has-symbols-1.1.0.tgz 0ms (cache hit)
8490 http cache globalthis@https://registry.npmjs.org/globalthis/-/globalthis-1.0.4.tgz 0ms (cache hit)
8491 http cache get-proto@https://registry.npmjs.org/get-proto/-/get-proto-1.0.1.tgz 0ms (cache hit)
8492 http cache get-symbol-description@https://registry.npmjs.org/get-symbol-description/-/get-symbol-description-1.1.0.tgz 0ms (cache hit)
8493 http cache es-to-primitive@https://registry.npmjs.org/es-to-primitive/-/es-to-primitive-1.3.1.tgz 0ms (cache hit)
8494 http cache es-set-tostringtag@https://registry.npmjs.org/es-set-tostringtag/-/es-set-tostringtag-2.1.0.tgz 0ms (cache hit)
8495 http cache data-view-byte-length@https://registry.npmjs.org/data-view-byte-length/-/data-view-byte-length-1.0.2.tgz 0ms (cache hit)
8496 http cache data-view-buffer@https://registry.npmjs.org/data-view-buffer/-/data-view-buffer-1.0.2.tgz 0ms (cache hit)
8497 http cache is-callable@https://registry.npmjs.org/is-callable/-/is-callable-1.2.7.tgz 0ms (cache hit)
8498 http cache data-view-byte-offset@https://registry.npmjs.org/data-view-byte-offset/-/data-view-byte-offset-1.0.1.tgz 0ms (cache hit)
8499 http cache available-typed-arrays@https://registry.npmjs.org/available-typed-arrays/-/available-typed-arrays-1.0.7.tgz 0ms (cache hit)
8500 http cache array-buffer-byte-length@https://registry.npmjs.org/array-buffer-byte-length/-/array-buffer-byte-length-1.0.2.tgz 0ms (cache hit)
8501 http cache object-keys@https://registry.npmjs.org/object-keys/-/object-keys-1.1.1.tgz 0ms (cache hit)
8502 http cache arraybuffer.prototype.slice@https://registry.npmjs.org/arraybuffer.prototype.slice/-/arraybuffer.prototype.slice-1.0.4.tgz 0ms (cache hit)
8503 http cache function.prototype.name@https://registry.npmjs.org/function.prototype.name/-/function.prototype.name-1.2.0.tgz 0ms (cache hit)
8504 http cache gopd@https://registry.npmjs.org/gopd/-/gopd-1.2.0.tgz 0ms (cache hit)
8505 http cache has-property-descriptors@https://registry.npmjs.org/has-property-descriptors/-/has-property-descriptors-1.0.2.tgz 0ms (cache hit)
8506 http cache define-data-property@https://registry.npmjs.org/define-data-property/-/define-data-property-1.1.4.tgz 0ms (cache hit)
8507 http cache function-bind@https://registry.npmjs.org/function-bind/-/function-bind-1.1.2.tgz 0ms (cache hit)
8508 http cache call-bind-apply-helpers@https://registry.npmjs.org/call-bind-apply-helpers/-/call-bind-apply-helpers-1.0.2.tgz 0ms (cache hit)
8509 http cache set-function-length@https://registry.npmjs.org/set-function-length/-/set-function-length-1.2.2.tgz 0ms (cache hit)
8510 http cache es-define-property@https://registry.npmjs.org/es-define-property/-/es-define-property-1.0.1.tgz 0ms (cache hit)
8511 http cache es-shim-unscopables@https://registry.npmjs.org/es-shim-unscopables/-/es-shim-unscopables-1.1.0.tgz 0ms (cache hit)
8512 http cache es-errors@https://registry.npmjs.org/es-errors/-/es-errors-1.3.0.tgz 0ms (cache hit)
8513 http cache math-intrinsics@https://registry.npmjs.org/math-intrinsics/-/math-intrinsics-1.1.0.tgz 0ms (cache hit)
8514 http cache is-string@https://registry.npmjs.org/is-string/-/is-string-1.1.1.tgz 0ms (cache hit)
8515 http cache es-abstract@https://registry.npmjs.org/es-abstract/-/es-abstract-1.24.2.tgz 0ms (cache hit)
8516 http cache define-properties@https://registry.npmjs.org/define-properties/-/define-properties-1.2.1.tgz 0ms (cache hit)
8517 http cache get-intrinsic@https://registry.npmjs.org/get-intrinsic/-/get-intrinsic-1.3.0.tgz 0ms (cache hit)
8518 http cache es-object-atoms@https://registry.npmjs.org/es-object-atoms/-/es-object-atoms-1.1.2.tgz 0ms (cache hit)
8519 http cache call-bound@https://registry.npmjs.org/call-bound/-/call-bound-1.0.4.tgz 0ms (cache hit)
8520 http cache call-bind@https://registry.npmjs.org/call-bind/-/call-bind-1.0.9.tgz 0ms (cache hit)
8521 http cache tsconfig-paths@https://registry.npmjs.org/tsconfig-paths/-/tsconfig-paths-3.15.0.tgz 0ms (cache hit)
8522 http cache object.values@https://registry.npmjs.org/object.values/-/object.values-1.2.1.tgz 0ms (cache hit)
8523 http cache object.fromentries@https://registry.npmjs.org/object.fromentries/-/object.fromentries-2.0.8.tgz 0ms (cache hit)
8524 http cache object.groupby@https://registry.npmjs.org/object.groupby/-/object.groupby-1.0.3.tgz 0ms (cache hit)
8525 http cache is-core-module@https://registry.npmjs.org/is-core-module/-/is-core-module-2.16.2.tgz 0ms (cache hit)
8526 http cache string.prototype.trimend@https://registry.npmjs.org/string.prototype.trimend/-/string.prototype.trimend-1.0.10.tgz 0ms (cache hit)
8527 http cache hasown@https://registry.npmjs.org/hasown/-/hasown-2.0.4.tgz 0ms (cache hit)
8528 http cache eslint-module-utils@https://registry.npmjs.org/eslint-module-utils/-/eslint-module-utils-2.13.0.tgz 0ms (cache hit)
8529 http cache array.prototype.flatmap@https://registry.npmjs.org/array.prototype.flatmap/-/array.prototype.flatmap-1.3.3.tgz 0ms (cache hit)
8530 http cache doctrine@https://registry.npmjs.org/doctrine/-/doctrine-2.1.0.tgz 0ms (cache hit)
8531 http cache eslint-import-resolver-node@https://registry.npmjs.org/eslint-import-resolver-node/-/eslint-import-resolver-node-0.3.10.tgz 0ms (cache hit)
8532 http cache array-includes@https://registry.npmjs.org/array-includes/-/array-includes-3.1.9.tgz 0ms (cache hit)
8533 http cache array.prototype.flat@https://registry.npmjs.org/array.prototype.flat/-/array.prototype.flat-1.3.3.tgz 0ms (cache hit)
8534 http cache color-name@https://registry.npmjs.org/color-name/-/color-name-1.1.4.tgz 0ms (cache hit)
8535 http cache array.prototype.findlastindex@https://registry.npmjs.org/array.prototype.findlastindex/-/array.prototype.findlastindex-1.2.6.tgz 0ms (cache hit)
8536 http cache color-convert@https://registry.npmjs.org/color-convert/-/color-convert-2.0.1.tgz 0ms (cache hit)
8537 http cache supports-color@https://registry.npmjs.org/supports-color/-/supports-color-7.2.0.tgz 0ms (cache hit)
8538 http cache ansi-styles@https://registry.npmjs.org/ansi-styles/-/ansi-styles-4.3.0.tgz 0ms (cache hit)
8539 http cache uri-js@https://registry.npmjs.org/uri-js/-/uri-js-4.4.1.tgz 0ms (cache hit)
8540 http cache @rtsao/scc@https://registry.npmjs.org/@rtsao/scc/-/scc-1.1.0.tgz 0ms (cache hit)
8541 http cache fast-json-stable-stringify@https://registry.npmjs.org/fast-json-stable-stringify/-/fast-json-stable-stringify-2.1.0.tgz 0ms (cache hit)
8542 http cache json-schema-traverse@https://registry.npmjs.org/json-schema-traverse/-/json-schema-traverse-0.4.1.tgz 0ms (cache hit)
8543 http cache @humanfs/types@https://registry.npmjs.org/@humanfs/types/-/types-0.15.0.tgz 0ms (cache hit)
8544 http cache @humanfs/core@https://registry.npmjs.org/@humanfs/core/-/core-0.19.2.tgz 0ms (cache hit)
8545 http cache js-yaml@https://registry.npmjs.org/js-yaml/-/js-yaml-4.2.0.tgz 0ms (cache hit)
8546 http cache levn@https://registry.npmjs.org/levn/-/levn-0.4.1.tgz 0ms (cache hit)
8547 http cache @eslint/object-schema@https://registry.npmjs.org/@eslint/object-schema/-/object-schema-2.1.7.tgz 0ms (cache hit)
8548 http cache natural-compare@https://registry.npmjs.org/natural-compare/-/natural-compare-1.4.0.tgz 0ms (cache hit)
8549 http cache optionator@https://registry.npmjs.org/optionator/-/optionator-0.9.4.tgz 0ms (cache hit)
8550 http cache strip-json-comments@https://registry.npmjs.org/strip-json-comments/-/strip-json-comments-3.1.1.tgz 0ms (cache hit)
8551 http cache is-glob@https://registry.npmjs.org/is-glob/-/is-glob-4.0.3.tgz 0ms (cache hit)
8552 http cache lodash.merge@https://registry.npmjs.org/lodash.merge/-/lodash.merge-4.6.2.tgz 0ms (cache hit)
8553 http cache imurmurhash@https://registry.npmjs.org/imurmurhash/-/imurmurhash-0.1.4.tgz 0ms (cache hit)
8554 http cache glob-parent@https://registry.npmjs.org/glob-parent/-/glob-parent-6.0.2.tgz 0ms (cache hit)
8555 http cache ignore@https://registry.npmjs.org/ignore/-/ignore-5.3.2.tgz 0ms (cache hit)
8556 http cache json-stable-stringify-without-jsonify@https://registry.npmjs.org/json-stable-stringify-without-jsonify/-/json-stable-stringify-without-jsonify-1.0.1.tgz 0ms (cache hit)
8557 http cache find-up@https://registry.npmjs.org/find-up/-/find-up-5.0.0.tgz 0ms (cache hit)
8558 http cache file-entry-cache@https://registry.npmjs.org/file-entry-cache/-/file-entry-cache-8.0.0.tgz 0ms (cache hit)
8559 http cache fast-deep-equal@https://registry.npmjs.org/fast-deep-equal/-/fast-deep-equal-3.1.3.tgz 0ms (cache hit)
8560 http cache espree@https://registry.npmjs.org/espree/-/espree-10.4.0.tgz 0ms (cache hit)
8561 http cache eslint-visitor-keys@https://registry.npmjs.org/eslint-visitor-keys/-/eslint-visitor-keys-4.2.1.tgz 0ms (cache hit)
8562 http cache eslint-scope@https://registry.npmjs.org/eslint-scope/-/eslint-scope-8.4.0.tgz 0ms (cache hit)
8563 http cache escape-string-regexp@https://registry.npmjs.org/escape-string-regexp/-/escape-string-regexp-4.0.0.tgz 0ms (cache hit)
8564 http cache esutils@https://registry.npmjs.org/esutils/-/esutils-2.0.3.tgz 0ms (cache hit)
8565 http cache esquery@https://registry.npmjs.org/esquery/-/esquery-1.7.0.tgz 0ms (cache hit)
8566 http cache ajv@https://registry.npmjs.org/ajv/-/ajv-6.15.0.tgz 0ms (cache hit)
8567 http cache minimatch@https://registry.npmjs.org/minimatch/-/minimatch-3.1.5.tgz 0ms (cache hit)
8568 http cache @types/estree@https://registry.npmjs.org/@types/estree/-/estree-1.0.9.tgz 0ms (cache hit)
8569 http cache @humanwhocodes/retry@https://registry.npmjs.org/@humanwhocodes/retry/-/retry-0.4.3.tgz 0ms (cache hit)
8570 http cache @humanwhocodes/module-importer@https://registry.npmjs.org/@humanwhocodes/module-importer/-/module-importer-1.0.1.tgz 0ms (cache hit)
8571 http cache @humanfs/node@https://registry.npmjs.org/@humanfs/node/-/node-0.16.8.tgz 0ms (cache hit)
8572 http cache @eslint/eslintrc@https://registry.npmjs.org/@eslint/eslintrc/-/eslintrc-3.3.5.tgz 0ms (cache hit)
8573 http cache @types/json-schema@https://registry.npmjs.org/@types/json-schema/-/json-schema-7.0.15.tgz 0ms (cache hit)
8574 http cache @eslint/plugin-kit@https://registry.npmjs.org/@eslint/plugin-kit/-/plugin-kit-0.2.8.tgz 0ms (cache hit)
8575 http cache @eslint/core@https://registry.npmjs.org/@eslint/core/-/core-0.12.0.tgz 0ms (cache hit)
8576 http cache @eslint/config-array@https://registry.npmjs.org/@eslint/config-array/-/config-array-0.19.2.tgz 0ms (cache hit)
8577 http cache @eslint-community/regexpp@https://registry.npmjs.org/@eslint-community/regexpp/-/regexpp-4.12.2.tgz 0ms (cache hit)
8578 http cache @eslint-community/eslint-utils@https://registry.npmjs.org/@eslint-community/eslint-utils/-/eslint-utils-4.9.1.tgz 0ms (cache hit)
8579 http cache chalk@https://registry.npmjs.org/chalk/-/chalk-4.1.2.tgz 0ms (cache hit)
8580 http cache embla-carousel-reactive-utils@https://registry.npmjs.org/embla-carousel-reactive-utils/-/embla-carousel-reactive-utils-8.6.0.tgz 0ms (cache hit)
8581 http cache @eslint/config-helpers@https://registry.npmjs.org/@eslint/config-helpers/-/config-helpers-0.2.3.tgz 0ms (cache hit)
8582 http cache embla-carousel@https://registry.npmjs.org/embla-carousel/-/embla-carousel-8.6.0.tgz 0ms (cache hit)
8583 http cache path-key@https://registry.npmjs.org/path-key/-/path-key-3.1.1.tgz 0ms (cache hit)
8584 http cache which@https://registry.npmjs.org/which/-/which-2.0.2.tgz 0ms (cache hit)
8585 http cache ms@https://registry.npmjs.org/ms/-/ms-2.1.3.tgz 0ms (cache hit)
8586 http cache ts-node@https://registry.npmjs.org/ts-node/-/ts-node-10.9.2.tgz 0ms (cache hit)
8587 http cache shebang-command@https://registry.npmjs.org/shebang-command/-/shebang-command-2.0.0.tgz 0ms (cache hit)
8588 http cache parse-json@https://registry.npmjs.org/parse-json/-/parse-json-5.2.0.tgz 0ms (cache hit)
8589 http cache yaml@https://registry.npmjs.org/yaml/-/yaml-1.10.3.tgz 0ms (cache hit)
8590 http cache import-fresh@https://registry.npmjs.org/import-fresh/-/import-fresh-3.3.1.tgz 0ms (cache hit)
8591 http cache update-browserslist-db@https://registry.npmjs.org/update-browserslist-db/-/update-browserslist-db-1.2.3.tgz 0ms (cache hit)
8592 http cache functions-have-names@https://registry.npmjs.org/functions-have-names/-/functions-have-names-1.2.3.tgz 0ms (cache hit)
8593 http cache baseline-browser-mapping@https://registry.npmjs.org/baseline-browser-mapping/-/baseline-browser-mapping-2.10.38.tgz 0ms (cache hit)
8594 http cache node-releases@https://registry.npmjs.org/node-releases/-/node-releases-2.0.50.tgz 0ms (cache hit)
8595 http cache electron-to-chromium@https://registry.npmjs.org/electron-to-chromium/-/electron-to-chromium-1.5.378.tgz 1ms (cache hit)
8596 http cache @types/parse-json@https://registry.npmjs.org/@types/parse-json/-/parse-json-4.0.2.tgz 0ms (cache hit)
8597 http cache proxy-from-env@https://registry.npmjs.org/proxy-from-env/-/proxy-from-env-2.1.0.tgz 0ms (cache hit)
8598 http cache path-type@https://registry.npmjs.org/path-type/-/path-type-4.0.0.tgz 0ms (cache hit)
8599 http cache follow-redirects@https://registry.npmjs.org/follow-redirects/-/follow-redirects-1.16.0.tgz 0ms (cache hit)
8600 http cache form-data@https://registry.npmjs.org/form-data/-/form-data-4.0.6.tgz 0ms (cache hit)
8601 http cache postcss-value-parser@https://registry.npmjs.org/postcss-value-parser/-/postcss-value-parser-4.2.0.tgz 0ms (cache hit)
8602 http cache normalize-range@https://registry.npmjs.org/normalize-range/-/normalize-range-0.1.2.tgz 0ms (cache hit)
8603 http cache caniuse-lite@https://registry.npmjs.org/caniuse-lite/-/caniuse-lite-1.0.30001799.tgz 0ms (cache hit)
8604 http cache browserslist@https://registry.npmjs.org/browserslist/-/browserslist-4.28.4.tgz 0ms (cache hit)
8605 http cache fraction.js@https://registry.npmjs.org/fraction.js/-/fraction.js-4.3.7.tgz 0ms (cache hit)
8606 http cache @radix-ui/number@https://registry.npmjs.org/@radix-ui/number/-/number-1.1.1.tgz 0ms (cache hit)
8607 http cache @floating-ui/utils@https://registry.npmjs.org/@floating-ui/utils/-/utils-0.2.11.tgz 0ms (cache hit)
8608 http cache use-sync-external-store@https://registry.npmjs.org/use-sync-external-store/-/use-sync-external-store-1.6.0.tgz 0ms (cache hit)
8609 http cache @tanstack/query-core@https://registry.npmjs.org/@tanstack/query-core/-/query-core-5.56.2.tgz 0ms (cache hit)
8610 http cache @floating-ui/core@https://registry.npmjs.org/@floating-ui/core/-/core-1.7.5.tgz 0ms (cache hit)
8611 http cache @radix-ui/rect@https://registry.npmjs.org/@radix-ui/rect/-/rect-1.1.1.tgz 0ms (cache hit)
8612 http cache tslib@https://registry.npmjs.org/tslib/-/tslib-2.8.1.tgz 0ms (cache hit)
8613 http cache @radix-ui/react-use-rect@https://registry.npmjs.org/@radix-ui/react-use-rect/-/react-use-rect-1.1.1.tgz 0ms (cache hit)
8614 http cache @radix-ui/react-use-effect-event@https://registry.npmjs.org/@radix-ui/react-use-effect-event/-/react-use-effect-event-0.0.2.tgz 0ms (cache hit)
8615 http cache @radix-ui/react-visually-hidden@https://registry.npmjs.org/@radix-ui/react-visually-hidden/-/react-visually-hidden-1.2.0.tgz 0ms (cache hit)
8616 http cache @floating-ui/dom@https://registry.npmjs.org/@floating-ui/dom/-/dom-1.7.6.tgz 0ms (cache hit)
8617 http cache @radix-ui/react-roving-focus@https://registry.npmjs.org/@radix-ui/react-roving-focus/-/react-roving-focus-1.1.7.tgz 0ms (cache hit)
8618 http cache @radix-ui/react-popper@https://registry.npmjs.org/@radix-ui/react-popper/-/react-popper-1.2.4.tgz 0ms (cache hit)
8619 http cache @radix-ui/react-use-escape-keydown@https://registry.npmjs.org/@radix-ui/react-use-escape-keydown/-/react-use-escape-keydown-1.1.1.tgz 0ms (cache hit)
8620 http cache @floating-ui/react-dom@https://registry.npmjs.org/@floating-ui/react-dom/-/react-dom-2.1.8.tgz 0ms (cache hit)
8621 http cache react-remove-scroll@https://registry.npmjs.org/react-remove-scroll/-/react-remove-scroll-2.7.2.tgz 0ms (cache hit)
8622 http cache @radix-ui/react-arrow@https://registry.npmjs.org/@radix-ui/react-arrow/-/react-arrow-1.1.4.tgz 0ms (cache hit)
8623 http cache @radix-ui/react-focus-scope@https://registry.npmjs.org/@radix-ui/react-focus-scope/-/react-focus-scope-1.1.4.tgz 0ms (cache hit)
8624 http cache @radix-ui/react-portal@https://registry.npmjs.org/@radix-ui/react-portal/-/react-portal-1.1.6.tgz 0ms (cache hit)
8625 http cache @radix-ui/react-use-size@https://registry.npmjs.org/@radix-ui/react-use-size/-/react-use-size-1.1.1.tgz 0ms (cache hit)
8626 http cache aria-hidden@https://registry.npmjs.org/aria-hidden/-/aria-hidden-1.2.6.tgz 0ms (cache hit)
8627 http cache @radix-ui/react-menu@https://registry.npmjs.org/@radix-ui/react-menu/-/react-menu-2.1.12.tgz 0ms (cache hit)
8628 http cache @radix-ui/react-presence@https://registry.npmjs.org/@radix-ui/react-presence/-/react-presence-1.1.4.tgz 0ms (cache hit)
8629 http cache @radix-ui/react-focus-guards@https://registry.npmjs.org/@radix-ui/react-focus-guards/-/react-focus-guards-1.1.2.tgz 0ms (cache hit)
8630 http cache @radix-ui/react-dismissable-layer@https://registry.npmjs.org/@radix-ui/react-dismissable-layer/-/react-dismissable-layer-1.1.7.tgz 0ms (cache hit)
8631 http cache @radix-ui/react-use-previous@https://registry.npmjs.org/@radix-ui/react-use-previous/-/react-use-previous-1.1.1.tgz 0ms (cache hit)
8632 http cache @radix-ui/react-use-callback-ref@https://registry.npmjs.org/@radix-ui/react-use-callback-ref/-/react-use-callback-ref-1.1.1.tgz 0ms (cache hit)
8633 http cache @radix-ui/react-use-is-hydrated@https://registry.npmjs.org/@radix-ui/react-use-is-hydrated/-/react-use-is-hydrated-0.1.0.tgz 0ms (cache hit)
8634 http cache @radix-ui/react-use-layout-effect@https://registry.npmjs.org/@radix-ui/react-use-layout-effect/-/react-use-layout-effect-1.1.1.tgz 0ms (cache hit)
8635 http cache @radix-ui/react-direction@https://registry.npmjs.org/@radix-ui/react-direction/-/react-direction-1.1.1.tgz 0ms (cache hit)
8636 http cache @radix-ui/react-id@https://registry.npmjs.org/@radix-ui/react-id/-/react-id-1.1.1.tgz 0ms (cache hit)
8637 http cache @radix-ui/react-use-controllable-state@https://registry.npmjs.org/@radix-ui/react-use-controllable-state/-/react-use-controllable-state-1.2.2.tgz 0ms (cache hit)
8638 http cache @radix-ui/react-primitive@https://registry.npmjs.org/@radix-ui/react-primitive/-/react-primitive-2.1.0.tgz 0ms (cache hit)
8639 http cache @radix-ui/react-context@https://registry.npmjs.org/@radix-ui/react-context/-/react-context-1.1.2.tgz 0ms (cache hit)
8640 http cache @radix-ui/react-collection@https://registry.npmjs.org/@radix-ui/react-collection/-/react-collection-1.1.4.tgz 0ms (cache hit)
8641 http cache @radix-ui/react-compose-refs@https://registry.npmjs.org/@radix-ui/react-compose-refs/-/react-compose-refs-1.1.2.tgz 0ms (cache hit)
8642 http cache @radix-ui/primitive@https://registry.npmjs.org/@radix-ui/primitive/-/primitive-1.1.2.tgz 0ms (cache hit)
8643 http cache @jridgewell/resolve-uri@https://registry.npmjs.org/@jridgewell/resolve-uri/-/resolve-uri-3.1.2.tgz 0ms (cache hit)
8644 http cache webpack-merge@https://registry.npmjs.org/webpack-merge/-/webpack-merge-5.10.0.tgz 0ms (cache hit)
8645 http cache @standard-schema/utils@https://registry.npmjs.org/@standard-schema/utils/-/utils-0.3.0.tgz 0ms (cache hit)
8646 http cache @jridgewell/sourcemap-codec@https://registry.npmjs.org/@jridgewell/sourcemap-codec/-/sourcemap-codec-1.5.5.tgz 0ms (cache hit)
8647 http cache cosmiconfig-typescript-loader@https://registry.npmjs.org/cosmiconfig-typescript-loader/-/cosmiconfig-typescript-loader-1.0.9.tgz 0ms (cache hit)
8648 http cache cosmiconfig@https://registry.npmjs.org/cosmiconfig/-/cosmiconfig-7.1.0.tgz 0ms (cache hit)
8649 http cache cross-spawn@https://registry.npmjs.org/cross-spawn/-/cross-spawn-7.0.6.tgz 0ms (cache hit)
8650 http cache @babel/helper-string-parser@https://registry.npmjs.org/@babel/helper-string-parser/-/helper-string-parser-7.29.7.tgz 0ms (cache hit)
8651 http cache @jridgewell/trace-mapping@https://registry.npmjs.org/@jridgewell/trace-mapping/-/trace-mapping-0.3.31.tgz 0ms (cache hit)
8652 http cache @jridgewell/gen-mapping@https://registry.npmjs.org/@jridgewell/gen-mapping/-/gen-mapping-0.3.13.tgz 0ms (cache hit)
8653 http cache jsesc@https://registry.npmjs.org/jsesc/-/jsesc-3.1.0.tgz 0ms (cache hit)
8654 http cache picocolors@https://registry.npmjs.org/picocolors/-/picocolors-1.1.1.tgz 0ms (cache hit)
8655 http cache debug@https://registry.npmjs.org/debug/-/debug-4.4.3.tgz 0ms (cache hit)
8656 http cache @babel/template@https://registry.npmjs.org/@babel/template/-/template-7.29.7.tgz 0ms (cache hit)
8657 http cache js-tokens@https://registry.npmjs.org/js-tokens/-/js-tokens-4.0.0.tgz 0ms (cache hit)
8658 http cache @babel/helper-validator-identifier@https://registry.npmjs.org/@babel/helper-validator-identifier/-/helper-validator-identifier-7.29.7.tgz 0ms (cache hit)
8659 http cache @babel/code-frame@https://registry.npmjs.org/@babel/code-frame/-/code-frame-7.29.7.tgz 0ms (cache hit)
8660 http cache @babel/generator@https://registry.npmjs.org/@babel/generator/-/generator-7.29.7.tgz 0ms (cache hit)
8661 http cache @babel/helper-globals@https://registry.npmjs.org/@babel/helper-globals/-/helper-globals-7.29.7.tgz 0ms (cache hit)
8662 http cache semver@https://registry.npmjs.org/semver/-/semver-6.3.1.tgz 0ms (cache hit)
8663 http cache @babel/traverse@https://registry.npmjs.org/@babel/traverse/-/traverse-7.29.7.tgz 0ms (cache hit)
8664 http cache @babel/helper-replace-supers@https://registry.npmjs.org/@babel/helper-replace-supers/-/helper-replace-supers-7.29.7.tgz 0ms (cache hit)
8665 http cache @babel/types@https://registry.npmjs.org/@babel/types/-/types-7.29.7.tgz 0ms (cache hit)
8666 http cache @babel/helper-skip-transparent-expression-wrappers@https://registry.npmjs.org/@babel/helper-skip-transparent-expression-wrappers/-/helper-skip-transparent-expression-wrappers-7.29.7.tgz 0ms (cache hit)
8667 http cache @babel/helper-optimise-call-expression@https://registry.npmjs.org/@babel/helper-optimise-call-expression/-/helper-optimise-call-expression-7.29.7.tgz 0ms (cache hit)
8668 http cache @babel/parser@https://registry.npmjs.org/@babel/parser/-/parser-7.29.7.tgz 0ms (cache hit)
8669 http cache @babel/helper-plugin-utils@https://registry.npmjs.org/@babel/helper-plugin-utils/-/helper-plugin-utils-7.29.7.tgz 0ms (cache hit)
8670 http cache @babel/helper-annotate-as-pure@https://registry.npmjs.org/@babel/helper-annotate-as-pure/-/helper-annotate-as-pure-7.29.7.tgz 0ms (cache hit)
8671 http cache @babel/plugin-syntax-private-property-in-object@https://registry.npmjs.org/@babel/plugin-syntax-private-property-in-object/-/plugin-syntax-private-property-in-object-7.14.5.tgz 0ms (cache hit)
8672 http cache vaul@https://registry.npmjs.org/vaul/-/vaul-1.1.2.tgz 0ms (cache hit)
8673 http cache tailwindcss-animate@https://registry.npmjs.org/tailwindcss-animate/-/tailwindcss-animate-1.0.7.tgz 0ms (cache hit)
8674 http cache @babel/helper-create-class-features-plugin@https://registry.npmjs.org/@babel/helper-create-class-features-plugin/-/helper-create-class-features-plugin-7.29.7.tgz 0ms (cache hit)
8675 http cache @babel/helper-member-expression-to-functions@https://registry.npmjs.org/@babel/helper-member-expression-to-functions/-/helper-member-expression-to-functions-7.29.7.tgz 0ms (cache hit)
8676 http cache swr@https://registry.npmjs.org/swr/-/swr-2.3.8.tgz 0ms (cache hit)
8677 http cache tailwind-merge@https://registry.npmjs.org/tailwind-merge/-/tailwind-merge-3.2.0.tgz 0ms (cache hit)
8678 http cache tailwindcss@https://registry.npmjs.org/tailwindcss/-/tailwindcss-3.4.17.tgz 0ms (cache hit)
8679 http cache zod@https://registry.npmjs.org/zod/-/zod-3.24.4.tgz 0ms (cache hit)
8680 http cache react-router-dom@https://registry.npmjs.org/react-router-dom/-/react-router-dom-7.15.0.tgz 0ms (cache hit)
8681 http cache react-scripts@https://registry.npmjs.org/react-scripts/-/react-scripts-5.0.1.tgz 0ms (cache hit)
8682 http cache recharts@https://registry.npmjs.org/recharts/-/recharts-3.6.0.tgz 0ms (cache hit)
8683 http cache react-resizable-panels@https://registry.npmjs.org/react-resizable-panels/-/react-resizable-panels-3.0.1.tgz 0ms (cache hit)
8684 http cache react-hook-form@https://registry.npmjs.org/react-hook-form/-/react-hook-form-7.56.2.tgz 0ms (cache hit)
8685 http cache react-day-picker@https://registry.npmjs.org/react-day-picker/-/react-day-picker-8.10.1.tgz 0ms (cache hit)
8686 http cache sonner@https://registry.npmjs.org/sonner/-/sonner-2.0.3.tgz 0ms (cache hit)
8687 http cache react-dom@https://registry.npmjs.org/react-dom/-/react-dom-19.0.0.tgz 0ms (cache hit)
8688 http cache postcss@https://registry.npmjs.org/postcss/-/postcss-8.5.10.tgz 0ms (cache hit)
8689 http cache react@https://registry.npmjs.org/react/-/react-19.0.0.tgz 0ms (cache hit)
8690 http cache lodash@https://registry.npmjs.org/lodash/-/lodash-4.18.1.tgz 0ms (cache hit)
8691 http cache next-themes@https://registry.npmjs.org/next-themes/-/next-themes-0.4.6.tgz 0ms (cache hit)
8692 http cache input-otp@https://registry.npmjs.org/input-otp/-/input-otp-1.4.2.tgz 0ms (cache hit)
8693 http cache framer-motion@https://registry.npmjs.org/framer-motion/-/framer-motion-11.18.0.tgz 0ms (cache hit)
8694 http cache eslint-plugin-react-hooks@https://registry.npmjs.org/eslint-plugin-react-hooks/-/eslint-plugin-react-hooks-5.2.0.tgz 1ms (cache hit)
8695 http cache globals@https://registry.npmjs.org/globals/-/globals-15.15.0.tgz 0ms (cache hit)
8696 http cache eslint-plugin-react@https://registry.npmjs.org/eslint-plugin-react/-/eslint-plugin-react-7.37.4.tgz 0ms (cache hit)
8697 http cache embla-carousel-react@https://registry.npmjs.org/embla-carousel-react/-/embla-carousel-react-8.6.0.tgz 0ms (cache hit)
8698 http cache eslint-plugin-import@https://registry.npmjs.org/eslint-plugin-import/-/eslint-plugin-import-2.31.0.tgz 0ms (cache hit)
8699 http cache eslint-plugin-jsx-a11y@https://registry.npmjs.org/eslint-plugin-jsx-a11y/-/eslint-plugin-jsx-a11y-6.10.2.tgz 0ms (cache hit)
8700 http cache eslint@https://registry.npmjs.org/eslint/-/eslint-9.23.0.tgz 0ms (cache hit)
8701 http cache date-fns@https://registry.npmjs.org/date-fns/-/date-fns-4.1.0.tgz 0ms (cache hit)
8702 http cache dotenv@https://registry.npmjs.org/dotenv/-/dotenv-16.4.5.tgz 0ms (cache hit)
8703 http cache lucide-react@https://registry.npmjs.org/lucide-react/-/lucide-react-0.516.0.tgz 0ms (cache hit)
8704 http cache dayjs@https://registry.npmjs.org/dayjs/-/dayjs-1.11.13.tgz 0ms (cache hit)
8705 http cache class-variance-authority@https://registry.npmjs.org/class-variance-authority/-/class-variance-authority-0.7.1.tgz 0ms (cache hit)
8706 http cache cra-template@https://registry.npmjs.org/cra-template/-/cra-template-1.2.0.tgz 0ms (cache hit)
8707 http cache cmdk@https://registry.npmjs.org/cmdk/-/cmdk-1.1.1.tgz 0ms (cache hit)
8708 http cache autoprefixer@https://registry.npmjs.org/autoprefixer/-/autoprefixer-10.4.20.tgz 0ms (cache hit)
8709 http cache axios@https://registry.npmjs.org/axios/-/axios-1.16.0.tgz 0ms (cache hit)
8710 http cache @types/lodash@https://registry.npmjs.org/@types/lodash/-/lodash-4.17.24.tgz 0ms (cache hit)
8711 http cache @radix-ui/react-toggle-group@https://registry.npmjs.org/@radix-ui/react-toggle-group/-/react-toggle-group-1.1.7.tgz 0ms (cache hit)
8712 http cache @tanstack/react-query@https://registry.npmjs.org/@tanstack/react-query/-/react-query-5.56.2.tgz 0ms (cache hit)
8713 http cache @radix-ui/react-tooltip@https://registry.npmjs.org/@radix-ui/react-tooltip/-/react-tooltip-1.2.4.tgz 0ms (cache hit)
8714 http cache clsx@https://registry.npmjs.org/clsx/-/clsx-2.1.1.tgz 0ms (cache hit)
8715 http cache @radix-ui/react-toggle@https://registry.npmjs.org/@radix-ui/react-toggle/-/react-toggle-1.1.6.tgz 0ms (cache hit)
8716 http cache @radix-ui/react-tabs@https://registry.npmjs.org/@radix-ui/react-tabs/-/react-tabs-1.1.9.tgz 0ms (cache hit)
8717 http cache @radix-ui/react-toast@https://registry.npmjs.org/@radix-ui/react-toast/-/react-toast-1.2.11.tgz 1ms (cache hit)
8718 http cache @radix-ui/react-switch@https://registry.npmjs.org/@radix-ui/react-switch/-/react-switch-1.2.2.tgz 0ms (cache hit)
8719 http cache @radix-ui/react-slot@https://registry.npmjs.org/@radix-ui/react-slot/-/react-slot-1.2.0.tgz 0ms (cache hit)
8720 http cache @radix-ui/react-slider@https://registry.npmjs.org/@radix-ui/react-slider/-/react-slider-1.3.2.tgz 0ms (cache hit)
8721 http cache @radix-ui/react-select@https://registry.npmjs.org/@radix-ui/react-select/-/react-select-2.2.2.tgz 0ms (cache hit)
8722 http cache @radix-ui/react-scroll-area@https://registry.npmjs.org/@radix-ui/react-scroll-area/-/react-scroll-area-1.2.6.tgz 0ms (cache hit)
8723 http cache @radix-ui/react-progress@https://registry.npmjs.org/@radix-ui/react-progress/-/react-progress-1.1.4.tgz 0ms (cache hit)
8724 http cache @radix-ui/react-separator@https://registry.npmjs.org/@radix-ui/react-separator/-/react-separator-1.1.4.tgz 0ms (cache hit)
8725 http cache @radix-ui/react-navigation-menu@https://registry.npmjs.org/@radix-ui/react-navigation-menu/-/react-navigation-menu-1.2.10.tgz 0ms (cache hit)
8726 http cache @radix-ui/react-popover@https://registry.npmjs.org/@radix-ui/react-popover/-/react-popover-1.1.11.tgz 0ms (cache hit)
8727 http cache @radix-ui/react-radio-group@https://registry.npmjs.org/@radix-ui/react-radio-group/-/react-radio-group-1.3.4.tgz 0ms (cache hit)
8728 http cache @radix-ui/react-label@https://registry.npmjs.org/@radix-ui/react-label/-/react-label-2.1.4.tgz 0ms (cache hit)
8729 http cache @radix-ui/react-menubar@https://registry.npmjs.org/@radix-ui/react-menubar/-/react-menubar-1.1.12.tgz 0ms (cache hit)
8730 http cache @radix-ui/react-hover-card@https://registry.npmjs.org/@radix-ui/react-hover-card/-/react-hover-card-1.1.11.tgz 0ms (cache hit)
8731 http cache @radix-ui/react-dropdown-menu@https://registry.npmjs.org/@radix-ui/react-dropdown-menu/-/react-dropdown-menu-2.1.12.tgz 0ms (cache hit)
8732 http cache @radix-ui/react-checkbox@https://registry.npmjs.org/@radix-ui/react-checkbox/-/react-checkbox-1.2.3.tgz 0ms (cache hit)
8733 http cache @radix-ui/react-collapsible@https://registry.npmjs.org/@radix-ui/react-collapsible/-/react-collapsible-1.1.8.tgz 0ms (cache hit)
8734 http cache @radix-ui/react-context-menu@https://registry.npmjs.org/@radix-ui/react-context-menu/-/react-context-menu-2.2.12.tgz 0ms (cache hit)
8735 http cache @radix-ui/react-aspect-ratio@https://registry.npmjs.org/@radix-ui/react-aspect-ratio/-/react-aspect-ratio-1.1.4.tgz 0ms (cache hit)
8736 http cache @radix-ui/react-alert-dialog@https://registry.npmjs.org/@radix-ui/react-alert-dialog/-/react-alert-dialog-1.1.11.tgz 0ms (cache hit)
8737 http cache @radix-ui/react-avatar@https://registry.npmjs.org/@radix-ui/react-avatar/-/react-avatar-1.1.7.tgz 0ms (cache hit)
8738 http cache @radix-ui/react-accordion@https://registry.npmjs.org/@radix-ui/react-accordion/-/react-accordion-1.2.8.tgz 0ms (cache hit)
8739 http cache @eslint/js@https://registry.npmjs.org/@eslint/js/-/js-9.23.0.tgz 0ms (cache hit)
8740 http cache @emergentbase/visual-edits@https://assets.emergent.sh/npm/emergentbase-visual-edits-1.0.12.tgz 0ms (cache hit)
8741 http cache @craco/craco@https://registry.npmjs.org/@craco/craco/-/craco-7.1.0.tgz 0ms (cache hit)
8742 http cache @babel/plugin-proposal-private-property-in-object@https://registry.npmjs.org/@babel/plugin-proposal-private-property-in-object/-/plugin-proposal-private-property-in-object-7.21.11.tgz 0ms (cache hit)
8743 http cache emoji-regex@https://registry.npmjs.org/emoji-regex/-/emoji-regex-8.0.0.tgz 0ms (cache hit)
8744 http cache @types/estree@https://registry.npmjs.org/@types/estree/-/estree-0.0.39.tgz 0ms (cache hit)
8745 http cache brace-expansion@https://registry.npmjs.org/brace-expansion/-/brace-expansion-2.1.1.tgz 0ms (cache hit)
8746 http cache minimatch@https://registry.npmjs.org/minimatch/-/minimatch-5.1.9.tgz 0ms (cache hit)
8747 http cache type-fest@https://registry.npmjs.org/type-fest/-/type-fest-0.16.0.tgz 0ms (cache hit)
8748 http cache serialize-javascript@https://registry.npmjs.org/serialize-javascript/-/serialize-javascript-4.0.0.tgz 0ms (cache hit)
8749 http cache resolve@https://registry.npmjs.org/resolve/-/resolve-1.22.12.tgz 0ms (cache hit)
8750 http cache jest-worker@https://registry.npmjs.org/jest-worker/-/jest-worker-26.6.2.tgz 0ms (cache hit)
8751 http cache webidl-conversions@https://registry.npmjs.org/webidl-conversions/-/webidl-conversions-4.0.2.tgz 0ms (cache hit)
8752 http cache whatwg-url@https://registry.npmjs.org/whatwg-url/-/whatwg-url-7.1.0.tgz 0ms (cache hit)
8753 http cache tr46@https://registry.npmjs.org/tr46/-/tr46-1.0.1.tgz 0ms (cache hit)
8754 http cache json-schema-traverse@https://registry.npmjs.org/json-schema-traverse/-/json-schema-traverse-1.0.0.tgz 0ms (cache hit)
8755 http cache source-map@https://registry.npmjs.org/source-map/-/source-map-0.8.0-beta.0.tgz 0ms (cache hit)
8756 http cache fs-extra@https://registry.npmjs.org/fs-extra/-/fs-extra-9.1.0.tgz 0ms (cache hit)
8757 http cache ajv@https://registry.npmjs.org/ajv/-/ajv-8.20.0.tgz 0ms (cache hit)
8758 http cache string_decoder@https://registry.npmjs.org/string_decoder/-/string_decoder-1.1.1.tgz 0ms (cache hit)
8759 http cache isarray@https://registry.npmjs.org/isarray/-/isarray-1.0.0.tgz 0ms (cache hit)
8760 http cache safe-buffer@https://registry.npmjs.org/safe-buffer/-/safe-buffer-5.1.2.tgz 0ms (cache hit)
8761 http cache readable-stream@https://registry.npmjs.org/readable-stream/-/readable-stream-2.3.8.tgz 0ms (cache hit)
8762 http cache eventemitter3@https://registry.npmjs.org/eventemitter3/-/eventemitter3-4.0.7.tgz 0ms (cache hit)
8763 http cache iconv-lite@https://registry.npmjs.org/iconv-lite/-/iconv-lite-0.4.24.tgz 0ms (cache hit)
8764 http cache debug@https://registry.npmjs.org/debug/-/debug-2.6.9.tgz 0ms (cache hit)
8765 http cache ms@https://registry.npmjs.org/ms/-/ms-2.0.0.tgz 0ms (cache hit)
8766 http cache ipaddr.js@https://registry.npmjs.org/ipaddr.js/-/ipaddr.js-1.9.1.tgz 0ms (cache hit)
8767 http cache debug@https://registry.npmjs.org/debug/-/debug-2.6.9.tgz 0ms (cache hit)
8768 http cache ms@https://registry.npmjs.org/ms/-/ms-2.0.0.tgz 0ms (cache hit)
8769 http cache iconv-lite@https://registry.npmjs.org/iconv-lite/-/iconv-lite-0.4.24.tgz 0ms (cache hit)
8770 http cache debug@https://registry.npmjs.org/debug/-/debug-2.6.9.tgz 0ms (cache hit)
8771 http cache ms@https://registry.npmjs.org/ms/-/ms-2.0.0.tgz 0ms (cache hit)
8772 http cache negotiator@https://registry.npmjs.org/negotiator/-/negotiator-0.6.3.tgz 0ms (cache hit)
8773 http cache statuses@https://registry.npmjs.org/statuses/-/statuses-1.5.0.tgz 0ms (cache hit)
8774 http cache ms@https://registry.npmjs.org/ms/-/ms-2.0.0.tgz 0ms (cache hit)
8775 http cache http-errors@https://registry.npmjs.org/http-errors/-/http-errors-1.8.1.tgz 0ms (cache hit)
8776 http cache depd@https://registry.npmjs.org/depd/-/depd-1.1.2.tgz 0ms (cache hit)
8777 http cache @radix-ui/react-dialog@https://registry.npmjs.org/@radix-ui/react-dialog/-/react-dialog-1.1.11.tgz 0ms (cache hit)
8778 http cache ms@https://registry.npmjs.org/ms/-/ms-2.0.0.tgz 0ms (cache hit)
8779 http cache debug@https://registry.npmjs.org/debug/-/debug-2.6.9.tgz 0ms (cache hit)
8780 http cache cookie@https://registry.npmjs.org/cookie/-/cookie-0.7.2.tgz 0ms (cache hit)
8781 http cache ms@https://registry.npmjs.org/ms/-/ms-2.0.0.tgz 0ms (cache hit)
8782 http cache @types/send@https://registry.npmjs.org/@types/send/-/send-0.17.6.tgz 0ms (cache hit)
8783 http cache debug@https://registry.npmjs.org/debug/-/debug-2.6.9.tgz 0ms (cache hit)
8784 http cache @types/express-serve-static-core@https://registry.npmjs.org/@types/express-serve-static-core/-/express-serve-static-core-4.19.8.tgz 0ms (cache hit)
8785 http cache picomatch@https://registry.npmjs.org/picomatch/-/picomatch-4.0.4.tgz 0ms (cache hit)
8786 http cache @jridgewell/trace-mapping@https://registry.npmjs.org/@jridgewell/trace-mapping/-/trace-mapping-0.3.9.tgz 0ms (cache hit)
8787 http cache commander@https://registry.npmjs.org/commander/-/commander-4.1.1.tgz 0ms (cache hit)
8788 http cache lilconfig@https://registry.npmjs.org/lilconfig/-/lilconfig-3.1.3.tgz 0ms (cache hit)
8789 http cache yaml@https://registry.npmjs.org/yaml/-/yaml-2.9.0.tgz 0ms (cache hit)
8790 http cache resolve@https://registry.npmjs.org/resolve/-/resolve-1.22.12.tgz 0ms (cache hit)
8791 http cache mdn-data@https://registry.npmjs.org/mdn-data/-/mdn-data-2.0.14.tgz 0ms (cache hit)
8792 http cache source-map@https://registry.npmjs.org/source-map/-/source-map-0.6.1.tgz 0ms (cache hit)
8793 http cache css-tree@https://registry.npmjs.org/css-tree/-/css-tree-1.1.3.tgz 0ms (cache hit)
8794 http cache has-flag@https://registry.npmjs.org/has-flag/-/has-flag-3.0.0.tgz 0ms (cache hit)
8795 http cache source-map@https://registry.npmjs.org/source-map/-/source-map-0.6.1.tgz 0ms (cache hit)
8796 http cache color-name@https://registry.npmjs.org/color-name/-/color-name-1.1.3.tgz 0ms (cache hit)
8797 http cache color-convert@https://registry.npmjs.org/color-convert/-/color-convert-1.9.3.tgz 0ms (cache hit)
8798 http cache @hookform/resolvers@https://registry.npmjs.org/@hookform/resolvers/-/resolvers-5.0.1.tgz 0ms (cache hit)
8799 http cache ansi-styles@https://registry.npmjs.org/ansi-styles/-/ansi-styles-3.2.1.tgz 0ms (cache hit)
8800 http cache escape-string-regexp@https://registry.npmjs.org/escape-string-regexp/-/escape-string-regexp-1.0.5.tgz 0ms (cache hit)
8801 http cache json-schema-traverse@https://registry.npmjs.org/json-schema-traverse/-/json-schema-traverse-1.0.0.tgz 0ms (cache hit)
8802 http cache chalk@https://registry.npmjs.org/chalk/-/chalk-2.4.2.tgz 0ms (cache hit)
8803 http cache ajv@https://registry.npmjs.org/ajv/-/ajv-8.20.0.tgz 0ms (cache hit)
8804 http cache supports-color@https://registry.npmjs.org/supports-color/-/supports-color-5.5.0.tgz 0ms (cache hit)
8805 http cache path-exists@https://registry.npmjs.org/path-exists/-/path-exists-3.0.0.tgz 0ms (cache hit)
8806 http cache which@https://registry.npmjs.org/which/-/which-1.3.1.tgz 0ms (cache hit)
8807 http cache immer@https://registry.npmjs.org/immer/-/immer-11.1.8.tgz 0ms (cache hit)
8808 http cache p-limit@https://registry.npmjs.org/p-limit/-/p-limit-2.3.0.tgz 0ms (cache hit)
8809 http cache find-up@https://registry.npmjs.org/find-up/-/find-up-3.0.0.tgz 0ms (cache hit)
8810 http cache p-locate@https://registry.npmjs.org/p-locate/-/p-locate-3.0.0.tgz 0ms (cache hit)
8811 http cache debug@https://registry.npmjs.org/debug/-/debug-2.6.9.tgz 0ms (cache hit)
8812 http cache glob-parent@https://registry.npmjs.org/glob-parent/-/glob-parent-5.1.2.tgz 0ms (cache hit)
8813 http cache locate-path@https://registry.npmjs.org/locate-path/-/locate-path-3.0.0.tgz 0ms (cache hit)
8814 http cache tapable@https://registry.npmjs.org/tapable/-/tapable-1.1.3.tgz 0ms (cache hit)
8815 http cache fs-extra@https://registry.npmjs.org/fs-extra/-/fs-extra-9.1.0.tgz 0ms (cache hit)
8816 http cache semver@https://registry.npmjs.org/semver/-/semver-7.8.5.tgz 0ms (cache hit)
8817 http cache debug@https://registry.npmjs.org/debug/-/debug-2.6.9.tgz 0ms (cache hit)
8818 http cache ms@https://registry.npmjs.org/ms/-/ms-2.0.0.tgz 0ms (cache hit)
8819 http cache iconv-lite@https://registry.npmjs.org/iconv-lite/-/iconv-lite-0.4.24.tgz 0ms (cache hit)
8820 http cache source-map@https://registry.npmjs.org/source-map/-/source-map-0.6.1.tgz 0ms (cache hit)
8821 http cache cosmiconfig@https://registry.npmjs.org/cosmiconfig/-/cosmiconfig-6.0.0.tgz 0ms (cache hit)
8822 http cache cssom@https://registry.npmjs.org/cssom/-/cssom-0.3.8.tgz 0ms (cache hit)
8823 http cache schema-utils@https://registry.npmjs.org/schema-utils/-/schema-utils-2.7.0.tgz 0ms (cache hit)
8824 http cache acorn@https://registry.npmjs.org/acorn/-/acorn-7.4.1.tgz 0ms (cache hit)
8825 http cache source-map@https://registry.npmjs.org/source-map/-/source-map-0.6.1.tgz 0ms (cache hit)
8826 http cache webidl-conversions@https://registry.npmjs.org/webidl-conversions/-/webidl-conversions-5.0.0.tgz 0ms (cache hit)
8827 http cache react-is@https://registry.npmjs.org/react-is/-/react-is-17.0.2.tgz 0ms (cache hit)
8828 http cache source-map@https://registry.npmjs.org/source-map/-/source-map-0.6.1.tgz 0ms (cache hit)
8829 http cache ansi-styles@https://registry.npmjs.org/ansi-styles/-/ansi-styles-5.2.0.tgz 0ms (cache hit)
8830 http cache escape-string-regexp@https://registry.npmjs.org/escape-string-regexp/-/escape-string-regexp-2.0.0.tgz 0ms (cache hit)
8831 http cache form-data@https://registry.npmjs.org/form-data/-/form-data-3.0.5.tgz 0ms (cache hit)
8832 http cache convert-source-map@https://registry.npmjs.org/convert-source-map/-/convert-source-map-1.9.0.tgz 0ms (cache hit)
8833 http cache semver@https://registry.npmjs.org/semver/-/semver-7.8.5.tgz 0ms (cache hit)
8834 http cache make-dir@https://registry.npmjs.org/make-dir/-/make-dir-4.0.0.tgz 0ms (cache hit)
8835 http cache source-map@https://registry.npmjs.org/source-map/-/source-map-0.6.1.tgz 0ms (cache hit)
8836 http cache source-map@https://registry.npmjs.org/source-map/-/source-map-0.6.1.tgz 0ms (cache hit)
8837 http cache resolve-from@https://registry.npmjs.org/resolve-from/-/resolve-from-5.0.0.tgz 0ms (cache hit)
8838 http cache semver@https://registry.npmjs.org/semver/-/semver-7.8.5.tgz 0ms (cache hit)
8839 http cache commander@https://registry.npmjs.org/commander/-/commander-2.20.3.tgz 0ms (cache hit)
8840 http cache source-map@https://registry.npmjs.org/source-map/-/source-map-0.6.1.tgz 0ms (cache hit)
8841 http cache p-limit@https://registry.npmjs.org/p-limit/-/p-limit-2.3.0.tgz 0ms (cache hit)
8842 http cache p-locate@https://registry.npmjs.org/p-locate/-/p-locate-4.1.0.tgz 0ms (cache hit)
8843 http cache glob-parent@https://registry.npmjs.org/glob-parent/-/glob-parent-5.1.2.tgz 0ms (cache hit)
8844 http cache eslint-visitor-keys@https://registry.npmjs.org/eslint-visitor-keys/-/eslint-visitor-keys-3.4.3.tgz 0ms (cache hit)
8845 http cache universalify@https://registry.npmjs.org/universalify/-/universalify-0.2.0.tgz 0ms (cache hit)
8846 http cache find-up@https://registry.npmjs.org/find-up/-/find-up-4.1.0.tgz 0ms (cache hit)
8847 http cache tslib@https://registry.npmjs.org/tslib/-/tslib-1.14.1.tgz 0ms (cache hit)
8848 http cache semver@https://registry.npmjs.org/semver/-/semver-7.8.5.tgz 0ms (cache hit)
8849 http cache eslint-scope@https://registry.npmjs.org/eslint-scope/-/eslint-scope-5.1.1.tgz 0ms (cache hit)
8850 http cache semver@https://registry.npmjs.org/semver/-/semver-7.8.5.tgz 0ms (cache hit)
8851 http cache estraverse@https://registry.npmjs.org/estraverse/-/estraverse-4.3.0.tgz 0ms (cache hit)
8852 http cache eslint-scope@https://registry.npmjs.org/eslint-scope/-/eslint-scope-5.1.1.tgz 0ms (cache hit)
8853 http cache source-map@https://registry.npmjs.org/source-map/-/source-map-0.6.1.tgz 0ms (cache hit)
8854 http cache semver@https://registry.npmjs.org/semver/-/semver-7.8.5.tgz 0ms (cache hit)
8855 http cache eslint-visitor-keys@https://registry.npmjs.org/eslint-visitor-keys/-/eslint-visitor-keys-2.1.0.tgz 0ms (cache hit)
8856 http cache mdn-data@https://registry.npmjs.org/mdn-data/-/mdn-data-2.0.14.tgz 0ms (cache hit)
8857 http cache svgo@https://registry.npmjs.org/svgo/-/svgo-2.8.2.tgz 0ms (cache hit)
8858 http cache commander@https://registry.npmjs.org/commander/-/commander-7.2.0.tgz 0ms (cache hit)
8859 http cache css-tree@https://registry.npmjs.org/css-tree/-/css-tree-1.1.3.tgz 0ms (cache hit)
8860 http cache supports-color@https://registry.npmjs.org/supports-color/-/supports-color-8.1.1.tgz 0ms (cache hit)
8861 http cache sax@https://registry.npmjs.org/sax/-/sax-1.6.0.tgz 0ms (cache hit)
8862 http cache locate-path@https://registry.npmjs.org/locate-path/-/locate-path-5.0.0.tgz 0ms (cache hit)
8863 http cache postcss-selector-parser@https://registry.npmjs.org/postcss-selector-parser/-/postcss-selector-parser-7.1.4.tgz 0ms (cache hit)
8864 http cache postcss-selector-parser@https://registry.npmjs.org/postcss-selector-parser/-/postcss-selector-parser-7.1.4.tgz 0ms (cache hit)
8865 http cache resolve@https://registry.npmjs.org/resolve/-/resolve-1.22.12.tgz 0ms (cache hit)
8866 http cache p-locate@https://registry.npmjs.org/p-locate/-/p-locate-4.1.0.tgz 0ms (cache hit)
8867 http cache esprima@https://registry.npmjs.org/esprima/-/esprima-1.2.5.tgz 0ms (cache hit)
8868 http cache resolve@https://registry.npmjs.org/resolve/-/resolve-1.22.12.tgz 0ms (cache hit)
8869 http cache p-limit@https://registry.npmjs.org/p-limit/-/p-limit-2.3.0.tgz 0ms (cache hit)
8870 http cache babel-plugin-polyfill-corejs3@https://registry.npmjs.org/babel-plugin-polyfill-corejs3/-/babel-plugin-polyfill-corejs3-0.13.0.tgz 0ms (cache hit)
8871 http cache js-yaml@https://registry.npmjs.org/js-yaml/-/js-yaml-3.14.2.tgz 0ms (cache hit)
8872 http cache find-up@https://registry.npmjs.org/find-up/-/find-up-4.1.0.tgz 0ms (cache hit)
8873 http cache argparse@https://registry.npmjs.org/argparse/-/argparse-1.0.10.tgz 0ms (cache hit)
8874 http cache resolve-from@https://registry.npmjs.org/resolve-from/-/resolve-from-5.0.0.tgz 0ms (cache hit)
8875 http cache locate-path@https://registry.npmjs.org/locate-path/-/locate-path-5.0.0.tgz 0ms (cache hit)
8876 http cache estraverse@https://registry.npmjs.org/estraverse/-/estraverse-4.3.0.tgz 0ms (cache hit)
8877 http cache camelcase@https://registry.npmjs.org/camelcase/-/camelcase-5.3.1.tgz 0ms (cache hit)
8878 http cache source-map@https://registry.npmjs.org/source-map/-/source-map-0.6.1.tgz 0ms (cache hit)
8879 http cache argparse@https://registry.npmjs.org/argparse/-/argparse-1.0.10.tgz 0ms (cache hit)
8880 http cache convert-source-map@https://registry.npmjs.org/convert-source-map/-/convert-source-map-1.9.0.tgz 0ms (cache hit)
8881 http cache dom-serializer@https://registry.npmjs.org/dom-serializer/-/dom-serializer-0.2.2.tgz 0ms (cache hit)
8882 http cache nth-check@https://registry.npmjs.org/nth-check/-/nth-check-1.0.2.tgz 0ms (cache hit)
8883 http cache domutils@https://registry.npmjs.org/domutils/-/domutils-1.7.0.tgz 0ms (cache hit)
8884 http cache css-what@https://registry.npmjs.org/css-what/-/css-what-3.4.2.tgz 0ms (cache hit)
8885 http cache domelementtype@https://registry.npmjs.org/domelementtype/-/domelementtype-1.3.1.tgz 0ms (cache hit)
8886 http cache color-name@https://registry.npmjs.org/color-name/-/color-name-1.1.3.tgz 0ms (cache hit)
8887 http cache color-convert@https://registry.npmjs.org/color-convert/-/color-convert-1.9.3.tgz 0ms (cache hit)
8888 http cache escape-string-regexp@https://registry.npmjs.org/escape-string-regexp/-/escape-string-regexp-1.0.5.tgz 0ms (cache hit)
8889 http cache js-yaml@https://registry.npmjs.org/js-yaml/-/js-yaml-3.14.2.tgz 0ms (cache hit)
8890 http cache has-flag@https://registry.npmjs.org/has-flag/-/has-flag-3.0.0.tgz 0ms (cache hit)
8891 http cache ansi-styles@https://registry.npmjs.org/ansi-styles/-/ansi-styles-3.2.1.tgz 0ms (cache hit)
8892 http cache supports-color@https://registry.npmjs.org/supports-color/-/supports-color-5.5.0.tgz 0ms (cache hit)
8893 http cache chalk@https://registry.npmjs.org/chalk/-/chalk-2.4.2.tgz 0ms (cache hit)
8894 http cache @babel/plugin-proposal-private-property-in-object@https://registry.npmjs.org/@babel/plugin-proposal-private-property-in-object/-/plugin-proposal-private-property-in-object-7.21.0-placeholder-for-preset-env.2.tgz 0ms (cache hit)
8895 http cache json-schema-traverse@https://registry.npmjs.org/json-schema-traverse/-/json-schema-traverse-1.0.0.tgz 0ms (cache hit)
8896 http cache ajv@https://registry.npmjs.org/ajv/-/ajv-8.20.0.tgz 0ms (cache hit)
8897 http cache source-map@https://registry.npmjs.org/source-map/-/source-map-0.6.1.tgz 0ms (cache hit)
8898 http cache webpack-sources@https://registry.npmjs.org/webpack-sources/-/webpack-sources-1.4.3.tgz 0ms (cache hit)
8899 http cache css-select@https://registry.npmjs.org/css-select/-/css-select-2.1.0.tgz 0ms (cache hit)
8900 http cache source-map@https://registry.npmjs.org/source-map/-/source-map-0.6.1.tgz 0ms (cache hit)
8901 http cache ajv-keywords@https://registry.npmjs.org/ajv-keywords/-/ajv-keywords-3.5.2.tgz 0ms (cache hit)
8902 http cache estraverse@https://registry.npmjs.org/estraverse/-/estraverse-4.3.0.tgz 0ms (cache hit)
8903 http cache ws@https://registry.npmjs.org/ws/-/ws-8.21.0.tgz 0ms (cache hit)
8904 http cache webpack-sources@https://registry.npmjs.org/webpack-sources/-/webpack-sources-2.3.1.tgz 0ms (cache hit)
8905 http cache postcss@https://registry.npmjs.org/postcss/-/postcss-7.0.39.tgz 0ms (cache hit)
8906 http cache picocolors@https://registry.npmjs.org/picocolors/-/picocolors-0.2.1.tgz 0ms (cache hit)
8907 http cache source-map@https://registry.npmjs.org/source-map/-/source-map-0.6.1.tgz 0ms (cache hit)
8908 http cache convert-source-map@https://registry.npmjs.org/convert-source-map/-/convert-source-map-1.9.0.tgz 0ms (cache hit)
8909 http cache loader-utils@https://registry.npmjs.org/loader-utils/-/loader-utils-3.3.1.tgz 0ms (cache hit)
8910 http cache semver@https://registry.npmjs.org/semver/-/semver-7.8.5.tgz 0ms (cache hit)
8911 http cache react-is@https://registry.npmjs.org/react-is/-/react-is-18.3.1.tgz 0ms (cache hit)
8912 http cache ansi-styles@https://registry.npmjs.org/ansi-styles/-/ansi-styles-5.2.0.tgz 0ms (cache hit)
8913 http cache @types/yargs@https://registry.npmjs.org/@types/yargs/-/yargs-17.0.35.tgz 0ms (cache hit)
8914 http cache pretty-format@https://registry.npmjs.org/pretty-format/-/pretty-format-28.1.3.tgz 0ms (cache hit)
8915 http cache jest-message-util@https://registry.npmjs.org/jest-message-util/-/jest-message-util-28.1.3.tgz 0ms (cache hit)
8916 http cache mime-db@https://registry.npmjs.org/mime-db/-/mime-db-1.54.0.tgz 0ms (cache hit)
8917 http cache slash@https://registry.npmjs.org/slash/-/slash-3.0.0.tgz 0ms (cache hit)
8918 http cache @jest/console@https://registry.npmjs.org/@jest/console/-/console-28.1.3.tgz 0ms (cache hit)
8919 http cache jest-util@https://registry.npmjs.org/jest-util/-/jest-util-28.1.3.tgz 0ms (cache hit)
8920 http cache slash@https://registry.npmjs.org/slash/-/slash-3.0.0.tgz 0ms (cache hit)
8921 http cache emittery@https://registry.npmjs.org/emittery/-/emittery-0.10.2.tgz 0ms (cache hit)
8922 http cache @jest/types@https://registry.npmjs.org/@jest/types/-/types-28.1.3.tgz 0ms (cache hit)
8923 http cache @jest/test-result@https://registry.npmjs.org/@jest/test-result/-/test-result-28.1.3.tgz 0ms (cache hit)
8924 http cache strip-ansi@https://registry.npmjs.org/strip-ansi/-/strip-ansi-7.2.0.tgz 0ms (cache hit)
8925 http cache slash@https://registry.npmjs.org/slash/-/slash-4.0.0.tgz 0ms (cache hit)
8926 http cache ansi-regex@https://registry.npmjs.org/ansi-regex/-/ansi-regex-6.2.2.tgz 0ms (cache hit)
8927 http cache string-length@https://registry.npmjs.org/string-length/-/string-length-5.0.1.tgz 0ms (cache hit)
8928 http cache char-regex@https://registry.npmjs.org/char-regex/-/char-regex-2.0.2.tgz 0ms (cache hit)
8929 http cache jest-watcher@https://registry.npmjs.org/jest-watcher/-/jest-watcher-28.1.3.tgz 0ms (cache hit)
8930 http cache strip-ansi@https://registry.npmjs.org/strip-ansi/-/strip-ansi-6.0.1.tgz 0ms (cache hit)
8931 http cache jest-regex-util@https://registry.npmjs.org/jest-regex-util/-/jest-regex-util-28.0.2.tgz 0ms (cache hit)
8932 http cache resolve@https://registry.npmjs.org/resolve/-/resolve-1.22.12.tgz 0ms (cache hit)
8933 http cache schema-utils@https://registry.npmjs.org/schema-utils/-/schema-utils-3.3.0.tgz 0ms (cache hit)
8934 http cache ajv-keywords@https://registry.npmjs.org/ajv-keywords/-/ajv-keywords-3.5.2.tgz 0ms (cache hit)
8935 http cache supports-color@https://registry.npmjs.org/supports-color/-/supports-color-8.1.1.tgz 0ms (cache hit)
8936 http cache eslint-scope@https://registry.npmjs.org/eslint-scope/-/eslint-scope-5.1.1.tgz 0ms (cache hit)
8937 http cache eslint-plugin-react-hooks@https://registry.npmjs.org/eslint-plugin-react-hooks/-/eslint-plugin-react-hooks-4.6.2.tgz 0ms (cache hit)
8938 http cache jest-worker@https://registry.npmjs.org/jest-worker/-/jest-worker-28.1.3.tgz 0ms (cache hit)
8939 http cache source-map@https://registry.npmjs.org/source-map/-/source-map-0.6.1.tgz 3ms (cache hit)
8940 http cache semver@https://registry.npmjs.org/semver/-/semver-7.8.5.tgz 0ms (cache hit)
8941 http cache ajv-keywords@https://registry.npmjs.org/ajv-keywords/-/ajv-keywords-3.5.2.tgz 0ms (cache hit)
8942 http cache schema-utils@https://registry.npmjs.org/schema-utils/-/schema-utils-2.7.1.tgz 0ms (cache hit)
8943 http cache json5@https://registry.npmjs.org/json5/-/json5-1.0.2.tgz 0ms (cache hit)
8944 http cache debug@https://registry.npmjs.org/debug/-/debug-3.2.7.tgz 0ms (cache hit)
8945 http cache strip-bom@https://registry.npmjs.org/strip-bom/-/strip-bom-3.0.0.tgz 0ms (cache hit)
8946 http cache debug@https://registry.npmjs.org/debug/-/debug-3.2.7.tgz 0ms (cache hit)
8947 http cache @eslint/core@https://registry.npmjs.org/@eslint/core/-/core-0.13.0.tgz 0ms (cache hit)
8948 http cache resolve@https://registry.npmjs.org/resolve/-/resolve-1.22.12.tgz 0ms (cache hit)
8949 http cache arg@https://registry.npmjs.org/arg/-/arg-4.1.3.tgz 0ms (cache hit)
8950 http cache globals@https://registry.npmjs.org/globals/-/globals-14.0.0.tgz 0ms (cache hit)
8951 http cache lilconfig@https://registry.npmjs.org/lilconfig/-/lilconfig-3.1.3.tgz 0ms (cache hit)
8952 http cache acorn-walk@https://registry.npmjs.org/acorn-walk/-/acorn-walk-8.3.5.tgz 0ms (cache hit)
8953 http cache immer@https://registry.npmjs.org/immer/-/immer-10.2.0.tgz 0ms (cache hit)
8954 http cache eslint-visitor-keys@https://registry.npmjs.org/eslint-visitor-keys/-/eslint-visitor-keys-3.4.3.tgz 0ms (cache hit)
8955 http cache type-fest@https://registry.npmjs.org/type-fest/-/type-fest-0.20.2.tgz 0ms (cache hit)
8956 http cache globals@https://registry.npmjs.org/globals/-/globals-13.24.0.tgz 0ms (cache hit)
8957 http cache file-entry-cache@https://registry.npmjs.org/file-entry-cache/-/file-entry-cache-6.0.1.tgz 0ms (cache hit)
8958 http cache flat-cache@https://registry.npmjs.org/flat-cache/-/flat-cache-3.2.0.tgz 0ms (cache hit)
8959 http cache eslint-visitor-keys@https://registry.npmjs.org/eslint-visitor-keys/-/eslint-visitor-keys-3.4.3.tgz 0ms (cache hit)
8960 http cache @eslint/js@https://registry.npmjs.org/@eslint/js/-/js-8.57.1.tgz 0ms (cache hit)
8961 http cache espree@https://registry.npmjs.org/espree/-/espree-9.6.1.tgz 0ms (cache hit)
8962 http cache doctrine@https://registry.npmjs.org/doctrine/-/doctrine-3.0.0.tgz 0ms (cache hit)
8963 http cache eslint-scope@https://registry.npmjs.org/eslint-scope/-/eslint-scope-7.2.2.tgz 0ms (cache hit)
8964 http cache @eslint/eslintrc@https://registry.npmjs.org/@eslint/eslintrc/-/eslintrc-2.1.4.tgz 0ms (cache hit)
8965 http cache resolve@https://registry.npmjs.org/resolve/-/resolve-1.22.12.tgz 0ms (cache hit)
8966 http cache string-length@https://registry.npmjs.org/string-length/-/string-length-4.0.2.tgz 0ms (cache hit)
8967 http cache semver@https://registry.npmjs.org/semver/-/semver-7.8.5.tgz 0ms (cache hit)
8968 http cache dotenv@https://registry.npmjs.org/dotenv/-/dotenv-10.0.0.tgz 0ms (cache hit)
8969 http cache eslint@https://registry.npmjs.org/eslint/-/eslint-8.57.1.tgz 0ms (cache hit)
8970 http cache debug@https://registry.npmjs.org/debug/-/debug-3.2.7.tgz 0ms (cache hit)
8971 http cache semver@https://registry.npmjs.org/semver/-/semver-7.8.5.tgz 0ms (cache hit)
8972 http fetch POST 200 https://registry.npmjs.org/-/npm/v1/security/advisories/bulk 2928ms
8973 silly audit report {
8973 silly audit report   postcss: [
8973 silly audit report     {
8973 silly audit report       id: 1109574,
8973 silly audit report       url: 'https://github.com/advisories/GHSA-7fh5-64p2-3v2j',
8973 silly audit report       title: 'PostCSS line return parsing error',
8973 silly audit report       severity: 'moderate',
8973 silly audit report       vulnerable_versions: '<8.4.31',
8973 silly audit report       cwe: [Array],
8973 silly audit report       cvss: [Object]
8973 silly audit report     },
8973 silly audit report     {
8973 silly audit report       id: 1117015,
8973 silly audit report       url: 'https://github.com/advisories/GHSA-qx2v-qp2m-jg93',
8973 silly audit report       title: 'PostCSS has XSS via Unescaped </style> in its CSS Stringify Output',
8973 silly audit report       severity: 'moderate',
8973 silly audit report       vulnerable_versions: '<8.5.10',
8973 silly audit report       cwe: [Array],
8973 silly audit report       cvss: [Object]
8973 silly audit report     }
8973 silly audit report   ],
8973 silly audit report   '@eslint/plugin-kit': [
8973 silly audit report     {
8973 silly audit report       id: 1106734,
8973 silly audit report       url: 'https://github.com/advisories/GHSA-xffm-g5w8-qvg7',
8973 silly audit report       title: '@eslint/plugin-kit is vulnerable to Regular Expression Denial of Service attacks through ConfigCommentParser',
8973 silly audit report       severity: 'low',
8973 silly audit report       vulnerable_versions: '<0.3.4',
8973 silly audit report       cwe: [Array],
8973 silly audit report       cvss: [Object]
8973 silly audit report     }
8973 silly audit report   ],
8973 silly audit report   'js-yaml': [
8973 silly audit report     {
8973 silly audit report       id: 1120792,
8973 silly audit report       url: 'https://github.com/advisories/GHSA-h67p-54hq-rp68',
8973 silly audit report       title: 'JS-YAML: Quadratic-complexity DoS in merge key handling via repeated aliases',
8973 silly audit report       severity: 'moderate',
8973 silly audit report       vulnerable_versions: '<=4.1.1',
8973 silly audit report       cwe: [Array],
8973 silly audit report       cvss: [Object]
8973 silly audit report     }
8973 silly audit report   ],
8973 silly audit report   'react-router': [
8973 silly audit report     {
8973 silly audit report       id: 1120807,
8973 silly audit report       url: 'https://github.com/advisories/GHSA-84g9-w2xq-vcv6',
8973 silly audit report       title: 'React Router: Potential CSRF via PUT/PATCH/DELETE document requests',
8973 silly audit report       severity: 'low',
8973 silly audit report       vulnerable_versions: '>=7.12.0 <7.15.1',
8973 silly audit report       cwe: [Array],
8973 silly audit report       cvss: [Object]
8973 silly audit report     }
8973 silly audit report   ],
8973 silly audit report   'webpack-dev-server': [
8973 silly audit report     {
8973 silly audit report       id: 1108429,
8973 silly audit report       url: 'https://github.com/advisories/GHSA-9jgg-88mc-972h',
8973 silly audit report       title: "webpack-dev-server users' source code may be stolen when they access a malicious web site with non-Chromium based browser",
8973 silly audit report       severity: 'moderate',
8973 silly audit report       vulnerable_versions: '<=5.2.0',
8973 silly audit report       cwe: [Array],
8973 silly audit report       cvss: [Object]
8973 silly audit report     },
8973 silly audit report     {
8973 silly audit report       id: 1108430,
8973 silly audit report       url: 'https://github.com/advisories/GHSA-4v9v-hfq4-rm2v',
8973 silly audit report       title: "webpack-dev-server users' source code may be stolen when they access a malicious web site",
8973 silly audit report       severity: 'moderate',
8973 silly audit report       vulnerable_versions: '<=5.2.0',
8973 silly audit report       cwe: [Array],
8973 silly audit report       cvss: [Object]
8973 silly audit report     },
8973 silly audit report     {
8973 silly audit report       id: 1119074,
8973 silly audit report       url: 'https://github.com/advisories/GHSA-79cf-xcqc-c78w',
8973 silly audit report       title: 'webpack-dev-server vulnerable to cross-origin source code exposure on non-HTTPS origins',
8973 silly audit report       severity: 'moderate',
8973 silly audit report       vulnerable_versions: '<=5.2.3',
8973 silly audit report       cwe: [Array],
8973 silly audit report       cvss: [Object]
8973 silly audit report     },
8973 silly audit report     {
8973 silly audit report       id: 1121087,
8973 silly audit report       url: 'https://github.com/advisories/GHSA-mx8g-39q3-5c79',
8973 silly audit report       title: 'webpack-dev-server vulnerable to HMR WebSocket interception via permissive user proxies',
8973 silly audit report       severity: 'moderate',
8973 silly audit report       vulnerable_versions: '<5.2.5',
8973 silly audit report       cwe: [Array],
8973 silly audit report       cvss: [Object]
8973 silly audit report     }
8973 silly audit report   ],
8973 silly audit report   'serialize-javascript': [
8973 silly audit report     {
8973 silly audit report       id: 1119440,
8973 silly audit report       url: 'https://github.com/advisories/GHSA-qj8w-gfj5-8c6v',
8973 silly audit report       title: 'Serialize JavaScript has CPU Exhaustion Denial of Service via crafted array-like objects',
8973 silly audit report       severity: 'moderate',
8973 silly audit report       vulnerable_versions: '>=5.0.0 <7.0.5',
8973 silly audit report       cwe: [Array],
8973 silly audit report       cvss: [Object]
8973 silly audit report     },
8973 silly audit report     {
8973 silly audit report       id: 1113686,
8973 silly audit report       url: 'https://github.com/advisories/GHSA-5c6j-r48x-rmvq',
8973 silly audit report       title: 'Serialize JavaScript is Vulnerable to RCE via RegExp.flags and Date.prototype.toISOString()',
8973 silly audit report       severity: 'high',
8973 silly audit report       vulnerable_versions: '<=7.0.2',
8973 silly audit report       cwe: [Array],
8973 silly audit report       cvss: [Object]
8973 silly audit report     }
8973 silly audit report   ],
8973 silly audit report   '@tootallnate/once': [
8973 silly audit report     {
8973 silly audit report       id: 1119438,
8973 silly audit report       url: 'https://github.com/advisories/GHSA-vpq2-c234-7xj6',
8973 silly audit report       title: '@tootallnate/once vulnerable to Incorrect Control Flow Scoping',
8973 silly audit report       severity: 'low',
8973 silly audit report       vulnerable_versions: '<2.0.1',
8973 silly audit report       cwe: [Array],
8973 silly audit report       cvss: [Object]
8973 silly audit report     }
8973 silly audit report   ],
8973 silly audit report   underscore: [
8973 silly audit report     {
8973 silly audit report       id: 1117689,
8973 silly audit report       url: 'https://github.com/advisories/GHSA-qpx9-hpmf-5gmw',
8973 silly audit report       title: 'Underscore has unlimited recursion in _.flatten and _.isEqual, potential for DoS attack',
8973 silly audit report       severity: 'high',
8973 silly audit report       vulnerable_versions: '<=1.13.7',
8973 silly audit report       cwe: [Array],
8973 silly audit report       cvss: [Object]
8973 silly audit report     }
8973 silly audit report   ],
8973 silly audit report   'nth-check': [
8973 silly audit report     {
8973 silly audit report       id: 1095141,
8973 silly audit report       url: 'https://github.com/advisories/GHSA-rp65-9cf3-cjxr',
8973 silly audit report       title: 'Inefficient Regular Expression Complexity in nth-check',
8973 silly audit report       severity: 'high',
8973 silly audit report       vulnerable_versions: '<2.0.1',
8973 silly audit report       cwe: [Array],
8973 silly audit report       cvss: [Object]
8973 silly audit report     }
8973 silly audit report   ],
8973 silly audit report   uuid: [
8973 silly audit report     {
8973 silly audit report       id: 1119441,
8973 silly audit report       url: 'https://github.com/advisories/GHSA-w5hq-g745-h8pq',
8973 silly audit report       title: 'uuid: Missing buffer bounds check in v3/v5/v6 when buf is provided',
8973 silly audit report       severity: 'moderate',
8973 silly audit report       vulnerable_versions: '<11.1.1',
8973 silly audit report       cwe: [Array],
8973 silly audit report       cvss: [Object]
8973 silly audit report     }
8973 silly audit report   ]
8973 silly audit report }
8974 silly packumentCache corgi:https://registry.npmjs.org/postcss cache-miss
8975 silly packumentCache corgi:https://registry.npmjs.org/@eslint%2fplugin-kit cache-miss
8976 silly packumentCache corgi:https://registry.npmjs.org/js-yaml cache-miss
8977 silly packumentCache corgi:https://registry.npmjs.org/react-router cache-miss
8978 silly packumentCache corgi:https://registry.npmjs.org/webpack-dev-server cache-miss
8979 silly packumentCache corgi:https://registry.npmjs.org/serialize-javascript cache-miss
8980 silly packumentCache corgi:https://registry.npmjs.org/@tootallnate%2fonce cache-miss
8981 silly packumentCache corgi:https://registry.npmjs.org/underscore cache-miss
8982 silly packumentCache corgi:https://registry.npmjs.org/nth-check cache-miss
8983 silly packumentCache corgi:https://registry.npmjs.org/uuid cache-miss
8984 warn deprecated inflight@1.0.6: This module is not supported, and leaks memory. Do not use it. Check out lru-cache if you want a good and tested way to coalesce async requests by a key value, which is much more comprehensive and powerful.
8985 warn deprecated stable@0.1.8: Modern JS already guarantees Array#sort() is a stable sort, so this library is deprecated. See the compatibility table on MDN: https://developer.mozilla.org/en-US/docs/Web/JavaScript/Reference/Global_Objects/Array/sort#browser_compatibility
8986 warn deprecated @babel/plugin-proposal-private-methods@7.18.6: This proposal has been merged to the ECMAScript standard and thus this plugin is no longer maintained. Please use @babel/plugin-transform-private-methods instead.
8987 warn deprecated @babel/plugin-proposal-nullish-coalescing-operator@7.18.6: This proposal has been merged to the ECMAScript standard and thus this plugin is no longer maintained. Please use @babel/plugin-transform-nullish-coalescing-operator instead.
8988 warn deprecated @babel/plugin-proposal-class-properties@7.18.6: This proposal has been merged to the ECMAScript standard and thus this plugin is no longer maintained. Please use @babel/plugin-transform-class-properties instead.
8989 warn deprecated @babel/plugin-proposal-numeric-separator@7.18.6: This proposal has been merged to the ECMAScript standard and thus this plugin is no longer maintained. Please use @babel/plugin-transform-numeric-separator instead.
8990 warn deprecated @humanwhocodes/config-array@0.13.0: Use @eslint/config-array instead
8991 warn deprecated rollup-plugin-terser@7.0.2: This package has been deprecated and is no longer maintained. Please use @rollup/plugin-terser
8992 warn deprecated rimraf@3.0.2: Rimraf versions prior to v4 are no longer supported
8993 warn deprecated abab@2.0.6: Use your platform's native atob() and btoa() methods instead
8994 warn deprecated @babel/plugin-proposal-optional-chaining@7.21.0: This proposal has been merged to the ECMAScript standard and thus this plugin is no longer maintained. Please use @babel/plugin-transform-optional-chaining instead.
8995 warn deprecated @babel/plugin-proposal-private-property-in-object@7.21.11: This proposal has been merged to the ECMAScript standard and thus this plugin is no longer maintained. Please use @babel/plugin-transform-private-property-in-object instead.
8996 warn deprecated glob@7.2.3: Old versions of glob are not supported, and contain widely publicized security vulnerabilities, which have been fixed in the current version. Please update. Support for old versions may be purchased (at exorbitant rates) by contacting i@izs.me
8997 warn deprecated whatwg-encoding@1.0.5: Use @exodus/bytes instead for a more spec-conformant and faster implementation
8998 warn deprecated q@1.5.1: You or someone you depend on is using Q, the JavaScript Promise library that gave JavaScript developers strong feelings about promises. They can almost certainly migrate to the native JavaScript promise now. Thank you literally everyone for joining me in this bet against the odds. Be excellent to each other.
8998 warn deprecated
8998 warn deprecated (For a CapTP with native promises, see @endo/eventual-send and @endo/captp)
8999 warn deprecated @humanwhocodes/object-schema@2.0.3: Use @eslint/object-schema instead
9000 warn deprecated domexception@2.0.1: Use your platform's native DOMException instead
9001 http cache https://registry.npmjs.org/@eslint%2fplugin-kit 1601ms (cache hit)
9002 silly packumentCache corgi:https://registry.npmjs.org/@eslint%2fplugin-kit set size:21704 disposed:false
9003 http cache https://registry.npmjs.org/js-yaml 1603ms (cache hit)
9004 silly packumentCache corgi:https://registry.npmjs.org/js-yaml set size:61746 disposed:false
9005 http cache https://registry.npmjs.org/postcss 1606ms (cache hit)
9006 silly packumentCache corgi:https://registry.npmjs.org/postcss set size:344717 disposed:false
9007 http cache https://registry.npmjs.org/webpack-dev-server 1617ms (cache hit)
9008 silly packumentCache corgi:https://registry.npmjs.org/webpack-dev-server set size:464975 disposed:false
9009 http cache https://registry.npmjs.org/nth-check 1624ms (cache hit)
9010 silly packumentCache corgi:https://registry.npmjs.org/nth-check set size:12198 disposed:false
9011 http cache https://registry.npmjs.org/serialize-javascript 1627ms (cache hit)
9012 silly packumentCache corgi:https://registry.npmjs.org/serialize-javascript set size:36918 disposed:false
9013 http cache https://registry.npmjs.org/uuid 1622ms (cache hit)
9014 silly packumentCache corgi:https://registry.npmjs.org/uuid set size:82973 disposed:false
9015 http cache https://registry.npmjs.org/react-router 1632ms (cache hit)
9016 silly packumentCache corgi:https://registry.npmjs.org/react-router set size:1341275 disposed:false
9017 http cache https://registry.npmjs.org/underscore 1655ms (cache hit)
9018 silly packumentCache corgi:https://registry.npmjs.org/underscore set size:54625 disposed:false
9019 http cache https://registry.npmjs.org/@tootallnate%2fonce 1659ms (cache hit)
9020 silly packumentCache corgi:https://registry.npmjs.org/@tootallnate%2fonce set size:11748 disposed:false
9021 silly packumentCache corgi:https://registry.npmjs.org/resolve-url-loader cache-miss
9022 warn deprecated w3c-hr-time@1.0.2: Use your platform's native performance.now() and performance.timeOrigin.
9023 warn deprecated sourcemap-codec@1.4.8: Please use @jridgewell/sourcemap-codec instead
9024 http cache https://registry.npmjs.org/resolve-url-loader 662ms (cache hit)
9025 silly packumentCache corgi:https://registry.npmjs.org/resolve-url-loader set size:61938 disposed:false
9026 silly packumentCache corgi:https://registry.npmjs.org/eslint cache-miss
9027 warn deprecated workbox-cacheable-response@6.6.0: workbox-background-sync@6.6.0
9028 warn deprecated workbox-google-analytics@6.6.0: It is not compatible with newer versions of GA starting with v4, as long as you are using GAv3 it should be ok, but the package is not longer being maintained
9029 http cache https://registry.npmjs.org/eslint 438ms (cache hit)
9030 silly packumentCache corgi:https://registry.npmjs.org/eslint set size:1163235 disposed:false
9031 silly packumentCache corgi:https://registry.npmjs.org/@istanbuljs%2fload-nyc-config cache-miss
9032 silly packumentCache corgi:https://registry.npmjs.org/svgo cache-miss
9033 warn deprecated source-map@0.8.0-beta.0: The work that was done in this beta branch won't be included in future versions
9034 http cache https://registry.npmjs.org/@istanbuljs%2fload-nyc-config 349ms (cache hit)
9035 silly packumentCache corgi:https://registry.npmjs.org/@istanbuljs%2fload-nyc-config set size:8602 disposed:false
9036 http cache https://registry.npmjs.org/svgo 350ms (cache hit)
9037 silly packumentCache corgi:https://registry.npmjs.org/svgo set size:138618 disposed:false
9038 silly packumentCache corgi:https://registry.npmjs.org/react-router-dom cache-miss
9039 http cache https://registry.npmjs.org/react-router-dom 254ms (cache hit)
9040 silly packumentCache corgi:https://registry.npmjs.org/react-router-dom set size:1060654 disposed:false
9041 silly packumentCache corgi:https://registry.npmjs.org/react-scripts cache-miss
9042 http cache https://registry.npmjs.org/react-scripts 209ms (cache hit)
9043 silly packumentCache corgi:https://registry.npmjs.org/react-scripts set size:342451 disposed:false
9044 silly packumentCache corgi:https://registry.npmjs.org/css-minimizer-webpack-plugin cache-miss
9045 http cache https://registry.npmjs.org/css-minimizer-webpack-plugin 195ms (cache hit)
9046 silly packumentCache corgi:https://registry.npmjs.org/css-minimizer-webpack-plugin set size:92918 disposed:false
9047 silly packumentCache corgi:https://registry.npmjs.org/rollup-plugin-terser cache-miss
9048 http cache https://registry.npmjs.org/rollup-plugin-terser 131ms (cache hit)
9049 silly packumentCache corgi:https://registry.npmjs.org/rollup-plugin-terser set size:47323 disposed:false
9050 silly packumentCache corgi:https://registry.npmjs.org/http-proxy-agent cache-miss
9051 http cache https://registry.npmjs.org/http-proxy-agent 159ms (cache hit)
9052 silly packumentCache corgi:https://registry.npmjs.org/http-proxy-agent set size:25530 disposed:false
9053 silly packumentCache corgi:https://registry.npmjs.org/jsonpath cache-miss
9054 http cache https://registry.npmjs.org/jsonpath 97ms (cache hit)
9055 silly packumentCache corgi:https://registry.npmjs.org/jsonpath set size:24482 disposed:false
9056 silly packumentCache corgi:https://registry.npmjs.org/css-select cache-miss
9057 http cache https://registry.npmjs.org/css-select 97ms (cache hit)
9058 silly packumentCache corgi:https://registry.npmjs.org/css-select set size:49649 disposed:false
9059 silly packumentCache corgi:https://registry.npmjs.org/sockjs cache-miss
9060 http cache https://registry.npmjs.org/sockjs 100ms (cache hit)
9061 silly packumentCache corgi:https://registry.npmjs.org/sockjs set size:25891 disposed:false
9062 silly packumentCache corgi:https://registry.npmjs.org/babel-plugin-istanbul cache-miss
9063 warn deprecated svgo@1.3.2: This SVGO version is no longer supported. Upgrade to v2.x.x.
9064 http cache https://registry.npmjs.org/babel-plugin-istanbul 86ms (cache hit)
9065 silly packumentCache corgi:https://registry.npmjs.org/babel-plugin-istanbul set size:51556 disposed:false
9066 silly packumentCache corgi:https://registry.npmjs.org/@svgr%2fplugin-svgo cache-miss
9067 http cache https://registry.npmjs.org/@svgr%2fplugin-svgo 79ms (cache hit)
9068 silly packumentCache corgi:https://registry.npmjs.org/@svgr%2fplugin-svgo set size:36570 disposed:false
9069 warn deprecated uuid@8.3.2: uuid@10 and below is no longer supported.  For ESM codebases, update to uuid@latest.  For CommonJS codebases, use uuid@11 (but be aware this version will likely be deprecated in 2028).
9070 silly packumentCache corgi:https://registry.npmjs.org/workbox-build cache-miss
9071 http cache https://registry.npmjs.org/workbox-build 91ms (cache hit)
9072 silly packumentCache corgi:https://registry.npmjs.org/workbox-build set size:194410 disposed:false
9073 silly packumentCache corgi:https://registry.npmjs.org/jsdom cache-miss
9074 http cache https://registry.npmjs.org/jsdom 77ms (cache hit)
9075 silly packumentCache corgi:https://registry.npmjs.org/jsdom set size:383595 disposed:false
9076 silly packumentCache corgi:https://registry.npmjs.org/bfj cache-miss
9077 http cache https://registry.npmjs.org/bfj 55ms (cache hit)
9078 silly packumentCache corgi:https://registry.npmjs.org/bfj set size:39803 disposed:false
9079 silly packumentCache corgi:https://registry.npmjs.org/babel-jest cache-miss
9080 silly packumentCache corgi:https://registry.npmjs.org/@jest%2ftransform cache-miss
9081 http cache https://registry.npmjs.org/babel-jest 71ms (cache hit)
9082 silly packumentCache corgi:https://registry.npmjs.org/babel-jest set size:369532 disposed:false
9083 http cache https://registry.npmjs.org/@jest%2ftransform 83ms (cache hit)
9084 silly packumentCache corgi:https://registry.npmjs.org/@jest%2ftransform set size:292241 disposed:false
9085 silly packumentCache corgi:https://registry.npmjs.org/@svgr%2fwebpack cache-miss
9086 http cache https://registry.npmjs.org/@svgr%2fwebpack 86ms (cache hit)
9087 silly packumentCache corgi:https://registry.npmjs.org/@svgr%2fwebpack set size:85201 disposed:false
9088 silly packumentCache corgi:https://registry.npmjs.org/workbox-webpack-plugin cache-miss
9089 http cache https://registry.npmjs.org/workbox-webpack-plugin 62ms (cache hit)
9090 silly packumentCache corgi:https://registry.npmjs.org/workbox-webpack-plugin set size:136237 disposed:false
9091 silly packumentCache corgi:https://registry.npmjs.org/jest-environment-jsdom cache-miss
9092 http cache https://registry.npmjs.org/jest-environment-jsdom 56ms (cache hit)
9093 silly packumentCache corgi:https://registry.npmjs.org/jest-environment-jsdom set size:347321 disposed:false
9094 silly packumentCache corgi:https://registry.npmjs.org/jest-config cache-miss
9095 http cache https://registry.npmjs.org/jest-config 51ms (cache hit)
9096 silly packumentCache corgi:https://registry.npmjs.org/jest-config set size:529999 disposed:false
9097 silly packumentCache corgi:https://registry.npmjs.org/@jest%2fcore cache-miss
9098 silly packumentCache corgi:https://registry.npmjs.org/@jest%2freporters cache-miss
9099 silly packumentCache corgi:https://registry.npmjs.org/jest-runner cache-miss
9100 silly packumentCache corgi:https://registry.npmjs.org/jest-runtime cache-miss
9101 silly packumentCache corgi:https://registry.npmjs.org/jest-snapshot cache-miss
9102 http cache https://registry.npmjs.org/jest-runner 114ms (cache hit)
9103 silly packumentCache corgi:https://registry.npmjs.org/jest-runner set size:451040 disposed:false
9104 http cache https://registry.npmjs.org/@jest%2freporters 132ms (cache hit)
9105 silly packumentCache corgi:https://registry.npmjs.org/@jest%2freporters set size:377733 disposed:false
9106 http cache https://registry.npmjs.org/jest-snapshot 137ms (cache hit)
9107 silly packumentCache corgi:https://registry.npmjs.org/jest-snapshot set size:471203 disposed:false
9108 http cache https://registry.npmjs.org/@jest%2fcore 146ms (cache hit)
9109 silly packumentCache corgi:https://registry.npmjs.org/@jest%2fcore set size:388923 disposed:false
9110 http cache https://registry.npmjs.org/jest-runtime 150ms (cache hit)
9111 silly packumentCache corgi:https://registry.npmjs.org/jest-runtime set size:570248 disposed:false
9112 silly packumentCache corgi:https://registry.npmjs.org/jest-cli cache-miss
9113 http cache https://registry.npmjs.org/jest-cli 90ms (cache hit)
9114 silly packumentCache corgi:https://registry.npmjs.org/jest-cli set size:642191 disposed:false
9115 silly packumentCache corgi:https://registry.npmjs.org/jest-resolve-dependencies cache-miss
9116 silly packumentCache corgi:https://registry.npmjs.org/jest-circus cache-miss
9117 silly packumentCache corgi:https://registry.npmjs.org/jest-jasmine2 cache-miss
9118 http cache https://registry.npmjs.org/jest-resolve-dependencies 39ms (cache hit)
9119 silly packumentCache corgi:https://registry.npmjs.org/jest-resolve-dependencies set size:349313 disposed:false
9120 http cache https://registry.npmjs.org/jest-circus 44ms (cache hit)
9121 silly packumentCache corgi:https://registry.npmjs.org/jest-circus set size:452710 disposed:false
9122 http cache https://registry.npmjs.org/jest-jasmine2 50ms (cache hit)
9123 silly packumentCache corgi:https://registry.npmjs.org/jest-jasmine2 set size:463991 disposed:false
9124 silly packumentCache corgi:https://registry.npmjs.org/jest cache-miss
9125 http cache https://registry.npmjs.org/jest 39ms (cache hit)
9126 silly packumentCache corgi:https://registry.npmjs.org/jest set size:408741 disposed:false
9127 silly packumentCache corgi:https://registry.npmjs.org/@jest%2ftest-sequencer cache-miss
9128 http cache https://registry.npmjs.org/@jest%2ftest-sequencer 34ms (cache hit)
9129 silly packumentCache corgi:https://registry.npmjs.org/@jest%2ftest-sequencer set size:227434 disposed:false
9130 warn deprecated eslint@8.57.1: This version is no longer supported. Please see https://eslint.org/version-support for other options.
9131 info run fsevents@2.3.3 install node_modules/fsevents node-gyp rebuild
9132 info run fsevents@2.3.3 install { code: 1, signal: null }
9133 verbose reify failed optional dependency /Users/admin/Downloads/saudi-pool-services/frontend/node_modules/fsevents
9134 silly reify mark deleted [
9134 silly reify   '/Users/admin/Downloads/saudi-pool-services/frontend/node_modules/fsevents'
9134 silly reify ]
9135 info run core-js@3.49.0 postinstall node_modules/core-js node -e "try{require('./postinstall')}catch(e){}"
9136 info run core-js-pure@3.49.0 postinstall node_modules/core-js-pure node -e "try{require('./postinstall')}catch(e){}"
9137 info run core-js@3.49.0 postinstall { code: 0, signal: null }
9138 info run core-js-pure@3.49.0 postinstall { code: 0, signal: null }
9139 silly ADD node_modules/lodash.sortby
9140 silly ADD node_modules/source-list-map
9141 silly ADD node_modules/@humanwhocodes/object-schema
9142 silly ADD node_modules/is-path-inside
9143 silly ADD node_modules/@ungap/structured-clone
9144 silly ADD node_modules/@humanwhocodes/config-array
9145 silly ADD node_modules/@sinclair/typebox
9146 silly ADD node_modules/@jest/schemas
9147 silly ADD node_modules/process-nextick-args
9148 silly ADD node_modules/core-util-is
9149 silly ADD node_modules/at-least-node
9150 silly ADD node_modules/require-from-string
9151 silly ADD node_modules/fast-uri
9152 silly ADD node_modules/@types/mime
9153 silly ADD node_modules/p-try
9154 silly ADD node_modules/sprintf-js
9155 silly ADD node_modules/is-fullwidth-code-point
9156 silly ADD node_modules/wrap-ansi
9157 silly ADD node_modules/yargs-parser
9158 silly ADD node_modules/y18n
9159 silly ADD node_modules/string-width
9160 silly ADD node_modules/string-width/node_modules/emoji-regex
9161 silly ADD node_modules/require-directory
9162 silly ADD node_modules/get-caller-file
9163 silly ADD node_modules/cliui
9164 silly ADD node_modules/typedarray-to-buffer
9165 silly ADD node_modules/is-typedarray
9166 silly ADD node_modules/@types/trusted-types
9167 silly ADD node_modules/idb
9168 silly ADD node_modules/crypto-random-string
9169 silly ADD node_modules/unique-string
9170 silly ADD node_modules/temp-dir
9171 silly ADD node_modules/is-regexp
9172 silly ADD node_modules/is-obj
9173 silly ADD node_modules/get-own-enumerable-property-symbols
9174 silly ADD node_modules/sourcemap-codec
9175 silly ADD node_modules/filelist
9176 silly ADD node_modules/filelist/node_modules/brace-expansion
9177 silly ADD node_modules/filelist/node_modules/minimatch
9178 silly ADD node_modules/async
9179 silly ADD node_modules/jake
9180 silly ADD node_modules/ejs
9181 silly ADD node_modules/estree-walker
9182 silly ADD node_modules/magic-string
9183 silly ADD node_modules/is-module
9184 silly ADD node_modules/builtin-modules
9185 silly ADD node_modules/@types/resolve
9186 silly ADD node_modules/@rollup/pluginutils
9187 silly ADD node_modules/@rollup/pluginutils/node_modules/@types/estree
9188 silly ADD node_modules/jsonpointer
9189 silly ADD node_modules/workbox-window
9190 silly ADD node_modules/workbox-sw
9191 silly ADD node_modules/workbox-streams
9192 silly ADD node_modules/workbox-strategies
9193 silly ADD node_modules/workbox-routing
9194 silly ADD node_modules/workbox-recipes
9195 silly ADD node_modules/workbox-range-requests
9196 silly ADD node_modules/workbox-precaching
9197 silly ADD node_modules/workbox-navigation-preload
9198 silly ADD node_modules/workbox-google-analytics
9199 silly ADD node_modules/workbox-expiration
9200 silly ADD node_modules/workbox-core
9201 silly ADD node_modules/workbox-cacheable-response
9202 silly ADD node_modules/workbox-broadcast-update
9203 silly ADD node_modules/workbox-background-sync
9204 silly ADD node_modules/tempy
9205 silly ADD node_modules/tempy/node_modules/type-fest
9206 silly ADD node_modules/strip-comments
9207 silly ADD node_modules/stringify-object
9208 silly ADD node_modules/rollup-plugin-terser
9209 silly ADD node_modules/rollup-plugin-terser/node_modules/serialize-javascript
9210 silly ADD node_modules/rollup-plugin-terser/node_modules/jest-worker
9211 silly ADD node_modules/rollup
9212 silly ADD node_modules/common-tags
9213 silly ADD node_modules/@surma/rollup-plugin-off-main-thread
9214 silly ADD node_modules/@rollup/plugin-replace
9215 silly ADD node_modules/@rollup/plugin-node-resolve
9216 silly ADD node_modules/@rollup/plugin-node-resolve/node_modules/resolve
9217 silly ADD node_modules/@rollup/plugin-babel
9218 silly ADD node_modules/@apideck/better-ajv-errors
9219 silly ADD node_modules/workbox-build
9220 silly ADD node_modules/workbox-build/node_modules/webidl-conversions
9221 silly ADD node_modules/workbox-build/node_modules/tr46
9222 silly ADD node_modules/workbox-build/node_modules/whatwg-url
9223 silly ADD node_modules/workbox-build/node_modules/json-schema-traverse
9224 silly ADD node_modules/workbox-build/node_modules/source-map
9225 silly ADD node_modules/workbox-build/node_modules/fs-extra
9226 silly ADD node_modules/workbox-build/node_modules/ajv
9227 silly ADD node_modules/upath
9228 silly ADD node_modules/pretty-bytes
9229 silly ADD node_modules/is-weakset
9230 silly ADD node_modules/is-weakmap
9231 silly ADD node_modules/is-map
9232 silly ADD node_modules/generator-function
9233 silly ADD node_modules/async-function
9234 silly ADD node_modules/which-collection
9235 silly ADD node_modules/is-generator-function
9236 silly ADD node_modules/is-finalizationregistry
9237 silly ADD node_modules/is-async-function
9238 silly ADD node_modules/is-number-object
9239 silly ADD node_modules/is-boolean-object
9240 silly ADD node_modules/is-bigint
9241 silly ADD node_modules/isexe
9242 silly ADD node_modules/tr46
9243 silly ADD node_modules/websocket-extensions
9244 silly ADD node_modules/http-parser-js
9245 silly ADD node_modules/isobject
9246 silly ADD node_modules/shallow-clone
9247 silly ADD node_modules/is-plain-object
9248 silly ADD node_modules/wildcard
9249 silly ADD node_modules/flat
9250 silly ADD node_modules/clone-deep
9251 silly ADD node_modules/minimalistic-assert
9252 silly ADD node_modules/media-typer
9253 silly ADD node_modules/string_decoder
9254 silly ADD node_modules/wbuf
9255 silly ADD node_modules/readable-stream
9256 silly ADD node_modules/obuf
9257 silly ADD node_modules/hpack.js
9258 silly ADD node_modules/hpack.js/node_modules/string_decoder
9259 silly ADD node_modules/hpack.js/node_modules/safe-buffer
9260 silly ADD node_modules/hpack.js/node_modules/isarray
9261 silly ADD node_modules/hpack.js/node_modules/readable-stream
9262 silly ADD node_modules/detect-node
9263 silly ADD node_modules/spdy-transport
9264 silly ADD node_modules/select-hose
9265 silly ADD node_modules/http-deceiver
9266 silly ADD node_modules/handle-thing
9267 silly ADD node_modules/websocket-driver
9268 silly ADD node_modules/uuid
9269 silly ADD node_modules/faye-websocket
9270 silly ADD node_modules/batch
9271 silly ADD node_modules/mime
9272 silly ADD node_modules/node-forge
9273 silly ADD node_modules/@types/node-forge
9274 silly ADD node_modules/forwarded
9275 silly ADD node_modules/retry
9276 silly ADD node_modules/@types/retry
9277 silly ADD node_modules/ee-first
9278 silly ADD node_modules/@leichtgewicht/ip-codec
9279 silly ADD node_modules/thunky
9280 silly ADD node_modules/dns-packet
9281 silly ADD node_modules/is-plain-obj
9282 silly ADD node_modules/http-proxy
9283 silly ADD node_modules/http-proxy/node_modules/eventemitter3
9284 silly ADD node_modules/@types/http-proxy
9285 silly ADD node_modules/toidentifier
9286 silly ADD node_modules/unpipe
9287 silly ADD node_modules/raw-body
9288 silly ADD node_modules/raw-body/node_modules/iconv-lite
9289 silly ADD node_modules/destroy
9290 silly ADD node_modules/utils-merge
9291 silly ADD node_modules/type-is
9292 silly ADD node_modules/statuses
9293 silly ADD node_modules/setprototypeof
9294 silly ADD node_modules/serve-static
9295 silly ADD node_modules/send
9296 silly ADD node_modules/send/node_modules/debug
9297 silly ADD node_modules/send/node_modules/debug/node_modules/ms
9298 silly ADD node_modules/range-parser
9299 silly ADD node_modules/qs
9300 silly ADD node_modules/proxy-addr
9301 silly ADD node_modules/proxy-addr/node_modules/ipaddr.js
9302 silly ADD node_modules/path-to-regexp
9303 silly ADD node_modules/parseurl
9304 silly ADD node_modules/on-finished
9305 silly ADD node_modules/methods
9306 silly ADD node_modules/merge-descriptors
9307 silly ADD node_modules/http-errors
9308 silly ADD node_modules/fresh
9309 silly ADD node_modules/finalhandler
9310 silly ADD node_modules/finalhandler/node_modules/ms
9311 silly ADD node_modules/finalhandler/node_modules/debug
9312 silly ADD node_modules/etag
9313 silly ADD node_modules/escape-html
9314 silly ADD node_modules/encodeurl
9315 silly ADD node_modules/depd
9316 silly ADD node_modules/cookie-signature
9317 silly ADD node_modules/content-type
9318 silly ADD node_modules/content-disposition
9319 silly ADD node_modules/body-parser
9320 silly ADD node_modules/body-parser/node_modules/ms
9321 silly ADD node_modules/body-parser/node_modules/iconv-lite
9322 silly ADD node_modules/body-parser/node_modules/debug
9323 silly ADD node_modules/array-flatten
9324 silly ADD node_modules/accepts
9325 silly ADD node_modules/accepts/node_modules/negotiator
9326 silly ADD node_modules/vary
9327 silly ADD node_modules/on-headers
9328 silly ADD node_modules/negotiator
9329 silly ADD node_modules/compressible
9330 silly ADD node_modules/bytes
9331 silly ADD node_modules/multicast-dns
9332 silly ADD node_modules/@types/http-errors
9333 silly ADD node_modules/@types/send
9334 silly ADD node_modules/@types/range-parser
9335 silly ADD node_modules/@types/connect
9336 silly ADD node_modules/@types/qs
9337 silly ADD node_modules/@types/body-parser
9338 silly ADD node_modules/@types/express-serve-static-core
9339 silly ADD node_modules/webpack-dev-middleware
9340 silly ADD node_modules/spdy
9341 silly ADD node_modules/sockjs
9342 silly ADD node_modules/serve-index
9343 silly ADD node_modules/serve-index/node_modules/statuses
9344 silly ADD node_modules/serve-index/node_modules/depd
9345 silly ADD node_modules/serve-index/node_modules/ms
9346 silly ADD node_modules/serve-index/node_modules/http-errors
9347 silly ADD node_modules/serve-index/node_modules/debug
9348 silly ADD node_modules/selfsigned
9349 silly ADD node_modules/p-retry
9350 silly ADD node_modules/launch-editor
9351 silly ADD node_modules/ipaddr.js
9352 silly ADD node_modules/http-proxy-middleware
9353 silly ADD node_modules/express
9354 silly ADD node_modules/express/node_modules/ms
9355 silly ADD node_modules/express/node_modules/debug
9356 silly ADD node_modules/express/node_modules/cookie
9357 silly ADD node_modules/default-gateway
9358 silly ADD node_modules/connect-history-api-fallback
9359 silly ADD node_modules/compression
9360 silly ADD node_modules/compression/node_modules/ms
9361 silly ADD node_modules/compression/node_modules/debug
9362 silly ADD node_modules/colorette
9363 silly ADD node_modules/bonjour-service
9364 silly ADD node_modules/ansi-html-community
9365 silly ADD node_modules/@types/ws
9366 silly ADD node_modules/@types/sockjs
9367 silly ADD node_modules/@types/serve-static
9368 silly ADD node_modules/@types/serve-static/node_modules/@types/send
9369 silly ADD node_modules/@types/serve-index
9370 silly ADD node_modules/@types/express
9371 silly ADD node_modules/@types/express/node_modules/@types/express-serve-static-core
9372 silly ADD node_modules/@types/connect-history-api-fallback
9373 silly ADD node_modules/@types/bonjour
9374 silly ADD node_modules/@xtuc/ieee754
9375 silly ADD node_modules/@webassemblyjs/utf8
9376 silly ADD node_modules/@webassemblyjs/leb128
9377 silly ADD node_modules/@webassemblyjs/ieee754
9378 silly ADD node_modules/@webassemblyjs/wast-printer
9379 silly ADD node_modules/@webassemblyjs/wasm-opt
9380 silly ADD node_modules/@webassemblyjs/wasm-gen
9381 silly ADD node_modules/@webassemblyjs/helper-wasm-section
9382 silly ADD node_modules/@webassemblyjs/helper-buffer
9383 silly ADD node_modules/@xtuc/long
9384 silly ADD node_modules/@webassemblyjs/helper-api-error
9385 silly ADD node_modules/@webassemblyjs/floating-point-hex-parser
9386 silly ADD node_modules/@webassemblyjs/helper-wasm-bytecode
9387 silly ADD node_modules/@webassemblyjs/helper-numbers
9388 silly ADD node_modules/webpack-sources
9389 silly ADD node_modules/watchpack
9390 silly ADD node_modules/minimizer-webpack-plugin
9391 silly ADD node_modules/loader-runner
9392 silly ADD node_modules/events
9393 silly ADD node_modules/es-module-lexer
9394 silly ADD node_modules/enhanced-resolve
9395 silly ADD node_modules/chrome-trace-event
9396 silly ADD node_modules/acorn-import-phases
9397 silly ADD node_modules/@webassemblyjs/wasm-parser
9398 silly ADD node_modules/@webassemblyjs/wasm-edit
9399 silly ADD node_modules/@webassemblyjs/ast
9400 silly ADD node_modules/tmpl
9401 silly ADD node_modules/makeerror
9402 silly ADD node_modules/browser-process-hrtime
9403 silly ADD node_modules/d3-path
9404 silly ADD node_modules/d3-time-format
9405 silly ADD node_modules/d3-format
9406 silly ADD node_modules/d3-color
9407 silly ADD node_modules/internmap
9408 silly ADD node_modules/@types/d3-path
9409 silly ADD node_modules/@types/d3-color
9410 silly ADD node_modules/d3-timer
9411 silly ADD node_modules/d3-time
9412 silly ADD node_modules/d3-shape
9413 silly ADD node_modules/d3-scale
9414 silly ADD node_modules/d3-interpolate
9415 silly ADD node_modules/d3-ease
9416 silly ADD node_modules/d3-array
9417 silly ADD node_modules/@types/d3-timer
9418 silly ADD node_modules/@types/d3-time
9419 silly ADD node_modules/@types/d3-shape
9420 silly ADD node_modules/@types/d3-scale
9421 silly ADD node_modules/@types/d3-interpolate
9422 silly ADD node_modules/@types/d3-ease
9423 silly ADD node_modules/@types/d3-array
9424 silly ADD node_modules/es-array-method-boxes-properly
9425 silly ADD node_modules/array.prototype.reduce
9426 silly ADD node_modules/object.getownpropertydescriptors
9427 silly ADD node_modules/detect-node-es
9428 silly ADD node_modules/requires-port
9429 silly ADD node_modules/querystringify
9430 silly ADD node_modules/escalade
9431 silly ADD node_modules/unicode-property-aliases-ecmascript
9432 silly ADD node_modules/unicode-canonical-property-names-ecmascript
9433 silly ADD node_modules/which-boxed-primitive
9434 silly ADD node_modules/has-bigints
9435 silly ADD node_modules/which-builtin-type
9436 silly ADD node_modules/reflect.getprototypeof
9437 silly ADD node_modules/for-each
9438 silly ADD node_modules/@types/json5
9439 silly ADD node_modules/yn
9440 silly ADD node_modules/v8-compile-cache-lib
9441 silly ADD node_modules/make-error
9442 silly ADD node_modules/diff
9443 silly ADD node_modules/create-require
9444 silly ADD node_modules/@tsconfig/node16
9445 silly ADD node_modules/@tsconfig/node14
9446 silly ADD node_modules/@tsconfig/node12
9447 silly ADD node_modules/@tsconfig/node10
9448 silly ADD node_modules/@cspotcode/source-map-support
9449 silly ADD node_modules/@cspotcode/source-map-support/node_modules/@jridgewell/trace-mapping
9450 silly ADD node_modules/url-parse
9451 silly ADD node_modules/punycode
9452 silly ADD node_modules/psl
9453 silly ADD node_modules/is-number
9454 silly ADD node_modules/fdir
9455 silly ADD node_modules/thenify
9456 silly ADD node_modules/@jridgewell/source-map
9457 silly ADD node_modules/supports-hyperlinks
9458 silly ADD node_modules/thenify-all
9459 silly ADD node_modules/any-promise
9460 silly ADD node_modules/ts-interface-checker
9461 silly ADD node_modules/tinyglobby
9462 silly ADD node_modules/tinyglobby/node_modules/picomatch
9463 silly ADD node_modules/mz
9464 silly ADD node_modules/pify
9465 silly ADD node_modules/camelcase-css
9466 silly ADD node_modules/read-cache
9467 silly ADD node_modules/sucrase
9468 silly ADD node_modules/sucrase/node_modules/commander
9469 silly ADD node_modules/postcss-nested
9470 silly ADD node_modules/postcss-load-config
9471 silly ADD node_modules/postcss-load-config/node_modules/yaml
9472 silly ADD node_modules/postcss-load-config/node_modules/lilconfig
9473 silly ADD node_modules/postcss-js
9474 silly ADD node_modules/postcss-import
9475 silly ADD node_modules/postcss-import/node_modules/resolve
9476 silly ADD node_modules/object-hash
9477 silly ADD node_modules/jiti
9478 silly ADD node_modules/dlv
9479 silly ADD node_modules/didyoumean
9480 silly ADD node_modules/arg
9481 silly ADD node_modules/@alloc/quick-lru
9482 silly ADD node_modules/dequal
9483 silly ADD node_modules/minimist
9484 silly ADD node_modules/mdn-data
9485 silly ADD node_modules/q
9486 silly ADD node_modules/@types/q
9487 silly ADD node_modules/util.promisify
9488 silly ADD node_modules/unquote
9489 silly ADD node_modules/stable
9490 silly ADD node_modules/sax
9491 silly ADD node_modules/mkdirp
9492 silly ADD node_modules/csso
9493 silly ADD node_modules/csso/node_modules/source-map
9494 silly ADD node_modules/csso/node_modules/mdn-data
9495 silly ADD node_modules/csso/node_modules/css-tree
9496 silly ADD node_modules/css-tree
9497 silly ADD node_modules/css-tree/node_modules/source-map
9498 silly ADD node_modules/css-select-base-adapter
9499 silly ADD node_modules/coa
9500 silly ADD node_modules/coa/node_modules/has-flag
9501 silly ADD node_modules/coa/node_modules/color-name
9502 silly ADD node_modules/coa/node_modules/color-convert
9503 silly ADD node_modules/coa/node_modules/supports-color
9504 silly ADD node_modules/coa/node_modules/escape-string-regexp
9505 silly ADD node_modules/coa/node_modules/ansi-styles
9506 silly ADD node_modules/coa/node_modules/chalk
9507 silly ADD node_modules/has-flag
9508 silly ADD node_modules/char-regex
9509 silly ADD node_modules/buffer-from
9510 silly ADD node_modules/safer-buffer
9511 silly ADD node_modules/iconv-lite
9512 silly ADD node_modules/side-channel-weakmap
9513 silly ADD node_modules/side-channel-map
9514 silly ADD node_modules/side-channel-list
9515 silly ADD node_modules/shebang-regex
9516 silly ADD node_modules/safe-buffer
9517 silly ADD node_modules/randombytes
9518 silly ADD node_modules/ajv-keywords
9519 silly ADD node_modules/ajv-formats
9520 silly ADD node_modules/ajv-formats/node_modules/json-schema-traverse
9521 silly ADD node_modules/ajv-formats/node_modules/ajv
9522 silly ADD node_modules/xmlchars
9523 silly ADD node_modules/neo-async
9524 silly ADD node_modules/isarray
9525 silly ADD node_modules/queue-microtask
9526 silly ADD node_modules/regex-parser
9527 silly ADD node_modules/adjust-sourcemap-loader
9528 silly ADD node_modules/supports-preserve-symlinks-flag
9529 silly ADD node_modules/path-parse
9530 silly ADD node_modules/node-exports-info
9531 silly ADD node_modules/entities
9532 silly ADD node_modules/dom-serializer
9533 silly ADD node_modules/domelementtype
9534 silly ADD node_modules/utila
9535 silly ADD node_modules/nth-check
9536 silly ADD node_modules/domutils
9537 silly ADD node_modules/domhandler
9538 silly ADD node_modules/css-what
9539 silly ADD node_modules/boolbase
9540 silly ADD node_modules/htmlparser2
9541 silly ADD node_modules/dom-converter
9542 silly ADD node_modules/css-select
9543 silly ADD node_modules/unicode-match-property-value-ecmascript
9544 silly ADD node_modules/unicode-match-property-ecmascript
9545 silly ADD node_modules/regjsparser
9546 silly ADD node_modules/regjsgen
9547 silly ADD node_modules/regenerate-unicode-properties
9548 silly ADD node_modules/regenerate
9549 silly ADD node_modules/@types/use-sync-external-store
9550 silly ADD node_modules/redux-thunk
9551 silly ADD node_modules/redux
9552 silly ADD node_modules/@standard-schema/spec
9553 silly ADD node_modules/victory-vendor
9554 silly ADD node_modules/tiny-invariant
9555 silly ADD node_modules/reselect
9556 silly ADD node_modules/react-redux
9557 silly ADD node_modules/eventemitter3
9558 silly ADD node_modules/es-toolkit
9559 silly ADD node_modules/decimal.js-light
9560 silly ADD node_modules/@reduxjs/toolkit
9561 silly ADD node_modules/@reduxjs/toolkit/node_modules/immer
9562 silly ADD node_modules/get-nonce
9563 silly ADD node_modules/is-wsl
9564 silly ADD node_modules/is-docker
9565 silly ADD node_modules/define-lazy-prop
9566 silly ADD node_modules/fs-monkey
9567 silly ADD node_modules/binary-extensions
9568 silly ADD node_modules/duplexer
9569 silly ADD node_modules/kind-of
9570 silly ADD node_modules/ini
9571 silly ADD node_modules/global-prefix
9572 silly ADD node_modules/global-prefix/node_modules/which
9573 silly ADD node_modules/readdirp
9574 silly ADD node_modules/is-binary-path
9575 silly ADD node_modules/memfs
9576 silly ADD node_modules/chokidar
9577 silly ADD node_modules/chokidar/node_modules/glob-parent
9578 silly ADD node_modules/text-table
9579 silly ADD node_modules/shell-quote
9580 silly ADD node_modules/recursive-readdir
9581 silly ADD node_modules/react-error-overlay
9582 silly ADD node_modules/pkg-up
9583 silly ADD node_modules/pkg-up/node_modules/p-limit
9584 silly ADD node_modules/pkg-up/node_modules/path-exists
9585 silly ADD node_modules/pkg-up/node_modules/p-locate
9586 silly ADD node_modules/pkg-up/node_modules/locate-path
9587 silly ADD node_modules/pkg-up/node_modules/find-up
9588 silly ADD node_modules/open
9589 silly ADD node_modules/is-root
9590 silly ADD node_modules/immer
9591 silly ADD node_modules/gzip-size
9592 silly ADD node_modules/global-modules
9593 silly ADD node_modules/fork-ts-checker-webpack-plugin
9594 silly ADD node_modules/fork-ts-checker-webpack-plugin/node_modules/ajv-keywords
9595 silly ADD node_modules/fork-ts-checker-webpack-plugin/node_modules/tapable
9596 silly ADD node_modules/fork-ts-checker-webpack-plugin/node_modules/semver
9597 silly ADD node_modules/fork-ts-checker-webpack-plugin/node_modules/schema-utils
9598 silly ADD node_modules/fork-ts-checker-webpack-plugin/node_modules/fs-extra
9599 silly ADD node_modules/fork-ts-checker-webpack-plugin/node_modules/cosmiconfig
9600 silly ADD node_modules/filesize
9601 silly ADD node_modules/detect-port-alt
9602 silly ADD node_modules/detect-port-alt/node_modules/ms
9603 silly ADD node_modules/detect-port-alt/node_modules/debug
9604 silly ADD node_modules/address
9605 silly ADD node_modules/performance-now
9606 silly ADD node_modules/asap
9607 silly ADD node_modules/whatwg-fetch
9608 silly ADD node_modules/regenerator-runtime
9609 silly ADD node_modules/raf
9610 silly ADD node_modules/promise
9611 silly ADD node_modules/core-js
9612 silly ADD node_modules/sisteransi
9613 silly ADD node_modules/kleur
9614 silly ADD node_modules/ansi-regex
9615 silly ADD node_modules/renderkid
9616 silly ADD node_modules/util-deprecate
9617 silly ADD node_modules/cssesc
9618 silly ADD node_modules/@csstools/selector-specificity
9619 silly ADD node_modules/postcss-selector-not
9620 silly ADD node_modules/postcss-replace-overflow-wrap
9621 silly ADD node_modules/postcss-pseudo-class-any-link
9622 silly ADD node_modules/postcss-place
9623 silly ADD node_modules/postcss-page-break
9624 silly ADD node_modules/postcss-overflow-shorthand
9625 silly ADD node_modules/postcss-opacity-percentage
9626 silly ADD node_modules/postcss-nesting
9627 silly ADD node_modules/postcss-media-minmax
9628 silly ADD node_modules/postcss-logical
9629 silly ADD node_modules/postcss-lab-function
9630 silly ADD node_modules/postcss-initial
9631 silly ADD node_modules/postcss-image-set-function
9632 silly ADD node_modules/postcss-gap-properties
9633 silly ADD node_modules/postcss-font-variant
9634 silly ADD node_modules/postcss-focus-within
9635 silly ADD node_modules/postcss-focus-visible
9636 silly ADD node_modules/postcss-env-function
9637 silly ADD node_modules/postcss-double-position-gradients
9638 silly ADD node_modules/postcss-dir-pseudo-class
9639 silly ADD node_modules/postcss-custom-selectors
9640 silly ADD node_modules/postcss-custom-properties
9641 silly ADD node_modules/postcss-custom-media
9642 silly ADD node_modules/postcss-color-rebeccapurple
9643 silly ADD node_modules/postcss-color-hex-alpha
9644 silly ADD node_modules/postcss-color-functional-notation
9645 silly ADD node_modules/postcss-clamp
9646 silly ADD node_modules/postcss-attribute-case-insensitive
9647 silly ADD node_modules/cssdb
9648 silly ADD node_modules/css-prefers-color-scheme
9649 silly ADD node_modules/css-has-pseudo
9650 silly ADD node_modules/css-blank-pseudo
9651 silly ADD node_modules/@csstools/postcss-unset-value
9652 silly ADD node_modules/@csstools/postcss-trigonometric-functions
9653 silly ADD node_modules/@csstools/postcss-text-decoration-shorthand
9654 silly ADD node_modules/@csstools/postcss-stepped-value-functions
9655 silly ADD node_modules/@csstools/postcss-progressive-custom-properties
9656 silly ADD node_modules/@csstools/postcss-oklab-function
9657 silly ADD node_modules/@csstools/postcss-normalize-display-values
9658 silly ADD node_modules/@csstools/postcss-nested-calc
9659 silly ADD node_modules/@csstools/postcss-is-pseudo-class
9660 silly ADD node_modules/@csstools/postcss-ic-unit
9661 silly ADD node_modules/@csstools/postcss-hwb-function
9662 silly ADD node_modules/@csstools/postcss-font-format-keywords
9663 silly ADD node_modules/@csstools/postcss-color-function
9664 silly ADD node_modules/@csstools/postcss-cascade-layers
9665 silly ADD node_modules/normalize-url
9666 silly ADD node_modules/sanitize.css
9667 silly ADD node_modules/postcss-browser-comments
9668 silly ADD node_modules/@csstools/normalize.css
9669 silly ADD node_modules/stylehacks
9670 silly ADD node_modules/klona
9671 silly ADD node_modules/lodash.uniq
9672 silly ADD node_modules/lodash.memoize
9673 silly ADD node_modules/colord
9674 silly ADD node_modules/caniuse-api
9675 silly ADD node_modules/postcss-selector-parser
9676 silly ADD node_modules/lower-case
9677 silly ADD node_modules/no-case
9678 silly ADD node_modules/dot-case
9679 silly ADD node_modules/mimic-fn
9680 silly ADD node_modules/to-regex-range
9681 silly ADD node_modules/fill-range
9682 silly ADD node_modules/braces
9683 silly ADD node_modules/yallist
9684 silly ADD node_modules/emojis-list
9685 silly ADD node_modules/big.js
9686 silly ADD node_modules/underscore
9687 silly ADD node_modules/static-eval
9688 silly ADD node_modules/agent-base
9689 silly ADD node_modules/@tootallnate/once
9690 silly ADD node_modules/esprima
9691 silly ADD node_modules/acorn-walk
9692 silly ADD node_modules/xml-name-validator
9693 silly ADD node_modules/ws
9694 silly ADD node_modules/whatwg-url
9695 silly ADD node_modules/whatwg-mimetype
9696 silly ADD node_modules/whatwg-encoding
9697 silly ADD node_modules/whatwg-encoding/node_modules/iconv-lite
9698 silly ADD node_modules/webidl-conversions
9699 silly ADD node_modules/w3c-xmlserializer
9700 silly ADD node_modules/w3c-hr-time
9701 silly ADD node_modules/tough-cookie
9702 silly ADD node_modules/tough-cookie/node_modules/universalify
9703 silly ADD node_modules/symbol-tree
9704 silly ADD node_modules/saxes
9705 silly ADD node_modules/parse5
9706 silly ADD node_modules/nwsapi
9707 silly ADD node_modules/is-potential-custom-element-name
9708 silly ADD node_modules/https-proxy-agent
9709 silly ADD node_modules/http-proxy-agent
9710 silly ADD node_modules/html-encoding-sniffer
9711 silly ADD node_modules/escodegen
9712 silly ADD node_modules/escodegen/node_modules/source-map
9713 silly ADD node_modules/domexception
9714 silly ADD node_modules/domexception/node_modules/webidl-conversions
9715 silly ADD node_modules/decimal.js
9716 silly ADD node_modules/data-urls
9717 silly ADD node_modules/cssstyle
9718 silly ADD node_modules/cssstyle/node_modules/cssom
9719 silly ADD node_modules/cssom
9720 silly ADD node_modules/acorn-globals
9721 silly ADD node_modules/acorn-globals/node_modules/acorn
9722 silly ADD node_modules/abab
9723 silly ADD node_modules/leven
9724 silly ADD node_modules/@types/prettier
9725 silly ADD node_modules/strip-bom
9726 silly ADD node_modules/cjs-module-lexer
9727 silly ADD node_modules/@jest/globals
9728 silly ADD node_modules/detect-newline
9729 silly ADD node_modules/source-map-support
9730 silly ADD node_modules/source-map-support/node_modules/source-map
9731 silly ADD node_modules/jest-leak-detector
9732 silly ADD node_modules/jest-docblock
9733 silly ADD node_modules/resolve.exports
9734 silly ADD node_modules/jest-pnp-resolver
9735 silly ADD node_modules/@types/stack-utils
9736 silly ADD node_modules/diff-sequences
9737 silly ADD node_modules/jest-diff
9738 silly ADD node_modules/@jest/source-map
9739 silly ADD node_modules/@jest/source-map/node_modules/source-map
9740 silly ADD node_modules/node-int64
9741 silly ADD node_modules/bser
9742 silly ADD node_modules/picomatch
9743 silly ADD node_modules/walker
9744 silly ADD node_modules/jest-serializer
9745 silly ADD node_modules/fb-watchman
9746 silly ADD node_modules/anymatch
9747 silly ADD node_modules/@types/graceful-fs
9748 silly ADD node_modules/jsdom
9749 silly ADD node_modules/jsdom/node_modules/form-data
9750 silly ADD node_modules/type-detect
9751 silly ADD node_modules/@sinonjs/commons
9752 silly ADD node_modules/@sinonjs/fake-timers
9753 silly ADD node_modules/jest-mock
9754 silly ADD node_modules/@jest/fake-timers
9755 silly ADD node_modules/stack-utils
9756 silly ADD node_modules/stack-utils/node_modules/escape-string-regexp
9757 silly ADD node_modules/jest-matcher-utils
9758 silly ADD node_modules/jest-each
9759 silly ADD node_modules/is-generator-fn
9760 silly ADD node_modules/expect
9761 silly ADD node_modules/dedent
9762 silly ADD node_modules/co
9763 silly ADD node_modules/@jest/environment
9764 silly ADD node_modules/pretty-format
9765 silly ADD node_modules/pretty-format/node_modules/react-is
9766 silly ADD node_modules/pretty-format/node_modules/ansi-styles
9767 silly ADD node_modules/jest-jasmine2
9768 silly ADD node_modules/jest-get-type
9769 silly ADD node_modules/jest-environment-node
9770 silly ADD node_modules/jest-environment-jsdom
9771 silly ADD node_modules/jest-circus
9772 silly ADD node_modules/ci-info
9773 silly ADD node_modules/@jest/test-sequencer
9774 silly ADD node_modules/yargs
9775 silly ADD node_modules/strip-final-newline
9776 silly ADD node_modules/signal-exit
9777 silly ADD node_modules/onetime
9778 silly ADD node_modules/npm-run-path
9779 silly ADD node_modules/merge-stream
9780 silly ADD node_modules/is-stream
9781 silly ADD node_modules/human-signals
9782 silly ADD node_modules/get-stream
9783 silly ADD node_modules/throat
9784 silly ADD node_modules/execa
9785 silly ADD node_modules/html-escaper
9786 silly ADD node_modules/wrappy
9787 silly ADD node_modules/resolve-cwd
9788 silly ADD node_modules/resolve-cwd/node_modules/resolve-from
9789 silly ADD node_modules/path-is-absolute
9790 silly ADD node_modules/once
9791 silly ADD node_modules/inherits
9792 silly ADD node_modules/inflight
9793 silly ADD node_modules/fs.realpath
9794 silly ADD node_modules/type-fest
9795 silly ADD node_modules/v8-to-istanbul
9796 silly ADD node_modules/v8-to-istanbul/node_modules/convert-source-map
9797 silly ADD node_modules/terminal-link
9798 silly ADD node_modules/string-length
9799 silly ADD node_modules/istanbul-reports
9800 silly ADD node_modules/istanbul-lib-source-maps
9801 silly ADD node_modules/istanbul-lib-source-maps/node_modules/source-map
9802 silly ADD node_modules/istanbul-lib-report
9803 silly ADD node_modules/istanbul-lib-report/node_modules/semver
9804 silly ADD node_modules/istanbul-lib-report/node_modules/make-dir
9805 silly ADD node_modules/glob
9806 silly ADD node_modules/collect-v8-coverage
9807 silly ADD node_modules/@bcoe/v8-coverage
9808 silly ADD node_modules/strip-ansi
9809 silly ADD node_modules/rimraf
9810 silly ADD node_modules/jest-watcher
9811 silly ADD node_modules/jest-validate
9812 silly ADD node_modules/jest-snapshot
9813 silly ADD node_modules/jest-snapshot/node_modules/semver
9814 silly ADD node_modules/jest-runtime
9815 silly ADD node_modules/jest-runner
9816 silly ADD node_modules/jest-resolve-dependencies
9817 silly ADD node_modules/jest-message-util
9818 silly ADD node_modules/jest-config
9819 silly ADD node_modules/jest-changed-files
9820 silly ADD node_modules/exit
9821 silly ADD node_modules/emittery
9822 silly ADD node_modules/ansi-escapes
9823 silly ADD node_modules/@jest/test-result
9824 silly ADD node_modules/@jest/reporters
9825 silly ADD node_modules/@jest/reporters/node_modules/source-map
9826 silly ADD node_modules/@jest/console
9827 silly ADD node_modules/jest-cli
9828 silly ADD node_modules/import-local
9829 silly ADD node_modules/@jest/core
9830 silly ADD node_modules/istanbul-lib-coverage
9831 silly ADD node_modules/harmony-reflect
9832 silly ADD node_modules/pascal-case
9833 silly ADD node_modules/terser
9834 silly ADD node_modules/terser/node_modules/commander
9835 silly ADD node_modules/relateurl
9836 silly ADD node_modules/param-case
9837 silly ADD node_modules/he
9838 silly ADD node_modules/commander
9839 silly ADD node_modules/clean-css
9840 silly ADD node_modules/clean-css/node_modules/source-map
9841 silly ADD node_modules/camel-case
9842 silly ADD node_modules/tapable
9843 silly ADD node_modules/pretty-error
9844 silly ADD node_modules/html-minifier-terser
9845 silly ADD node_modules/@types/html-minifier-terser
9846 silly ADD node_modules/reusify
9847 silly ADD node_modules/run-parallel
9848 silly ADD node_modules/fastq
9849 silly ADD node_modules/@nodelib/fs.scandir
9850 silly ADD node_modules/@nodelib/fs.walk
9851 silly ADD node_modules/@nodelib/fs.stat
9852 silly ADD node_modules/merge2
9853 silly ADD node_modules/fast-glob
9854 silly ADD node_modules/fast-glob/node_modules/glob-parent
9855 silly ADD node_modules/dir-glob
9856 silly ADD node_modules/array-union
9857 silly ADD node_modules/universalify
9858 silly ADD node_modules/jsonfile
9859 silly ADD node_modules/pkg-dir
9860 silly ADD node_modules/pkg-dir/node_modules/p-limit
9861 silly ADD node_modules/pkg-dir/node_modules/p-locate
9862 silly ADD node_modules/pkg-dir/node_modules/locate-path
9863 silly ADD node_modules/pkg-dir/node_modules/find-up
9864 silly ADD node_modules/commondir
9865 silly ADD node_modules/normalize-path
9866 silly ADD node_modules/@types/eslint
9867 silly ADD node_modules/@typescript-eslint/experimental-utils
9868 silly ADD node_modules/string-natural-compare
9869 silly ADD node_modules/@types/semver
9870 silly ADD node_modules/globby
9871 silly ADD node_modules/@typescript-eslint/visitor-keys
9872 silly ADD node_modules/@typescript-eslint/visitor-keys/node_modules/eslint-visitor-keys
9873 silly ADD node_modules/@typescript-eslint/typescript-estree
9874 silly ADD node_modules/@typescript-eslint/typescript-estree/node_modules/semver
9875 silly ADD node_modules/@typescript-eslint/types
9876 silly ADD node_modules/tsutils
9877 silly ADD node_modules/tsutils/node_modules/tslib
9878 silly ADD node_modules/natural-compare-lite
9879 silly ADD node_modules/graphemer
9880 silly ADD node_modules/@typescript-eslint/utils
9881 silly ADD node_modules/@typescript-eslint/utils/node_modules/estraverse
9882 silly ADD node_modules/@typescript-eslint/utils/node_modules/semver
9883 silly ADD node_modules/@typescript-eslint/utils/node_modules/eslint-scope
9884 silly ADD node_modules/@typescript-eslint/type-utils
9885 silly ADD node_modules/@typescript-eslint/scope-manager
9886 silly ADD node_modules/@nicolo-ribaudo/eslint-scope-5-internals
9887 silly ADD node_modules/@nicolo-ribaudo/eslint-scope-5-internals/node_modules/estraverse
9888 silly ADD node_modules/@nicolo-ribaudo/eslint-scope-5-internals/node_modules/eslint-scope
9889 silly ADD node_modules/eslint-plugin-testing-library
9890 silly ADD node_modules/eslint-plugin-jest
9891 silly ADD node_modules/eslint-plugin-flowtype
9892 silly ADD node_modules/confusing-browser-globals
9893 silly ADD node_modules/@typescript-eslint/parser
9894 silly ADD node_modules/@typescript-eslint/eslint-plugin
9895 silly ADD node_modules/@typescript-eslint/eslint-plugin/node_modules/semver
9896 silly ADD node_modules/@rushstack/eslint-patch
9897 silly ADD node_modules/@babel/eslint-parser
9898 silly ADD node_modules/@babel/eslint-parser/node_modules/eslint-visitor-keys
9899 silly ADD node_modules/stackframe
9900 silly ADD node_modules/postcss-unique-selectors
9901 silly ADD node_modules/postcss-svgo
9902 silly ADD node_modules/postcss-svgo/node_modules/source-map
9903 silly ADD node_modules/postcss-svgo/node_modules/mdn-data
9904 silly ADD node_modules/postcss-svgo/node_modules/sax
9905 silly ADD node_modules/postcss-svgo/node_modules/css-tree
9906 silly ADD node_modules/postcss-svgo/node_modules/commander
9907 silly ADD node_modules/postcss-svgo/node_modules/svgo
9908 silly ADD node_modules/postcss-reduce-transforms
9909 silly ADD node_modules/postcss-reduce-initial
9910 silly ADD node_modules/postcss-ordered-values
9911 silly ADD node_modules/postcss-normalize-whitespace
9912 silly ADD node_modules/postcss-normalize-url
9913 silly ADD node_modules/postcss-normalize-unicode
9914 silly ADD node_modules/postcss-normalize-timing-functions
9915 silly ADD node_modules/postcss-normalize-string
9916 silly ADD node_modules/postcss-normalize-repeat-style
9917 silly ADD node_modules/postcss-normalize-positions
9918 silly ADD node_modules/postcss-normalize-display-values
9919 silly ADD node_modules/postcss-normalize-charset
9920 silly ADD node_modules/postcss-minify-selectors
9921 silly ADD node_modules/postcss-minify-params
9922 silly ADD node_modules/postcss-minify-gradients
9923 silly ADD node_modules/postcss-minify-font-values
9924 silly ADD node_modules/postcss-merge-rules
9925 silly ADD node_modules/postcss-merge-longhand
9926 silly ADD node_modules/postcss-discard-overridden
9927 silly ADD node_modules/postcss-discard-empty
9928 silly ADD node_modules/postcss-discard-duplicates
9929 silly ADD node_modules/postcss-discard-comments
9930 silly ADD node_modules/postcss-convert-values
9931 silly ADD node_modules/postcss-colormin
9932 silly ADD node_modules/postcss-calc
9933 silly ADD node_modules/cssnano-utils
9934 silly ADD node_modules/css-declaration-sorter
9935 silly ADD node_modules/lilconfig
9936 silly ADD node_modules/cssnano-preset-default
9937 silly ADD node_modules/serialize-javascript
9938 silly ADD node_modules/jest-worker
9939 silly ADD node_modules/jest-worker/node_modules/supports-color
9940 silly ADD node_modules/cssnano
9941 silly ADD node_modules/postcss-modules-values
9942 silly ADD node_modules/postcss-modules-scope
9943 silly ADD node_modules/postcss-modules-scope/node_modules/postcss-selector-parser
9944 silly ADD node_modules/postcss-modules-local-by-default
9945 silly ADD node_modules/postcss-modules-local-by-default/node_modules/postcss-selector-parser
9946 silly ADD node_modules/postcss-modules-extract-imports
9947 silly ADD node_modules/icss-utils
9948 silly ADD node_modules/tryer
9949 silly ADD node_modules/jsonpath
9950 silly ADD node_modules/jsonpath/node_modules/esprima
9951 silly ADD node_modules/hoopy
9952 silly ADD node_modules/check-types
9953 silly ADD node_modules/bluebird
9954 silly ADD node_modules/@babel/plugin-syntax-typescript
9955 silly ADD node_modules/@babel/plugin-transform-typescript
9956 silly ADD node_modules/@babel/plugin-syntax-flow
9957 silly ADD node_modules/@babel/plugin-syntax-decorators
9958 silly ADD node_modules/babel-plugin-transform-react-remove-prop-types
9959 silly ADD node_modules/babel-plugin-macros
9960 silly ADD node_modules/babel-plugin-macros/node_modules/resolve
9961 silly ADD node_modules/@babel/runtime
9962 silly ADD node_modules/@babel/preset-typescript
9963 silly ADD node_modules/@babel/plugin-transform-runtime
9964 silly ADD node_modules/@babel/plugin-transform-runtime/node_modules/babel-plugin-polyfill-corejs3
9965 silly ADD node_modules/@babel/plugin-transform-flow-strip-types
9966 silly ADD node_modules/@babel/plugin-proposal-private-methods
9967 silly ADD node_modules/@babel/plugin-proposal-optional-chaining
9968 silly ADD node_modules/@babel/plugin-proposal-numeric-separator
9969 silly ADD node_modules/@babel/plugin-proposal-nullish-coalescing-operator
9970 silly ADD node_modules/@babel/plugin-proposal-decorators
9971 silly ADD node_modules/@babel/plugin-proposal-class-properties
9972 silly ADD node_modules/@babel/plugin-syntax-top-level-await
9973 silly ADD node_modules/@babel/plugin-syntax-optional-chaining
9974 silly ADD node_modules/@babel/plugin-syntax-optional-catch-binding
9975 silly ADD node_modules/@babel/plugin-syntax-object-rest-spread
9976 silly ADD node_modules/@babel/plugin-syntax-numeric-separator
9977 silly ADD node_modules/@babel/plugin-syntax-nullish-coalescing-operator
9978 silly ADD node_modules/@babel/plugin-syntax-logical-assignment-operators
9979 silly ADD node_modules/@babel/plugin-syntax-json-strings
9980 silly ADD node_modules/@babel/plugin-syntax-import-meta
9981 silly ADD node_modules/@babel/plugin-syntax-class-static-block
9982 silly ADD node_modules/@babel/plugin-syntax-class-properties
9983 silly ADD node_modules/@babel/plugin-syntax-bigint
9984 silly ADD node_modules/@babel/plugin-syntax-async-generators
9985 silly ADD node_modules/babel-preset-current-node-syntax
9986 silly ADD node_modules/babel-plugin-jest-hoist
9987 silly ADD node_modules/lodash.debounce
9988 silly ADD node_modules/@babel/helper-define-polyfill-provider
9989 silly ADD node_modules/@babel/helper-define-polyfill-provider/node_modules/resolve
9990 silly ADD node_modules/get-package-type
9991 silly ADD node_modules/test-exclude
9992 silly ADD node_modules/istanbul-lib-instrument
9993 silly ADD node_modules/@istanbuljs/schema
9994 silly ADD node_modules/@istanbuljs/load-nyc-config
9995 silly ADD node_modules/@istanbuljs/load-nyc-config/node_modules/p-limit
9996 silly ADD node_modules/@istanbuljs/load-nyc-config/node_modules/p-locate
9997 silly ADD node_modules/@istanbuljs/load-nyc-config/node_modules/argparse
9998 silly ADD node_modules/@istanbuljs/load-nyc-config/node_modules/locate-path
9999 silly ADD node_modules/@istanbuljs/load-nyc-config/node_modules/resolve-from
10000 silly ADD node_modules/@istanbuljs/load-nyc-config/node_modules/js-yaml
10001 silly ADD node_modules/@istanbuljs/load-nyc-config/node_modules/find-up
10002 silly ADD node_modules/@istanbuljs/load-nyc-config/node_modules/camelcase
10003 silly ADD node_modules/make-dir
10004 silly ADD node_modules/find-cache-dir
10005 silly ADD node_modules/@types/yargs-parser
10006 silly ADD node_modules/undici-types
10007 silly ADD node_modules/@types/istanbul-lib-report
10008 silly ADD node_modules/@types/babel__traverse
10009 silly ADD node_modules/@types/babel__template
10010 silly ADD node_modules/@types/babel__generator
10011 silly ADD node_modules/@types/yargs
10012 silly ADD node_modules/@types/node
10013 silly ADD node_modules/@types/istanbul-reports
10014 silly ADD node_modules/@types/istanbul-lib-coverage
10015 silly ADD node_modules/write-file-atomic
10016 silly ADD node_modules/pirates
10017 silly ADD node_modules/micromatch
10018 silly ADD node_modules/jest-util
10019 silly ADD node_modules/jest-regex-util
10020 silly ADD node_modules/jest-haste-map
10021 silly ADD node_modules/slash
10022 silly ADD node_modules/graceful-fs
10023 silly ADD node_modules/babel-preset-jest
10024 silly ADD node_modules/babel-plugin-istanbul
10025 silly ADD node_modules/@types/babel__core
10026 silly ADD node_modules/@jest/types
10027 silly ADD node_modules/@jest/transform
10028 silly ADD node_modules/@jest/transform/node_modules/source-map
10029 silly ADD node_modules/@jest/transform/node_modules/convert-source-map
10030 silly ADD node_modules/svgo
10031 silly ADD node_modules/svgo/node_modules/has-flag
10032 silly ADD node_modules/svgo/node_modules/argparse
10033 silly ADD node_modules/svgo/node_modules/dom-serializer
10034 silly ADD node_modules/svgo/node_modules/nth-check
10035 silly ADD node_modules/svgo/node_modules/domutils
10036 silly ADD node_modules/svgo/node_modules/domutils/node_modules/domelementtype
10037 silly ADD node_modules/svgo/node_modules/css-what
10038 silly ADD node_modules/svgo/node_modules/color-name
10039 silly ADD node_modules/svgo/node_modules/color-convert
10040 silly ADD node_modules/svgo/node_modules/supports-color
10041 silly ADD node_modules/svgo/node_modules/escape-string-regexp
10042 silly ADD node_modules/svgo/node_modules/ansi-styles
10043 silly ADD node_modules/svgo/node_modules/js-yaml
10044 silly ADD node_modules/svgo/node_modules/css-select
10045 silly ADD node_modules/svgo/node_modules/chalk
10046 silly ADD node_modules/deepmerge
10047 silly ADD node_modules/@svgr/babel-plugin-transform-svg-component
10048 silly ADD node_modules/@svgr/babel-plugin-transform-react-native-svg
10049 silly ADD node_modules/@svgr/babel-plugin-svg-em-dimensions
10050 silly ADD node_modules/@svgr/babel-plugin-svg-dynamic-title
10051 silly ADD node_modules/@svgr/babel-plugin-replace-jsx-attribute-value
10052 silly ADD node_modules/@svgr/babel-plugin-remove-jsx-empty-expression
10053 silly ADD node_modules/@svgr/babel-plugin-remove-jsx-attribute
10054 silly ADD node_modules/@svgr/babel-plugin-add-jsx-attribute
10055 silly ADD node_modules/svg-parser
10056 silly ADD node_modules/@svgr/hast-util-to-babel-ast
10057 silly ADD node_modules/@svgr/babel-preset
10058 silly ADD node_modules/@babel/plugin-syntax-jsx
10059 silly ADD node_modules/@babel/plugin-transform-react-pure-annotations
10060 silly ADD node_modules/@babel/plugin-transform-react-jsx-development
10061 silly ADD node_modules/@babel/plugin-transform-react-jsx
10062 silly ADD node_modules/@babel/plugin-transform-react-display-name
10063 silly ADD node_modules/@babel/helper-wrap-function
10064 silly ADD node_modules/@babel/helper-remap-async-to-generator
10065 silly ADD node_modules/regexpu-core
10066 silly ADD node_modules/@babel/helper-create-regexp-features-plugin
10067 silly ADD node_modules/core-js-compat
10068 silly ADD node_modules/babel-plugin-polyfill-regenerator
10069 silly ADD node_modules/babel-plugin-polyfill-corejs3
10070 silly ADD node_modules/babel-plugin-polyfill-corejs2
10071 silly ADD node_modules/@babel/preset-modules
10072 silly ADD node_modules/@babel/plugin-transform-unicode-sets-regex
10073 silly ADD node_modules/@babel/plugin-transform-unicode-regex
10074 silly ADD node_modules/@babel/plugin-transform-unicode-property-regex
10075 silly ADD node_modules/@babel/plugin-transform-unicode-escapes
10076 silly ADD node_modules/@babel/plugin-transform-typeof-symbol
10077 silly ADD node_modules/@babel/plugin-transform-template-literals
10078 silly ADD node_modules/@babel/plugin-transform-sticky-regex
10079 silly ADD node_modules/@babel/plugin-transform-spread
10080 silly ADD node_modules/@babel/plugin-transform-shorthand-properties
10081 silly ADD node_modules/@babel/plugin-transform-reserved-words
10082 silly ADD node_modules/@babel/plugin-transform-regexp-modifiers
10083 silly ADD node_modules/@babel/plugin-transform-regenerator
10084 silly ADD node_modules/@babel/plugin-transform-property-literals
10085 silly ADD node_modules/@babel/plugin-transform-private-property-in-object
10086 silly ADD node_modules/@babel/plugin-transform-private-methods
10087 silly ADD node_modules/@babel/plugin-transform-parameters
10088 silly ADD node_modules/@babel/plugin-transform-optional-chaining
10089 silly ADD node_modules/@babel/plugin-transform-optional-catch-binding
10090 silly ADD node_modules/@babel/plugin-transform-object-super
10091 silly ADD node_modules/@babel/plugin-transform-object-rest-spread
10092 silly ADD node_modules/@babel/plugin-transform-numeric-separator
10093 silly ADD node_modules/@babel/plugin-transform-nullish-coalescing-operator
10094 silly ADD node_modules/@babel/plugin-transform-new-target
10095 silly ADD node_modules/@babel/plugin-transform-named-capturing-groups-regex
10096 silly ADD node_modules/@babel/plugin-transform-modules-umd
10097 silly ADD node_modules/@babel/plugin-transform-modules-systemjs
10098 silly ADD node_modules/@babel/plugin-transform-modules-commonjs
10099 silly ADD node_modules/@babel/plugin-transform-modules-amd
10100 silly ADD node_modules/@babel/plugin-transform-member-expression-literals
10101 silly ADD node_modules/@babel/plugin-transform-logical-assignment-operators
10102 silly ADD node_modules/@babel/plugin-transform-literals
10103 silly ADD node_modules/@babel/plugin-transform-json-strings
10104 silly ADD node_modules/@babel/plugin-transform-function-name
10105 silly ADD node_modules/@babel/plugin-transform-for-of
10106 silly ADD node_modules/@babel/plugin-transform-export-namespace-from
10107 silly ADD node_modules/@babel/plugin-transform-exponentiation-operator
10108 silly ADD node_modules/@babel/plugin-transform-explicit-resource-management
10109 silly ADD node_modules/@babel/plugin-transform-dynamic-import
10110 silly ADD node_modules/@babel/plugin-transform-duplicate-named-capturing-groups-regex
10111 silly ADD node_modules/@babel/plugin-transform-duplicate-keys
10112 silly ADD node_modules/@babel/plugin-transform-dotall-regex
10113 silly ADD node_modules/@babel/plugin-transform-destructuring
10114 silly ADD node_modules/@babel/plugin-transform-computed-properties
10115 silly ADD node_modules/@babel/plugin-transform-classes
10116 silly ADD node_modules/@babel/plugin-transform-class-static-block
10117 silly ADD node_modules/@babel/plugin-transform-class-properties
10118 silly ADD node_modules/@babel/plugin-transform-block-scoping
10119 silly ADD node_modules/@babel/plugin-transform-block-scoped-functions
10120 silly ADD node_modules/@babel/plugin-transform-async-to-generator
10121 silly ADD node_modules/@babel/plugin-transform-async-generator-functions
10122 silly ADD node_modules/@babel/plugin-transform-arrow-functions
10123 silly ADD node_modules/@babel/plugin-syntax-unicode-sets-regex
10124 silly ADD node_modules/@babel/plugin-syntax-import-attributes
10125 silly ADD node_modules/@babel/plugin-syntax-import-assertions
10126 silly ADD node_modules/@babel/plugin-bugfix-v8-static-class-fields-redefine-readonly
10127 silly ADD node_modules/@babel/plugin-bugfix-v8-spread-parameters-in-optional-chaining
10128 silly ADD node_modules/@babel/plugin-bugfix-safari-rest-destructuring-rhs-array
10129 silly ADD node_modules/@babel/plugin-bugfix-safari-id-destructuring-collision-in-function-expression
10130 silly ADD node_modules/@babel/plugin-bugfix-safari-class-field-initializer-scope
10131 silly ADD node_modules/@babel/plugin-bugfix-firefox-class-in-computed-class-key
10132 silly ADD node_modules/@svgr/plugin-svgo
10133 silly ADD node_modules/@svgr/plugin-jsx
10134 silly ADD node_modules/@svgr/core
10135 silly ADD node_modules/@babel/preset-react
10136 silly ADD node_modules/@babel/preset-env
10137 silly ADD node_modules/@babel/preset-env/node_modules/@babel/plugin-proposal-private-property-in-object
10138 silly ADD node_modules/@babel/plugin-transform-react-constant-elements
10139 silly ADD node_modules/source-map
10140 silly ADD node_modules/schema-utils
10141 silly ADD node_modules/schema-utils/node_modules/json-schema-traverse
10142 silly ADD node_modules/schema-utils/node_modules/ajv
10143 silly ADD node_modules/loader-utils
10144 silly ADD node_modules/html-entities
10145 silly ADD node_modules/error-stack-parser
10146 silly ADD node_modules/core-js-pure
10147 silly ADD node_modules/ansi-html
10148 silly ADD node_modules/@babel/helper-module-imports
10149 silly ADD node_modules/lru-cache
10150 silly ADD node_modules/@babel/helper-validator-option
10151 silly ADD node_modules/@babel/compat-data
10152 silly ADD node_modules/json5
10153 silly ADD node_modules/gensync
10154 silly ADD node_modules/convert-source-map
10155 silly ADD node_modules/@jridgewell/remapping
10156 silly ADD node_modules/@babel/helpers
10157 silly ADD node_modules/@babel/helper-module-transforms
10158 silly ADD node_modules/@babel/helper-compilation-targets
10159 silly ADD node_modules/workbox-webpack-plugin
10160 silly ADD node_modules/workbox-webpack-plugin/node_modules/source-map
10161 silly ADD node_modules/workbox-webpack-plugin/node_modules/webpack-sources
10162 silly ADD node_modules/webpack-manifest-plugin
10163 silly ADD node_modules/webpack-manifest-plugin/node_modules/source-map
10164 silly ADD node_modules/webpack-manifest-plugin/node_modules/webpack-sources
10165 silly ADD node_modules/webpack-dev-server
10166 silly ADD node_modules/webpack-dev-server/node_modules/ws
10167 silly ADD node_modules/webpack
10168 silly ADD node_modules/webpack/node_modules/estraverse
10169 silly ADD node_modules/webpack/node_modules/mime-db
10170 silly ADD node_modules/webpack/node_modules/eslint-scope
10171 silly ADD node_modules/terser-webpack-plugin
10172 silly ADD node_modules/style-loader
10173 silly ADD node_modules/source-map-loader
10174 silly ADD node_modules/sass-loader
10175 silly ADD node_modules/resolve-url-loader
10176 silly ADD node_modules/resolve-url-loader/node_modules/picocolors
10177 silly ADD node_modules/resolve-url-loader/node_modules/source-map
10178 silly ADD node_modules/resolve-url-loader/node_modules/postcss
10179 silly ADD node_modules/resolve-url-loader/node_modules/convert-source-map
10180 silly ADD node_modules/react-refresh
10181 silly ADD node_modules/react-dev-utils
10182 silly ADD node_modules/react-dev-utils/node_modules/loader-utils
10183 silly ADD node_modules/react-app-polyfill
10184 silly ADD node_modules/prompts
10185 silly ADD node_modules/postcss-preset-env
10186 silly ADD node_modules/postcss-normalize
10187 silly ADD node_modules/postcss-loader
10188 silly ADD node_modules/postcss-loader/node_modules/semver
10189 silly ADD node_modules/postcss-flexbugs-fixes
10190 silly ADD node_modules/mini-css-extract-plugin
10191 silly ADD node_modules/jest-watch-typeahead
10192 silly ADD node_modules/jest-watch-typeahead/node_modules/react-is
10193 silly ADD node_modules/jest-watch-typeahead/node_modules/ansi-styles
10194 silly ADD node_modules/jest-watch-typeahead/node_modules/pretty-format
10195 silly ADD node_modules/jest-watch-typeahead/node_modules/@types/yargs
10196 silly ADD node_modules/jest-watch-typeahead/node_modules/jest-message-util
10197 silly ADD node_modules/jest-watch-typeahead/node_modules/jest-message-util/node_modules/slash
10198 silly ADD node_modules/jest-watch-typeahead/node_modules/@jest/console
10199 silly ADD node_modules/jest-watch-typeahead/node_modules/@jest/console/node_modules/slash
10200 silly ADD node_modules/jest-watch-typeahead/node_modules/jest-util
10201 silly ADD node_modules/jest-watch-typeahead/node_modules/emittery
10202 silly ADD node_modules/jest-watch-typeahead/node_modules/@jest/types
10203 silly ADD node_modules/jest-watch-typeahead/node_modules/@jest/test-result
10204 silly ADD node_modules/jest-watch-typeahead/node_modules/strip-ansi
10205 silly ADD node_modules/jest-watch-typeahead/node_modules/strip-ansi/node_modules/ansi-regex
10206 silly ADD node_modules/jest-watch-typeahead/node_modules/string-length
10207 silly ADD node_modules/jest-watch-typeahead/node_modules/string-length/node_modules/char-regex
10208 silly ADD node_modules/jest-watch-typeahead/node_modules/slash
10209 silly ADD node_modules/jest-watch-typeahead/node_modules/jest-watcher
10210 silly ADD node_modules/jest-watch-typeahead/node_modules/jest-watcher/node_modules/strip-ansi
10211 silly ADD node_modules/jest-watch-typeahead/node_modules/jest-watcher/node_modules/string-length
10212 silly ADD node_modules/jest-watch-typeahead/node_modules/jest-regex-util
10213 silly ADD node_modules/jest-resolve
10214 silly ADD node_modules/jest-resolve/node_modules/resolve
10215 silly ADD node_modules/jest
10216 silly ADD node_modules/identity-obj-proxy
10217 silly ADD node_modules/html-webpack-plugin
10218 silly ADD
10219 silly ADD node_modules/fs-extra
10220 silly ADD node_modules/file-loader
10221 silly ADD node_modules/file-loader/node_modules/ajv-keywords
10222 silly ADD node_modules/file-loader/node_modules/schema-utils
10223 silly ADD node_modules/eslint-webpack-plugin
10224 silly ADD node_modules/eslint-webpack-plugin/node_modules/supports-color
10225 silly ADD node_modules/eslint-webpack-plugin/node_modules/jest-worker
10226 silly ADD node_modules/eslint-config-react-app
10227 silly ADD node_modules/eslint-config-react-app/node_modules/eslint-plugin-react-hooks
10228 silly ADD node_modules/dotenv-expand
10229 silly ADD node_modules/css-minimizer-webpack-plugin
10230 silly ADD node_modules/css-minimizer-webpack-plugin/node_modules/source-map
10231 silly ADD node_modules/css-loader
10232 silly ADD node_modules/css-loader/node_modules/semver
10233 silly ADD node_modules/case-sensitive-paths-webpack-plugin
10234 silly ADD node_modules/camelcase
10235 silly ADD node_modules/bfj
10236 silly ADD node_modules/babel-preset-react-app
10237 silly ADD node_modules/babel-plugin-named-asset-import
10238 silly ADD node_modules/babel-loader
10239 silly ADD node_modules/babel-loader/node_modules/ajv-keywords
10240 silly ADD node_modules/babel-loader/node_modules/schema-utils
10241 silly ADD node_modules/babel-jest
10242 silly ADD node_modules/@svgr/webpack
10243 silly ADD node_modules/@pmmmwh/react-refresh-webpack-plugin
10244 silly ADD node_modules/@babel/core
10245 silly ADD node_modules/set-cookie-parser
10246 silly ADD node_modules/cookie
10247 silly ADD node_modules/react-router
10248 silly ADD node_modules/use-sidecar
10249 silly ADD node_modules/use-callback-ref
10250 silly ADD node_modules/react-style-singleton
10251 silly ADD node_modules/react-remove-scroll-bar
10252 silly ADD node_modules/scheduler
10253 silly ADD node_modules/react-is
10254 silly ADD node_modules/object-assign
10255 silly ADD node_modules/loose-envify
10256 silly ADD node_modules/source-map-js
10257 silly ADD node_modules/nanoid
10258 silly ADD node_modules/is-arrayish
10259 silly ADD node_modules/lines-and-columns
10260 silly ADD node_modules/json-parse-even-better-errors
10261 silly ADD node_modules/error-ex
10262 silly ADD node_modules/callsites
10263 silly ADD node_modules/yocto-queue
10264 silly ADD node_modules/p-limit
10265 silly ADD node_modules/word-wrap
10266 silly ADD node_modules/fast-levenshtein
10267 silly ADD node_modules/deep-is
10268 silly ADD node_modules/concat-map
10269 silly ADD node_modules/balanced-match
10270 silly ADD node_modules/brace-expansion
10271 silly ADD node_modules/mime-db
10272 silly ADD node_modules/p-locate
10273 silly ADD node_modules/type-check
10274 silly ADD node_modules/prelude-ls
10275 silly ADD node_modules/language-subtag-registry
10276 silly ADD node_modules/json-buffer
10277 silly ADD node_modules/argparse
10278 silly ADD node_modules/set-function-name
10279 silly ADD node_modules/is-extglob
10280 silly ADD node_modules/side-channel
10281 silly ADD node_modules/resolve-from
10282 silly ADD node_modules/parent-module
10283 silly ADD node_modules/dunder-proto
10284 silly ADD node_modules/is-document.all
10285 silly ADD node_modules/functions-have-names
10286 silly ADD node_modules/motion-utils
10287 silly ADD node_modules/motion-dom
10288 silly ADD node_modules/delayed-stream
10289 silly ADD node_modules/mime-types
10290 silly ADD node_modules/combined-stream
10291 silly ADD node_modules/asynckit
10292 silly ADD node_modules/keyv
10293 silly ADD node_modules/flatted
10294 silly ADD node_modules/path-exists
10295 silly ADD node_modules/locate-path
10296 silly ADD node_modules/flat-cache
10297 silly ADD node_modules/acorn-jsx
10298 silly ADD node_modules/acorn
10299 silly ADD node_modules/esrecurse
10300 silly ADD node_modules/iterator.prototype
10301 silly ADD node_modules/string.prototype.repeat
10302 silly ADD node_modules/string.prototype.matchall
10303 silly ADD node_modules/prop-types
10304 silly ADD node_modules/object.entries
10305 silly ADD node_modules/estraverse
10306 silly ADD node_modules/es-iterator-helpers
10307 silly ADD node_modules/array.prototype.tosorted
10308 silly ADD node_modules/array.prototype.findlast
10309 silly ADD node_modules/string.prototype.includes
10310 silly ADD node_modules/language-tags
10311 silly ADD node_modules/jsx-ast-utils
10312 silly ADD node_modules/emoji-regex
10313 silly ADD node_modules/damerau-levenshtein
10314 silly ADD node_modules/axobject-query
10315 silly ADD node_modules/axe-core
10316 silly ADD node_modules/ast-types-flow
10317 silly ADD node_modules/aria-query
10318 silly ADD node_modules/resolve
10319 silly ADD node_modules/is-symbol
10320 silly ADD node_modules/is-date-object
10321 silly ADD node_modules/es-abstract-get
10322 silly ADD node_modules/has-tostringtag
10323 silly ADD node_modules/possible-typed-array-names
10324 silly ADD node_modules/which-typed-array
10325 silly ADD node_modules/unbox-primitive
10326 silly ADD node_modules/typed-array-length
10327 silly ADD node_modules/typed-array-byte-offset
10328 silly ADD node_modules/typed-array-byte-length
10329 silly ADD node_modules/typed-array-buffer
10330 silly ADD node_modules/string.prototype.trimstart
10331 silly ADD node_modules/string.prototype.trim
10332 silly ADD node_modules/stop-iteration-iterator
10333 silly ADD node_modules/set-proto
10334 silly ADD node_modules/safe-regex-test
10335 silly ADD node_modules/safe-push-apply
10336 silly ADD node_modules/safe-array-concat
10337 silly ADD node_modules/regexp.prototype.flags
10338 silly ADD node_modules/own-keys
10339 silly ADD node_modules/object.assign
10340 silly ADD node_modules/object-inspect
10341 silly ADD node_modules/is-weakref
10342 silly ADD node_modules/is-typed-array
10343 silly ADD node_modules/is-shared-array-buffer
10344 silly ADD node_modules/is-set
10345 silly ADD node_modules/is-regex
10346 silly ADD node_modules/is-negative-zero
10347 silly ADD node_modules/is-data-view
10348 silly ADD node_modules/is-callable
10349 silly ADD node_modules/is-array-buffer
10350 silly ADD node_modules/internal-slot
10351 silly ADD node_modules/has-symbols
10352 silly ADD node_modules/has-proto
10353 silly ADD node_modules/globalthis
10354 silly ADD node_modules/get-symbol-description
10355 silly ADD node_modules/get-proto
10356 silly ADD node_modules/function.prototype.name
10357 silly ADD node_modules/es-to-primitive
10358 silly ADD node_modules/es-set-tostringtag
10359 silly ADD node_modules/data-view-byte-offset
10360 silly ADD node_modules/data-view-byte-length
10361 silly ADD node_modules/data-view-buffer
10362 silly ADD node_modules/available-typed-arrays
10363 silly ADD node_modules/arraybuffer.prototype.slice
10364 silly ADD node_modules/array-buffer-byte-length
10365 silly ADD node_modules/gopd
10366 silly ADD node_modules/object-keys
10367 silly ADD node_modules/has-property-descriptors
10368 silly ADD node_modules/define-data-property
10369 silly ADD node_modules/function-bind
10370 silly ADD node_modules/set-function-length
10371 silly ADD node_modules/es-define-property
10372 silly ADD node_modules/call-bind-apply-helpers
10373 silly ADD node_modules/es-shim-unscopables
10374 silly ADD node_modules/es-errors
10375 silly ADD node_modules/math-intrinsics
10376 silly ADD node_modules/is-string
10377 silly ADD node_modules/get-intrinsic
10378 silly ADD node_modules/es-object-atoms
10379 silly ADD node_modules/es-abstract
10380 silly ADD node_modules/define-properties
10381 silly ADD node_modules/call-bound
10382 silly ADD node_modules/call-bind
10383 silly ADD node_modules/tsconfig-paths
10384 silly ADD node_modules/tsconfig-paths/node_modules/strip-bom
10385 silly ADD node_modules/tsconfig-paths/node_modules/json5
10386 silly ADD node_modules/string.prototype.trimend
10387 silly ADD node_modules/object.values
10388 silly ADD node_modules/object.groupby
10389 silly ADD node_modules/object.fromentries
10390 silly ADD node_modules/is-core-module
10391 silly ADD node_modules/hasown
10392 silly ADD node_modules/eslint-module-utils
10393 silly ADD node_modules/eslint-module-utils/node_modules/debug
10394 silly ADD node_modules/eslint-import-resolver-node
10395 silly ADD node_modules/eslint-import-resolver-node/node_modules/debug
10396 silly ADD node_modules/doctrine
10397 silly ADD node_modules/array.prototype.flatmap
10398 silly ADD node_modules/array.prototype.flat
10399 silly ADD node_modules/array.prototype.findlastindex
10400 silly ADD node_modules/array-includes
10401 silly ADD node_modules/@rtsao/scc
10402 silly ADD node_modules/color-name
10403 silly ADD node_modules/color-convert
10404 silly ADD node_modules/supports-color
10405 silly ADD node_modules/ansi-styles
10406 silly ADD node_modules/uri-js
10407 silly ADD node_modules/json-schema-traverse
10408 silly ADD node_modules/fast-json-stable-stringify
10409 silly ADD node_modules/@humanfs/types
10410 silly ADD node_modules/@humanfs/core
10411 silly ADD node_modules/levn
10412 silly ADD node_modules/strip-json-comments
10413 silly ADD node_modules/js-yaml
10414 silly ADD node_modules/@eslint/object-schema
10415 silly ADD node_modules/optionator
10416 silly ADD node_modules/natural-compare
10417 silly ADD node_modules/minimatch
10418 silly ADD node_modules/lodash.merge
10419 silly ADD node_modules/json-stable-stringify-without-jsonify
10420 silly ADD node_modules/is-glob
10421 silly ADD node_modules/imurmurhash
10422 silly ADD node_modules/ignore
10423 silly ADD node_modules/glob-parent
10424 silly ADD node_modules/find-up
10425 silly ADD node_modules/file-entry-cache
10426 silly ADD node_modules/fast-deep-equal
10427 silly ADD node_modules/esutils
10428 silly ADD node_modules/esquery
10429 silly ADD node_modules/espree
10430 silly ADD node_modules/eslint-visitor-keys
10431 silly ADD node_modules/eslint-scope
10432 silly ADD node_modules/escape-string-regexp
10433 silly ADD node_modules/chalk
10434 silly ADD node_modules/ajv
10435 silly ADD node_modules/@types/json-schema
10436 silly ADD node_modules/@types/estree
10437 silly ADD node_modules/@humanwhocodes/retry
10438 silly ADD node_modules/@humanwhocodes/module-importer
10439 silly ADD node_modules/@humanfs/node
10440 silly ADD node_modules/@eslint/plugin-kit
10441 silly ADD node_modules/@eslint/plugin-kit/node_modules/@eslint/core
10442 silly ADD node_modules/@eslint/eslintrc
10443 silly ADD node_modules/@eslint/eslintrc/node_modules/globals
10444 silly ADD node_modules/@eslint/core
10445 silly ADD node_modules/@eslint/config-helpers
10446 silly ADD node_modules/@eslint/config-array
10447 silly ADD node_modules/@eslint-community/regexpp
10448 silly ADD node_modules/@eslint-community/eslint-utils
10449 silly ADD node_modules/@eslint-community/eslint-utils/node_modules/eslint-visitor-keys
10450 silly ADD node_modules/embla-carousel-reactive-utils
10451 silly ADD node_modules/embla-carousel
10452 silly ADD node_modules/ms
10453 silly ADD node_modules/which
10454 silly ADD node_modules/shebang-command
10455 silly ADD node_modules/path-key
10456 silly ADD node_modules/ts-node
10457 silly ADD node_modules/ts-node/node_modules/arg
10458 silly ADD node_modules/ts-node/node_modules/acorn-walk
10459 silly ADD node_modules/yaml
10460 silly ADD node_modules/path-type
10461 silly ADD node_modules/parse-json
10462 silly ADD node_modules/import-fresh
10463 silly ADD node_modules/@types/parse-json
10464 silly ADD node_modules/update-browserslist-db
10465 silly ADD node_modules/node-releases
10466 silly ADD node_modules/electron-to-chromium
10467 silly ADD node_modules/baseline-browser-mapping
10468 silly ADD node_modules/proxy-from-env
10469 silly ADD node_modules/form-data
10470 silly ADD node_modules/follow-redirects
10471 silly ADD node_modules/postcss-value-parser
10472 silly ADD node_modules/normalize-range
10473 silly ADD node_modules/fraction.js
10474 silly ADD node_modules/caniuse-lite
10475 silly ADD node_modules/browserslist
10476 silly ADD node_modules/tslib
10477 silly ADD node_modules/@tanstack/query-core
10478 silly ADD node_modules/use-sync-external-store
10479 silly ADD node_modules/@radix-ui/react-use-effect-event
10480 silly ADD node_modules/@radix-ui/number
10481 silly ADD node_modules/@floating-ui/utils
10482 silly ADD node_modules/@floating-ui/core
10483 silly ADD node_modules/@floating-ui/dom
10484 silly ADD node_modules/@radix-ui/rect
10485 silly ADD node_modules/@radix-ui/react-use-rect
10486 silly ADD node_modules/@radix-ui/react-arrow
10487 silly ADD node_modules/@floating-ui/react-dom
10488 silly ADD node_modules/@radix-ui/react-visually-hidden
10489 silly ADD node_modules/@radix-ui/react-roving-focus
10490 silly ADD node_modules/@radix-ui/react-popper
10491 silly ADD node_modules/@radix-ui/react-use-escape-keydown
10492 silly ADD node_modules/react-remove-scroll
10493 silly ADD node_modules/aria-hidden
10494 silly ADD node_modules/@radix-ui/react-portal
10495 silly ADD node_modules/@radix-ui/react-focus-scope
10496 silly ADD node_modules/@radix-ui/react-focus-guards
10497 silly ADD node_modules/@radix-ui/react-dismissable-layer
10498 silly ADD node_modules/@radix-ui/react-menu
10499 silly ADD node_modules/@radix-ui/react-use-size
10500 silly ADD node_modules/@radix-ui/react-use-previous
10501 silly ADD node_modules/@radix-ui/react-presence
10502 silly ADD node_modules/@radix-ui/react-use-layout-effect
10503 silly ADD node_modules/@radix-ui/react-use-is-hydrated
10504 silly ADD node_modules/@radix-ui/react-use-callback-ref
10505 silly ADD node_modules/@radix-ui/react-use-controllable-state
10506 silly ADD node_modules/@radix-ui/react-primitive
10507 silly ADD node_modules/@radix-ui/react-id
10508 silly ADD node_modules/@radix-ui/react-direction
10509 silly ADD node_modules/@radix-ui/react-context
10510 silly ADD node_modules/@radix-ui/react-compose-refs
10511 silly ADD node_modules/@radix-ui/react-collection
10512 silly ADD node_modules/@radix-ui/primitive
10513 silly ADD node_modules/@jridgewell/resolve-uri
10514 silly ADD node_modules/@jridgewell/sourcemap-codec
10515 silly ADD node_modules/@standard-schema/utils
10516 silly ADD node_modules/webpack-merge
10517 silly ADD node_modules/cross-spawn
10518 silly ADD node_modules/cosmiconfig-typescript-loader
10519 silly ADD node_modules/cosmiconfig
10520 silly ADD node_modules/@babel/helper-string-parser
10521 silly ADD node_modules/jsesc
10522 silly ADD node_modules/@jridgewell/trace-mapping
10523 silly ADD node_modules/@jridgewell/gen-mapping
10524 silly ADD node_modules/picocolors
10525 silly ADD node_modules/js-tokens
10526 silly ADD node_modules/@babel/helper-validator-identifier
10527 silly ADD node_modules/debug
10528 silly ADD node_modules/@babel/template
10529 silly ADD node_modules/@babel/parser
10530 silly ADD node_modules/@babel/helper-globals
10531 silly ADD node_modules/@babel/generator
10532 silly ADD node_modules/@babel/code-frame
10533 silly ADD node_modules/semver
10534 silly ADD node_modules/@babel/traverse
10535 silly ADD node_modules/@babel/helper-skip-transparent-expression-wrappers
10536 silly ADD node_modules/@babel/helper-replace-supers
10537 silly ADD node_modules/@babel/helper-optimise-call-expression
10538 silly ADD node_modules/@babel/helper-member-expression-to-functions
10539 silly ADD node_modules/@babel/types
10540 silly ADD node_modules/@babel/plugin-syntax-private-property-in-object
10541 silly ADD node_modules/@babel/helper-plugin-utils
10542 silly ADD node_modules/@babel/helper-create-class-features-plugin
10543 silly ADD node_modules/@babel/helper-annotate-as-pure
10544 silly ADD node_modules/zod
10545 silly ADD node_modules/vaul
10546 silly ADD node_modules/tailwindcss-animate
10547 silly ADD node_modules/tailwindcss
10548 silly ADD node_modules/tailwindcss/node_modules/resolve
10549 silly ADD node_modules/tailwindcss/node_modules/lilconfig
10550 silly ADD node_modules/tailwind-merge
10551 silly ADD node_modules/swr
10552 silly ADD node_modules/sonner
10553 silly ADD node_modules/recharts
10554 silly ADD node_modules/recharts/node_modules/immer
10555 silly ADD node_modules/react-scripts
10556 silly ADD node_modules/react-scripts/node_modules/type-fest
10557 silly ADD node_modules/react-scripts/node_modules/flat-cache
10558 silly ADD node_modules/react-scripts/node_modules/globals
10559 silly ADD node_modules/react-scripts/node_modules/file-entry-cache
10560 silly ADD node_modules/react-scripts/node_modules/espree
10561 silly ADD node_modules/react-scripts/node_modules/eslint-visitor-keys
10562 silly ADD node_modules/react-scripts/node_modules/eslint-scope
10563 silly ADD node_modules/react-scripts/node_modules/doctrine
10564 silly ADD node_modules/react-scripts/node_modules/@eslint/js
10565 silly ADD node_modules/react-scripts/node_modules/@eslint/eslintrc
10566 silly ADD node_modules/react-scripts/node_modules/semver
10567 silly ADD node_modules/react-scripts/node_modules/resolve
10568 silly ADD node_modules/react-scripts/node_modules/eslint
10569 silly ADD node_modules/react-scripts/node_modules/dotenv
10570 silly ADD node_modules/react-router-dom
10571 silly ADD node_modules/react-resizable-panels
10572 silly ADD node_modules/react-hook-form
10573 silly ADD node_modules/react-dom
10574 silly ADD node_modules/react-day-picker
10575 silly ADD node_modules/react
10576 silly ADD node_modules/postcss
10577 silly ADD node_modules/next-themes
10578 silly ADD node_modules/lucide-react
10579 silly ADD node_modules/lodash
10580 silly ADD node_modules/input-otp
10581 silly ADD node_modules/globals
10582 silly ADD node_modules/framer-motion
10583 silly ADD node_modules/eslint-plugin-react-hooks
10584 silly ADD node_modules/eslint-plugin-react
10585 silly ADD node_modules/eslint-plugin-jsx-a11y
10586 silly ADD node_modules/eslint-plugin-import
10587 silly ADD node_modules/eslint-plugin-import/node_modules/debug
10588 silly ADD node_modules/eslint
10589 silly ADD node_modules/embla-carousel-react
10590 silly ADD node_modules/dotenv
10591 silly ADD node_modules/dayjs
10592 silly ADD node_modules/date-fns
10593 silly ADD node_modules/cra-template
10594 silly ADD node_modules/cmdk
10595 silly ADD node_modules/clsx
10596 silly ADD node_modules/class-variance-authority
10597 silly ADD node_modules/axios
10598 silly ADD node_modules/autoprefixer
10599 silly ADD node_modules/@types/lodash
10600 silly ADD node_modules/@tanstack/react-query
10601 silly ADD node_modules/@radix-ui/react-tooltip
10602 silly ADD node_modules/@radix-ui/react-toggle-group
10603 silly ADD node_modules/@radix-ui/react-toggle
10604 silly ADD node_modules/@radix-ui/react-toast
10605 silly ADD node_modules/@radix-ui/react-tabs
10606 silly ADD node_modules/@radix-ui/react-switch
10607 silly ADD node_modules/@radix-ui/react-slot
10608 silly ADD node_modules/@radix-ui/react-slider
10609 silly ADD node_modules/@radix-ui/react-separator
10610 silly ADD node_modules/@radix-ui/react-select
10611 silly ADD node_modules/@radix-ui/react-scroll-area
10612 silly ADD node_modules/@radix-ui/react-radio-group
10613 silly ADD node_modules/@radix-ui/react-progress
10614 silly ADD node_modules/@radix-ui/react-popover
10615 silly ADD node_modules/@radix-ui/react-navigation-menu
10616 silly ADD node_modules/@radix-ui/react-menubar
10617 silly ADD node_modules/@radix-ui/react-label
10618 silly ADD node_modules/@radix-ui/react-hover-card
10619 silly ADD node_modules/@radix-ui/react-dropdown-menu
10620 silly ADD node_modules/@radix-ui/react-dialog
10621 silly ADD node_modules/@radix-ui/react-context-menu
10622 silly ADD node_modules/@radix-ui/react-collapsible
10623 silly ADD node_modules/@radix-ui/react-checkbox
10624 silly ADD node_modules/@radix-ui/react-avatar
10625 silly ADD node_modules/@radix-ui/react-aspect-ratio
10626 silly ADD node_modules/@radix-ui/react-alert-dialog
10627 silly ADD node_modules/@radix-ui/react-accordion
10628 silly ADD node_modules/@hookform/resolvers
10629 silly ADD node_modules/@eslint/js
10630 silly ADD node_modules/@emergentbase/visual-edits
10631 silly ADD node_modules/@craco/craco
10632 silly ADD node_modules/@craco/craco/node_modules/semver
10633 silly ADD node_modules/@babel/plugin-proposal-private-property-in-object
10634 verbose cwd /Users/admin/Downloads/saudi-pool-services/frontend
10635 verbose os Darwin 25.4.0
10636 verbose node v26.0.0
10637 verbose npm  v11.12.1
10638 verbose exit 0
10639 info ok
